id,Pregunta1,Pregunta2,Pregunta3,Pregunta4,Pregunta5,Pregunta6,Pregunta7,Pregunta8,Pregunta9,Pregunta10,Pregunta11,Pregunta12,Pregunta13,Pregunta14,Pregunta15,Pregunta16,Pregunta17,Pregunta18,Pregunta19,Pregunta20,Pregunta21,TOTAL
1,0,2,0,3,3,0,1,2,3,2,3,3,0,3,0,0,1,2,0,0,2,30
2,0,0,0,1,0,0,0,0,0,0,0,0,1,0,0,0,0,1,0,0,0,3
3,1,0,1,1,1,1,1,1,1,1,1,1,1,1,0,0,1,0,1,1,1,17
4,2,1,1,2,1,0,0,1,1,2,2,1,2,0,2,1,3,2,1,0,0,25
5,0,3,0,0,2,2,1,1,2,3,3,1,2,1,1,1,0,2,1,3,2,31
6,3,2,0,1,0,1,0,0,0,0,0,0,0,0,0,0,0,0,0,0,0,7
7,3,0,3,2,3,0,1,2,3,3,0,1,1,0,2,1,0,1,1,3,0,30
8,1,1,2,1,2,2,1,3,2,1,3,0,1,1,1,1,1,1,1,3,2,31
9,1,2,1,1,1,3,2,0,0,3,1,3,0,0,1,0,2,0,1,1,0,23
10,2,1,3,0,3,1,3,2,1,1,0,0,2,3,1,3,2,1,0,2,3,34
11,3,0,2,0,2,2,3,3,2,2,0,0,2,2,0,3,0,1,3,0,3,33
12,2,3,3,1,3,0,1,2,1,1,1,1,3,0,1,2,0,3,1,0,2,31
13,3,1,0,3,2,3,2,0,2,1,2,1,0,2,1,3,1,0,0,1,0,28
14,3,3,3,3,1,1,3,2,3,2,3,1,1,2,3,0,3,3,2,3,2,47
15,3,2,1,3,2,0,1,1,3,2,1,0,3,3,2,1,2,0,0,1,2,33
16,1,0,1,2,3,2,3,1,0,1,2,1,2,0,1,3,0,1,1,0,2,27
17,3,0,0,1,2,1,2,2,2,3,3,3,0,2,3,1,3,1,1,3,3,39
18,2,0,2,3,3,1,3,0,0,2,0,1,1,2,3,3,2,1,1,3,0,33
19,0,3,0,2,0,1,3,3,1,2,0,1,3,0,1,0,1,1,3,3,2,30
20,2,3,2,0,0,2,0,2,1,1,1,2,1,2,2,3,2,0,2,2,3,33
21,3,2,2,3,1,1,2,2,1,1,3,2,3,2,0,2,0,0,3,3,3,39
22,1,2,1,2,2,2,1,0,0,3,3,3,1,2,3,3,1,1,1,3,2,37
23,2,1,2,0,2,1,1,0,3,0,2,2,0,2,2,0,0,1,1,3,1,26
24,2,2,3,2,0,3,1,2,0,1,0,3,3,2,0,0,2,1,0,3,0,30
25,0,0,0,0,0,0,0,0,0,0,0,0,0,0,3,1,3,2,1,1,2,13
26,1,1,0,3,2,0,0,3,2,3,0,3,3,3,0,1,0,2,3,0,3,33
27,2,0,1,0,2,2,0,1,1,1,1,2,2,1,1,1,1,2,1,2,1,25
28,1,1,0,1,1,0,1,1,0,0,0,0,2,2,0,0,0,2,2,1,1,16
29,2,2,0,2,2,0,2,2,1,2,0,0,1,2,1,0,2,0,0,2,2,25
30,1,0,1,2,2,2,2,1,2,0,2,1,1,2,2,2,1,1,1,1,2,29
31,0,0,0,1,2,0,0,0,0,2,0,1,0,2,1,0,2,2,1,1,1,16
32,0,0,0,1,1,1,2,1,1,1,2,1,2,1,0,1,1,0,0,2,1,19
33,2,1,1,1,1,2,0,2,1,1,0,0,2,2,0,0,1,0,0,0,2,19
34,2,1,2,0,0,2,0,1,0,2,1,1,1,1,2,2,2,1,2,0,0,23
35,0,2,2,1,1,0,1,1,1,2,0,1,0,0,1,2,1,0,2,1,0,19
36,1,0,0,2,2,0,2,0,2,2,1,1,2,0,1,0,0,0,1,1,0,18
37,0,1,1,3,0,1,3,0,2,2,1,3,3,1,2,3,1,1,3,3,0,34
38,2,3,0,1,3,3,0,2,1,2,0,2,2,0,0,3,1,2,0,0,1,28
39,2,0,2,2,3,0,1,2,2,3,0,3,0,3,2,3,1,3,2,0,3,37
40,0,0,1,0,2,2,3,1,1,2,1,0,0,3,2,0,1,1,3,1,1,25
41,1,1,0,0,0,0,0,1,0,1,0,1,0,1,1,1,1,1,0,0,0,10
42,3,1,2,3,1,3,2,3,0,3,1,2,3,0,1,0,3,1,1,1,3,37
43,1,3,2,0,3,1,3,0,3,1,0,3,0,2,0,0,2,1,3,0,0,28
44,0,0,0,0,0,0,0,0,0,0,0,0,0,1,2,1,1,2,1,0,1,9
45,0,0,0,1,0,1,0,3,1,3,0,2,0,3,2,3,2,2,0,3,0,26
46,3,3,2,3,3,3,1,0,0,1,1,1,3,0,1,2,3,1,3,0,3,37
47,2,3,3,2,2,2,3,0,0,1,2,0,0,0,2,3,3,2,2,2,2,36
48,0,2,3,0,1,0,3,2,1,1,2,1,3,1,2,2,2,2,1,1,2,32
49,2,3,0,0,2,1,0,1,2,0,0,3,1,3,1,3,0,2,1,1,3,29
50,3,3,1,3,2,0,2,3,2,3,0,1,0,1,3,0,0,1,1,2,1,32
51,2,3,2,3,1,1,1,0,1,2,3,1,2,1,3,3,2,3,1,1,2,38
52,0,0,2,0,2,0,0,2,0,0,1,0,3,2,2,1,2,2,3,2,3,27
53,1,3,2,2,0,1,0,3,3,3,2,2,0,1,0,3,1,1,3,3,2,36
54,0,0,0,0,0,1,1,0,1,0,0,1,1,0,1,0,1,1,2,1,1,12
55,3,2,2,1,3,3,1,2,1,1,0,0,3,3,0,3,3,3,2,2,1,39
56,3,2,0,2,0,1,2,1,3,2,0,0,2,3,2,3,2,1,3,0,0,32
57,1,0,0,3,1,2,2,2,1,2,2,0,2,2,1,2,3,2,0,1,1,30
58,0,0,2,0,2,0,3,3,2,0,1,0,3,3,0,0,1,0,2,0,3,25
59,3,0,1,0,0,0,3,1,0,1,2,1,3,0,2,0,1,0,2,0,1,21
60,2,3,2,3,1,3,1,1,2,0,0,1,1,2,0,0,2,3,2,0,0,29
61,1,0,0,2,1,3,0,0,1,0,3,1,2,1,1,3,0,0,1,1,3,24
62,2,0,1,1,3,1,1,0,3,1,3,3,1,3,0,2,2,3,3,2,1,36
63,2,2,1,0,3,1,3,0,0,2,1,1,1,0,3,2,3,1,0,0,3,29
64,3,3,0,0,0,1,2,0,1,1,1,0,1,1,2,1,1,1,0,1,3,23
65,0,2,0,2,1,1,3,3,3,3,3,1,0,0,0,3,0,3,2,1,1,32
66,3,1,2,2,3,3,2,1,0,3,2,2,2,2,1,2,0,0,3,1,1,36
67,3,3,2,0,0,3,0,2,2,3,1,1,0,0,0,2,0,3,2,2,2,31
68,3,1,1,1,2,2,2,1,2,2,2,2,2,2,0,1,1,0,1,2,0,30
69,1,3,1,2,0,3,0,0,0,3,2,0,1,3,2,1,0,0,2,0,2,26
70,0,2,0,1,3,1,1,3,2,3,1,2,0,3,3,3,3,2,0,0,3,36
71,1,1,3,1,1,0,2,3,2,3,1,1,3,0,2,0,3,2,2,2,3,36
72,0,0,0,1,1,3,3,3,1,0,0,2,3,1,1,2,1,1,3,2,1,29
73,0,1,3,3,3,1,3,1,3,1,3,2,1,1,2,3,0,1,2,3,0,37
74,2,1,3,1,2,0,1,3,1,1,1,2,2,1,3,2,2,2,2,3,1,36
75,0,1,1,2,0,3,0,0,3,1,2,3,0,1,1,3,2,3,2,0,1,29
76,0,0,3,0,1,3,2,1,2,2,1,2,1,1,3,2,2,0,0,0,2,28
77,0,0,3,0,3,2,2,1,3,1,1,3,2,0,2,2,2,2,1,0,3,33
78,0,1,2,2,1,3,3,2,3,1,3,0,2,1,2,2,0,1,2,3,3,37
79,3,2,0,3,1,1,0,2,2,1,2,2,1,0,1,0,0,2,3,1,2,29
80,2,2,2,2,1,1,1,2,0,0,3,2,3,1,0,0,2,2,2,3,2,33
81,1,3,3,0,2,1,0,1,0,2,1,1,3,0,2,3,1,3,1,3,3,34
82,2,0,1,1,1,0,0,0,1,2,2,3,0,3,0,1,0,0,1,1,3,22
83,1,3,2,2,3,1,1,1,2,0,2,3,2,3,1,3,0,0,3,0,0,33
84,3,2,3,0,3,2,0,0,3,1,3,1,1,3,2,0,1,3,0,1,2,34
85,2,1,2,1,3,1,1,3,1,1,0,0,3,0,3,3,3,3,1,1,1,34
86,0,0,0,1,1,0,0,1,2,1,3,1,2,2,1,0,1,1,3,2,2,24
87,1,0,0,1,1,2,2,3,2,1,3,3,2,1,3,1,2,3,3,1,0,35
88,0,2,2,1,3,0,2,1,2,2,0,0,3,3,3,0,0,1,1,1,3,30
89,0,2,2,0,1,3,3,2,0,2,1,2,0,3,1,1,1,0,0,1,1,26
90,1,3,3,1,2,2,1,0,1,0,2,2,2,3,3,3,1,3,0,0,0,33
91,0,0,3,0,2,1,0,2,2,0,3,2,3,2,1,1,1,2,0,3,0,28
92,1,2,2,0,1,3,1,0,2,2,2,1,0,2,0,0,0,2,3,1,1,26
93,0,3,2,3,2,3,2,3,3,0,2,1,3,3,2,0,2,3,1,3,3,44
94,3,1,0,1,2,1,1,1,3,2,3,3,1,2,3,2,3,1,0,2,3,38
95,1,0,3,3,3,3,0,2,1,1,2,2,3,0,1,3,1,1,3,0,2,35
96,1,0,1,2,0,0,3,1,1,1,0,2,0,1,0,3,0,2,0,1,3,22
97,2,0,1,2,0,2,1,3,2,0,1,3,0,2,0,1,1,1,1,3,3,29
98,2,3,2,2,3,1,0,0,2,2,3,3,1,2,2,1,3,3,0,2,2,39
99,2,3,0,2,1,0,0,2,1,2,3,1,1,2,3,2,2,0,3,3,0,33
100,0,1,3,1,1,0,0,2,1,0,1,0,2,1,3,2,3,1,3,1,0,26
101,3,0,3,1,3,2,1,2,1,1,0,1,1,2,3,3,3,1,3,3,2,39
102,2,3,0,2,1,0,0,2,3,2,3,2,3,1,1,2,2,1,3,2,1,36
103,3,3,0,3,1,2,2,2,0,1,2,3,2,2,0,0,0,1,0,1,1,29
104,0,1,3,0,3,0,1,0,1,3,1,2,1,0,2,2,1,3,3,2,2,31
105,0,0,0,0,0,0,0,0,0,0,0,0,0,0,0,0,0,0,0,0,0,0
106,0,1,3,3,0,3,2,2,0,2,2,1,1,3,2,1,0,2,1,0,3,32
107,1,3,2,1,1,1,0,2,1,3,2,3,2,2,3,1,2,3,3,0,2,38
108,1,1,3,1,0,1,0,0,0,3,1,0,0,1,2,0,3,1,2,1,1,22
109,3,0,0,2,1,3,1,3,2,1,2,0,0,3,2,1,2,0,3,2,2,33
110,0,0,3,3,3,2,0,3,2,1,0,1,1,1,2,0,3,3,2,1,3,34
111,2,3,3,2,0,2,3,3,0,3,3,2,3,2,2,2,3,1,2,2,3,46
112,3,1,3,1,3,3,2,2,3,3,0,2,3,2,0,0,0,3,0,1,1,36
113,2,2,2,0,1,3,0,3,2,1,2,0,2,2,1,0,3,3,1,1,0,31
114,2,3,2,3,2,3,0,2,1,3,1,3,2,0,1,2,1,2,1,2,0,36
115,3,2,3,3,1,0,2,1,0,1,3,3,3,2,2,3,2,0,0,3,2,39
116,2,2,1,2,3,1,1,0,2,1,3,1,2,2,2,3,3,3,2,2,2,40
117,0,3,0,3,3,2,2,2,0,2,1,2,1,3,3,0,1,2,0,2,0,32
118,2,3,2,3,2,0,1,3,2,0,0,2,3,2,0,1,1,3,3,1,2,36
119,2,3,3,3,2,3,0,2,0,1,2,2,3,0,3,2,0,3,1,1,3,39
120,0,0,2,3,2,3,0,1,0,0,0,0,3,1,2,0,3,3,3,1,3,30
121,1,1,1,2,3,1,2,2,0,3,1,0,3,3,1,3,0,1,0,0,3,31
122,3,2,1,2,0,2,1,1,1,1,3,1,0,1,1,2,2,2,0,3,3,32
123,3,3,0,2,2,0,3,0,3,2,3,3,2,1,1,2,1,3,2,2,1,39
124,3,3,0,1,3,0,2,1,2,3,1,1,2,0,2,3,0,0,3,2,0,32
125,3,3,3,3,0,0,0,3,0,0,3,2,3,0,0,1,1,3,3,3,2,36
126,1,3,3,2,1,0,3,3,0,2,2,1,2,1,0,3,3,1,2,2,3,38
127,3,3,3,0,3,2,0,3,1,2,2,3,3,0,2,3,2,0,0,0,0,35
128,0,0,2,1,3,2,0,3,2,1,1,2,0,1,0,2,0,2,3,2,2,29
129,3,1,3,0,2,1,2,0,2,2,3,0,2,2,3,3,2,1,0,0,1,33
130,2,3,3,2,2,0,3,1,1,0,1,2,2,3,3,3,1,0,1,3,0,36
131,3,3,1,1,1,1,3,3,0,0,1,1,2,2,3,3,2,3,3,0,1,37
132,3,0,0,1,3,3,1,2,3,0,2,0,3,2,2,1,2,0,2,2,0,32
133,2,3,3,0,0,1,1,1,2,3,3,2,3,1,2,0,2,3,0,1,3,36
134,3,3,2,3,3,0,1,3,0,3,1,1,3,3,2,1,1,1,2,3,1,40
135,2,3,3,3,1,0,3,0,2,2,1,1,0,0,0,1,0,3,1,2,0,28
136,3,3,0,2,1,3,1,2,3,0,1,3,0,0,1,2,0,1,2,3,1,32
137,3,3,2,1,1,2,3,3,2,1,2,0,1,1,0,1,1,0,1,1,2,31
138,2,3,1,3,2,0,0,0,3,0,2,2,1,1,0,3,2,1,2,0,3,31
139,2,0,1,0,2,1,2,0,1,1,0,2,1,3,0,3,3,3,2,0,2,29
140,2,1,0,0,1,0,3,2,0,3,2,2,2,3,1,3,0,0,2,2,0,29
141,1,3,2,2,3,2,1,0,0,3,3,2,3,1,0,0,3,2,0,2,0,33
142,1,0,1,2,1,0,3,2,3,2,0,3,0,2,0,1,3,3,3,0,0,30
143,0,0,0,0,0,0,0,0,0,0,0,0,0,0,0,0,0,0,3,0,1,4
144,0,1,0,1,3,1,1,2,2,2,1,2,0,3,3,0,1,2,1,2,1,29
145,3,1,1,3,0,3,1,2,3,3,2,0,3,3,2,3,0,3,3,1,3,43
146,1,3,2,2,0,3,2,2,2,3,0,2,1,0,1,3,0,1,2,2,2,34
147,0,1,1,1,2,3,1,1,0,2,2,3,2,3,1,3,0,0,0,0,3,29
148,0,0,3,0,1,0,3,3,3,2,0,1,3,0,0,3,0,1,2,1,2,28
149,2,1,1,1,0,1,1,2,3,1,0,0,2,0,3,3,3,3,3,0,2,32
150,2,0,1,3,2,1,1,1,1,2,0,1,2,0,1,3,2,1,3,2,2,31
151,0,2,0,1,1,3,2,2,1,3,1,0,0,2,3,3,0,3,2,2,1,32
152,3,2,2,3,2,2,1,2,2,3,3,1,2,3,0,1,0,1,1,1,1,36
153,1,2,0,1,1,2,0,1,3,1,3,0,0,0,0,2,3,2,3,0,2,27
154,3,2,1,3,1,1,0,0,0,0,0,0,0,0,0,0,0,0,0,0,0,11
155,0,3,0,0,3,1,2,1,0,2,3,0,1,3,0,3,1,0,1,2,2,28
156,2,3,2,1,0,3,0,3,1,0,1,2,1,1,2,0,0,2,0,2,1,27
157,3,2,3,2,3,0,1,0,3,2,0,3,2,3,0,1,2,1,0,2,0,33
158,3,3,0,3,1,2,0,1,1,2,3,3,1,3,1,2,3,0,2,0,1,35
159,2,2,3,2,3,0,2,3,1,2,0,2,2,2,0,1,1,2,0,1,3,34
160,2,2,1,2,3,3,0,3,3,3,0,1,2,3,1,0,2,3,1,0,0,35
161,0,3,2,0,0,2,1,3,1,2,0,3,3,3,3,0,0,2,0,0,0,28
162,3,3,1,3,0,3,2,3,2,3,1,2,2,0,1,3,3,3,0,3,3,44
163,1,2,3,0,2,2,2,3,2,3,0,1,3,0,2,2,1,1,3,2,0,35
164,2,2,3,3,1,3,1,2,0,1,1,0,2,1,2,0,3,0,1,0,3,31
165,0,3,0,0,3,1,2,0,0,0,0,0,0,0,0,0,0,0,0,2,1,12
166,0,1,3,1,0,0,2,0,3,0,0,2,0,0,3,0,0,0,0,1,0,16
167,1,0,3,0,1,3,2,3,3,0,3,3,1,1,3,2,1,0,2,2,3,37
168,0,3,3,3,1,1,2,1,3,1,2,1,3,1,1,3,0,2,3,1,2,37
169,2,2,2,2,0,3,2,0,1,1,1,0,1,2,1,3,2,0,1,0,3,29
170,2,3,0,3,0,1,3,1,0,1,3,0,0,3,1,0,0,3,3,3,3,33
171,3,1,2,1,2,2,3,2,1,3,2,2,1,1,0,3,0,0,0,0,2,31
172,2,1,2,1,2,2,2,0,1,1,1,3,3,0,0,2,2,3,0,1,3,32
173,0,1,1,2,0,0,1,2,2,1,2,0,2,2,2,1,3,2,3,1,3,31
174,1,2,0,0,3,2,2,3,2,3,1,0,0,1,1,0,2,2,2,2,2,31
175,1,2,0,2,0,2,3,3,2,3,1,0,2,0,0,2,1,0,2,3,2,31
176,0,1,3,1,1,3,0,2,1,3,3,2,2,3,1,2,3,3,1,0,1,36
177,2,0,3,3,3,3,0,0,0,0,0,0,0,0,0,0,0,0,0,0,3,17
178,2,2,0,3,1,0,3,2,0,1,0,1,3,1,2,0,2,1,3,3,3,33
179,3,3,0,0,1,3,2,3,2,3,2,2,3,0,3,0,2,2,1,1,1,37
180,3,0,1,0,2,2,0,0,3,2,2,0,3,3,1,0,2,2,3,1,1,31
181,0,0,3,2,2,1,1,3,3,0,0,3,2,1,0,1,1,1,2,2,1,29
182,2,2,3,0,1,1,1,2,1,3,2,1,2,1,2,1,0,1,0,1,1,28
183,3,1,0,0,3,1,0,0,0,3,2,1,3,1,2,0,0,0,0,1,3,24
184,2,1,1,0,1,1,3,0,0,2,1,3,0,1,3,1,1,1,0,3,3,28
185,3,0,3,1,0,1,1,1,3,1,1,0,1,3,2,0,2,2,1,2,0,28
186,0,3,0,0,0,1,3,1,3,3,1,1,3,3,1,0,0,2,3,3,3,34
187,1,1,0,2,0,2,1,1,3,3,0,0,0,3,2,3,0,2,3,0,2,29
188,2,1,0,0,2,1,1,1,0,1,3,3,0,0,0,1,3,2,2,1,1,25
189,0,0,2,0,0,3,1,3,0,3,2,3,2,3,3,3,0,2,1,3,2,36
190,3,0,1,0,0,1,0,0,0,2,3,2,3,3,3,1,1,0,1,1,2,27
191,0,1,3,1,1,3,2,2,0,2,2,2,2,2,1,0,2,2,2,2,3,35
192,0,2,1,3,0,0,3,0,2,2,2,0,0,1,3,0,3,0,0,1,0,23
193,1,2,1,0,1,0,0,0,0,0,0,0,0,0,0,0,0,0,0,0,0,5
194,2,0,0,2,2,3,2,1,1,2,2,2,1,0,1,2,2,3,3,3,2,36
195,2,1,1,1,0,0,1,3,1,3,3,1,1,3,3,2,1,0,3,2,1,33
196,3,3,2,3,3,3,1,0,3,2,2,2,3,0,2,0,0,2,1,1,2,38
197,3,2,3,2,1,3,1,2,2,2,0,2,3,1,3,1,0,1,0,0,1,33
198,1,3,3,3,0,2,3,1,2,0,2,3,2,0,2,0,2,1,0,1,3,34
199,0,3,2,2,3,1,3,0,2,0,1,1,1,1,3,2,2,3,3,3,1,37
200,3,0,1,0,1,0,1,3,2,0,1,3,3,2,2,3,0,0,0,3,1,29
201,1,1,1,0,3,2,2,1,2,2,0,2,3,1,2,2,1,1,2,0,1,30
202,3,2,3,3,2,2,3,2,2,2,1,3,0,2,2,3,2,1,0,0,3,41
203,1,0,2,1,2,1,0,3,2,2,3,1,1,0,2,1,0,1,3,3,1,30
204,0,0,1,0,3,1,1,3,1,2,3,2,2,3,2,3,2,2,2,2,2,37
205,1,1,3,2,3,2,2,1,1,0,0,2,1,3,2,3,2,1,0,1,2,33
206,2,0,3,0,1,3,2,0,2,0,1,1,1,1,1,3,0,0,0,1,3,25
207,1,0,3,0,2,3,2,3,1,1,1,0,2,3,0,1,2,0,2,2,1,30
208,3,3,2,3,0,1,3,1,1,2,3,2,2,1,3,3,2,0,3,2,1,41
209,1,1,0,1,0,1,2,2,1,3,2,2,3,0,3,0,1,0,0,1,1,25
210,1,1,0,3,0,0,3,2,2,3,0,1,0,0,0,2,0,1,3,1,0,23
211,3,2,2,0,3,0,1,2,0,2,0,0,2,1,1,1,3,1,2,3,2,31
212,3,1,1,3,2,3,0,3,0,0,0,0,0,3,0,1,3,0,0,3,1,27
213,3,3,2,2,3,1,2,3,1,0,0,1,3,2,1,3,2,3,1,3,2,41
214,2,2,0,1,2,0,2,0,0,3,2,1,1,1,2,2,3,0,0,2,2,28
215,1,2,1,2,0,0,1,0,3,0,2,2,2,3,1,1,2,2,0,1,3,29
216,1,3,0,0,1,0,1,2,2,1,1,1,3,1,1,2,3,3,3,0,1,30
217,3,0,2,3,2,2,1,2,1,3,2,1,3,3,0,2,1,3,0,0,3,37
218,2,0,1,2,1,0,0,1,1,0,3,1,1,1,0,3,0,2,0,1,3,23
219,0,2,0,2,0,2,1,1,1,3,1,1,3,2,1,0,3,1,2,0,1,27
220,1,0,2,3,0,3,3,2,0,3,2,1,2,2,0,2,0,1,3,3,1,34
221,3,3,2,3,2,3,0,0,1,1,3,1,2,0,0,3,3,1,3,3,1,38
222,1,2,0,2,2,0,2,3,1,2,0,3,3,2,3,3,3,3,2,0,1,38
223,1,3,2,3,3,1,1,3,3,3,3,0,2,1,0,1,2,3,0,2,1,38
224,1,0,1,3,0,1,1,3,2,1,3,3,1,3,3,3,2,3,3,3,1,41
225,1,0,0,3,1,1,1,2,2,0,3,0,3,2,1,1,1,1,1,0,3,27
226,0,3,0,2,0,2,0,3,1,0,3,0,2,2,2,2,0,3,1,1,1,28
227,3,1,0,2,1,3,3,2,3,3,1,3,3,0,3,0,2,0,0,1,2,36
228,2,2,2,2,0,2,3,1,3,3,1,1,1,3,0,1,1,2,0,2,0,32
229,0,0,2,0,1,2,3,0,3,3,3,1,0,3,3,1,2,2,2,3,3,37
230,3,1,0,0,0,2,1,0,0,2,2,0,0,1,3,2,0,3,2,1,2,25
231,1,3,0,3,3,0,0,0,1,3,3,2,1,1,3,2,0,3,3,0,1,33
232,2,0,1,1,0,0,0,2,2,0,1,3,2,1,3,1,1,1,0,3,2,26
233,3,0,3,0,1,0,2,1,0,2,0,1,1,1,1,2,2,0,2,2,2,26
234,3,2,2,2,0,2,2,1,2,3,2,2,2,0,1,2,1,0,2,0,1,32
235,1,2,3,0,3,0,1,0,2,3,3,0,2,0,3,0,2,2,0,2,3,32
236,0,0,2,1,2,2,0,1,3,1,0,3,0,3,1,0,2,1,2,2,2,28
237,2,3,2,1,1,3,2,3,1,3,3,3,0,0,0,1,3,0,0,1,3,35
238,0,1,3,0,2,0,0,0,0,0,0,0,0,0,0,0,0,0,0,0,2,8
239,2,3,1,1,3,2,3,1,0,3,2,1,0,0,1,1,3,3,0,1,0,31
240,3,3,3,0,3,1,0,3,3,2,3,3,0,3,1,1,1,2,0,0,0,35
241,2,3,2,1,0,0,0,2,0,1,1,2,3,1,2,3,0,1,0,2,2,28
242,1,2,0,1,0,1,0,3,2,0,1,2,2,1,0,0,1,3,2,3,1,26
243,2,0,0,3,0,0,0,2,1,0,0,0,2,3,2,3,1,3,1,2,2,27
244,2,0,2,2,3,3,2,0,2,1,2,2,3,2,1,1,1,0,0,1,3,33
245,0,0,1,0,0,2,0,0,0,2,2,0,2,0,2,0,0,0,1,1,1,14
246,3,3,2,1,1,2,0,2,0,2,0,3,2,1,0,0,3,1,1,2,3,32
247,1,0,3,0,1,0,1,0,3,1,1,3,2,3,2,0,2,2,2,3,2,32
248,2,0,0,3,2,0,3,1,2,2,3,1,1,1,1,3,3,0,3,0,3,34
249,0,3,2,3,0,3,1,0,2,1,1,2,3,1,1,1,2,3,1,1,3,34
250,0,3,1,2,1,0,3,0,2,3,3,2,0,0,3,0,1,1,2,3,1,31
251,3,0,3,0,3,2,2,3,3,2,2,1,3,1,0,2,0,3,0,0,2,35
252,3,1,1,3,2,0,1,2,3,3,2,3,0,1,3,3,0,0,2,3,0,36
253,3,3,1,2,3,3,1,2,0,3,0,0,2,2,3,1,1,0,3,3,0,36
254,1,0,0,2,1,2,2,0,1,1,2,1,0,3,3,3,3,0,2,1,0,28
255,3,1,0,1,2,0,1,1,2,1,2,0,2,1,1,2,3,3,1,2,2,31
256,0,1,0,0,2,2,1,1,3,3,3,1,3,1,1,2,3,1,1,1,2,32
257,1,3,1,0,1,1,1,2,3,1,0,1,3,1,3,3,0,3,3,1,2,34
258,2,3,3,0,2,3,2,0,0,2,0,1,1,1,3,1,2,0,1,3,2,32
259,0,2,1,2,1,2,0,1,0,1,0,1,2,0,2,1,3,1,0,2,0,22
260,1,3,2,1,2,0,1,2,3,3,0,1,3,3,0,0,3,2,2,2,1,35
261,1,1,2,2,3,1,2,0,0,3,3,1,0,0,3,0,0,2,0,3,1,28
262,1,2,2,0,1,1,1,0,1,3,2,0,3,3,1,3,2,1,3,0,3,33
263,2,3,0,0,0,0,0,0,0,0,0,0,0,0,0,0,0,0,1,3,0,9
264,2,2,2,1,2,1,2,2,0,3,3,1,0,2,1,3,3,2,1,2,3,38
265,1,2,3,2,2,3,2,2,0,1,3,0,3,3,1,3,1,1,2,0,0,35
266,0,3,2,3,2,0,1,0,2,2,0,0,0,3,2,3,0,3,0,1,0,27
267,1,1,0,3,2,2,2,1,0,2,0,1,1,1,3,0,2,1,3,2,1,29
268,1,2,0,0,0,1,0,0,2,3,2,2,3,1,0,2,2,2,1,1,3,28
269,2,0,3,0,3,2,2,2,0,0,3,0,2,0,3,1,2,0,1,2,0,28
270,0,1,1,2,2,2,1,1,1,3,2,2,1,0,1,2,3,3,0,2,2,32
271,1,0,3,3,1,3,0,3,0,3,1,2,0,2,3,1,0,3,2,2,3,36
272,3,3,3,2,3,3,1,0,3,0,2,0,3,0,1,2,3,1,0,1,1,35
273,1,1,1,0,1,0,3,1,0,0,0,0,2,2,3,3,3,2,3,1,0,27
274,3,2,3,3,1,3,3,0,0,0,0,0,0,0,0,0,0,0,0,0,0,18
275,1,2,2,3,2,3,0,2,3,3,3,2,2,0,3,0,2,3,0,0,3,39
276,0,2,0,0,2,2,1,2,2,3,3,3,0,2,0,0,1,1,1,2,1,28
277,2,0,1,1,2,1,2,0,2,0,1,1,1,0,1,3,3,3,2,0,2,28
278,1,3,2,0,1,2,1,2,3,0,1,3,0,1,1,2,2,3,0,1,1,30
279,3,0,2,3,0,0,1,2,0,2,3,2,0,1,0,1,1,1,0,0,1,23
280,3,3,0,0,0,2,3,2,3,0,1,1,2,0,0,2,1,0,2,0,1,26
281,2,3,2,0,0,3,1,2,2,1,1,3,0,2,0,0,2,3,3,2,1,33
282,1,2,3,0,2,1,1,3,2,0,1,3,1,1,1,2,1,1,3,3,0,32
283,3,2,0,2,0,0,0,2,3,1,2,3,1,1,1,0,2,0,1,1,0,25
284,3,1,0,1,0,0,0,0,2,1,3,3,3,3,0,3,3,3,1,3,3,36
285,0,2,2,0,2,2,0,2,2,2,2,1,2,3,1,1,2,2,0,2,3,33
286,3,1,3,2,1,3,2,0,1,0,3,2,3,2,2,1,2,0,2,0,2,35
287,0,1,1,2,2,1,1,0,3,1,1,3,2,2,3,1,0,1,2,2,3,32
288,0,1,3,2,1,2,0,0,0,0,0,0,0,0,0,0,0,0,0,0,0,9
289,0,0,0,0,0,0,0,0,0,0,0,0,0,0,0,0,0,0,0,0,0,0
290,1,0,1,1,2,3,1,3,0,1,0,2,0,1,3,3,2,2,2,1,0,29
291,3,1,1,2,3,2,1,0,3,3,2,2,3,1,0,3,0,1,0,2,2,35
292,0,0,1,2,0,0,2,2,3,1,2,2,3,1,1,0,0,2,0,1,3,26
293,0,0,2,1,3,0,2,2,2,1,3,2,3,0,1,1,3,2,3,1,2,34
294,3,1,0,1,0,3,3,1,3,3,0,2,1,2,0,0,0,3,1,0,0,27
295,1,2,0,1,1,1,0,3,2,1,0,3,1,2,3,2,2,3,1,2,2,33
296,3,0,0,2,0,0,2,0,1,0,0,2,1,0,3,1,3,0,1,3,3,25
297,0,2,1,1,2,1,1,0,1,0,3,1,0,2,2,0,0,3,3,2,2,27
298,0,2,2,0,1,1,2,3,1,2,1,3,0,1,1,2,1,0,0,0,0,23
299,3,2,0,2,1,1,0,2,0,1,2,2,2,2,3,1,0,2,1,0,1,28
300,0,0,1,1,0,3,3,3,0,0,2,3,0,3,0,2,0,0,0,0,1,22
301,0,2,2,0,2,1,2,3,0,2,3,2,1,0,1,1,3,1,0,3,0,29
302,3,0,3,2,3,2,1,0,0,1,1,3,1,2,3,2,1,1,0,3,1,33
303,1,2,3,2,0,3,2,3,3,0,2,0,0,0,1,2,2,3,2,2,1,34
304,0,0,1,1,2,3,2,2,2,1,0,2,3,3,1,1,3,0,3,0,2,32
305,0,0,3,0,1,3,2,3,1,1,3,2,2,3,3,0,0,0,0,1,2,30
306,0,1,2,0,1,0,1,0,1,1,3,0,0,0,0,3,1,1,2,2,3,22
307,0,0,2,0,2,2,3,3,0,2,1,0,2,3,1,3,1,3,3,1,0,32
308,0,2,1,2,0,2,2,1,2,2,1,3,3,3,0,3,2,1,0,3,0,33
309,2,1,2,0,0,1,2,2,3,2,1,0,1,3,0,3,2,0,2,3,0,30
310,3,3,1,0,0,3,0,0,0,0,0,0,0,0,0,0,0,0,1,3,2,16
311,3,1,0,0,3,2,3,1,1,3,2,1,0,3,2,2,0,3,0,1,1,32
312,3,1,1,1,3,0,2,0,0,2,3,3,3,0,3,0,0,0,2,0,0,27
313,0,3,2,1,1,0,0,1,0,2,0,2,3,2,2,0,3,0,1,2,1,26
314,2,3,1,3,2,3,0,0,1,2,0,0,0,2,2,1,2,0,3,1,2,30
315,3,3,3,1,1,1,3,2,1,0,0,2,1,0,2,3,0,2,1,1,1,31
316,0,1,1,1,2,3,2,3,2,2,2,0,2,3,0,0,0,1,0,2,3,30
317,1,1,3,0,3,1,0,1,0,2,3,0,1,0,1,3,3,2,3,1,2,31
318,1,0,3,2,1,1,3,2,3,2,2,0,2,1,0,1,2,2,3,3,1,35
319,2,0,2,1,2,2,0,3,0,0,3,2,3,2,3,1,1,0,0,3,0,30
320,0,0,3,0,0,3,0,2,0,3,2,1,3,1,3,1,0,3,1,0,3,29
321,1,1,2,1,3,1,2,3,2,0,2,0,3,0,0,1,0,1,2,1,1,27
322,3,0,3,3,2,1,1,0,2,3,1,3,0,1,0,1,0,0,3,1,3,31
323,1,0,0,2,3,0,3,2,3,1,3,0,3,3,2,1,1,1,2,1,3,35
324,1,0,3,2,1,1,2,2,2,1,1,0,3,2,2,1,1,0,0,0,1,26
325,2,0,3,0,1,3,3,3,2,1,0,0,2,0,0,2,3,1,0,1,3,30
326,0,1,2,2,0,2,1,2,1,0,1,2,1,3,0,1,0,0,0,2,3,24
327,1,2,1,3,0,3,1,1,3,1,0,1,1,3,0,1,0,0,0,3,3,28
328,0,2,2,3,0,3,1,2,1,3,0,1,1,0,2,2,1,2,2,3,2,33
329,1,2,2,0,3,1,3,0,2,2,0,0,3,0,0,2,2,3,2,1,1,30
330,2,3,1,2,1,2,0,2,1,3,1,2,0,0,2,3,1,3,2,0,1,32
331,0,1,2,2,1,1,2,3,3,1,0,0,0,0,1,3,0,2,2,0,1,25
332,0,2,3,1,2,2,2,2,2,0,1,2,2,3,0,0,1,0,0,1,0,26
333,0,1,1,3,1,0,3,1,1,1,2,2,0,3,1,3,3,2,3,3,2,36
334,0,2,2,2,3,3,1,1,2,1,3,1,0,0,0,0,3,2,2,3,2,33
335,2,0,0,2,3,0,0,0,0,0,0,0,0,0,0,0,0,0,0,3,0,10
336,2,1,3,0,3,2,3,1,0,3,3,3,1,3,2,0,3,0,2,0,3,38
337,2,1,3,3,0,0,2,0,1,3,3,1,3,2,0,0,3,1,0,1,3,32
338,3,1,0,3,1,2,1,2,0,0,2,2,1,2,0,3,1,2,0,1,2,29
339,1,2,1,0,0,1,1,2,3,2,0,0,2,0,2,1,3,3,2,3,2,31
340,1,3,0,3,0,2,1,3,3,3,0,0,1,3,1,1,2,0,3,2,2,34
341,3,1,3,2,1,1,2,3,2,2,1,2,1,2,2,3,0,2,1,3,3,40
342,1,1,2,0,3,3,2,1,2,1,3,0,3,1,1,0,2,2,3,3,2,36
343,2,1,1,0,2,3,0,0,1,0,1,3,0,0,2,0,1,1,2,2,2,24
344,3,3,0,3,3,2,0,1,3,1,0,2,1,1,1,0,3,1,2,1,3,34
345,0,1,1,0,2,0,1,2,2,3,1,3,0,3,3,1,1,3,1,2,1,31
346,1,3,2,3,1,1,3,1,2,3,3,1,3,3,2,2,0,1,2,2,3,42
347,3,1,0,1,1,0,2,2,3,3,1,3,0,2,0,2,0,1,0,1,1,27
348,0,2,3,2,2,3,1,3,0,0,1,3,3,2,0,2,3,0,2,0,2,34
349,3,2,2,2,2,0,1,1,1,2,1,0,1,0,3,1,2,2,3,1,0,30
350,1,0,3,2,1,2,1,2,0,1,1,0,3,0,1,3,0,2,1,1,1,26
351,3,2,0,3,1,0,3,0,3,2,2,2,1,0,1,0,0,2,0,1,3,29
352,1,1,3,2,1,1,2,1,3,3,1,3,2,1,2,2,3,0,1,2,1,36
353,0,1,3,3,0,1,3,2,2,2,1,0,3,2,1,3,1,2,2,3,1,36
354,0,0,1,2,1,3,0,0,0,0,0,0,0,0,0,0,0,0,1,0,1,9
355,0,3,2,3,1,1,1,1,3,2,1,0,3,1,0,0,0,0,3,1,2,28
356,3,2,1,1,3,2,1,2,1,0,2,0,0,0,0,3,0,0,2,0,0,23
357,1,0,0,0,3,0,3,3,2,0,1,3,0,0,1,1,3,0,1,0,3,25
358,0,1,1,1,3,3,3,3,0,0,3,0,3,1,1,3,0,2,0,1,2,31
359,1,2,0,2,1,1,2,3,0,1,2,3,2,0,2,3,2,1,2,2,3,35
360,0,1,1,0,0,3,3,0,3,1,0,1,1,0,2,1,3,2,3,2,0,27
361,3,3,1,0,0,1,2,0,2,1,0,2,2,1,1,1,2,2,2,0,2,28
362,1,3,1,3,1,3,3,3,2,3,0,0,0,3,2,1,2,1,2,2,2,38
363,1,0,2,3,0,2,2,3,1,3,1,3,3,1,0,1,1,0,3,3,0,33
364,2,0,3,0,1,2,2,1,1,0,3,2,1,2,0,1,2,0,0,3,3,29
365,2,3,0,1,2,3,2,2,2,0,2,0,0,3,3,3,3,0,0,2,3,36
366,2,1,0,0,3,1,2,2,2,2,3,3,3,3,3,2,2,0,0,3,3,40
367,3,2,0,0,0,2,2,0,2,0,2,1,0,1,0,2,2,3,0,1,2,25
368,1,1,1,2,2,2,3,0,1,1,2,2,0,2,0,1,3,0,2,1,3,30
369,2,2,0,3,0,0,3,1,1,3,3,0,1,0,0,3,3,2,1,0,2,30
370,3,3,1,2,2,1,1,2,1,3,1,2,0,0,1,1,3,2,0,0,0,29
371,2,3,2,2,2,3,3,0,1,0,0,3,3,2,0,1,1,3,3,1,3,38
372,1,2,0,2,2,0,2,0,1,1,2,1,1,0,1,2,1,2,0,2,1,24
373,3,2,0,3,3,3,2,3,1,2,3,0,1,1,1,3,0,1,0,3,3,38
374,2,0,2,2,1,2,3,2,0,3,0,3,0,1,1,3,0,2,2,3,1,33
375,1,2,3,0,3,2,0,1,2,2,0,3,1,1,0,0,1,0,2,0,3,27
376,0,1,0,1,3,2,1,1,1,2,1,1,1,3,3,2,1,2,2,2,1,31
377,3,3,0,3,0,2,2,3,0,1,3,0,1,3,0,2,0,0,2,3,1,32
378,0,0,2,3,2,2,3,1,0,2,2,0,0,1,0,1,2,2,3,3,3,32
379,1,0,0,1,2,0,3,3,3,1,3,2,2,1,1,2,3,2,2,2,2,36
380,3,2,3,0,1,2,1,3,3,2,1,0,2,1,0,1,0,2,1,3,0,31
381,2,1,3,0,0,3,0,0,0,0,0,0,0,0,0,0,0,0,0,0,3,12
382,0,0,1,1,1,2,3,0,1,3,1,3,2,3,1,3,3,0,2,3,2,35
383,1,0,0,1,1,3,1,0,1,3,1,2,1,0,0,3,3,3,0,3,2,29
384,2,3,3,2,0,3,3,0,3,1,0,0,2,2,0,2,1,0,0,2,2,31
385,2,2,0,3,2,0,2,1,1,2,2,0,0,1,3,1,1,2,2,1,2,30
386,0,3,0,3,2,2,3,0,2,0,2,2,2,2,1,2,0,2,3,3,3,37
387,2,0,2,3,0,3,0,2,3,0,2,3,3,1,3,0,3,3,2,0,0,35
388,0,3,1,3,2,3,1,3,3,2,0,1,1,0,2,0,3,2,1,2,0,33
389,1,3,1,1,2,2,0,0,3,2,0,1,3,3,2,3,0,0,3,3,0,33
390,0,3,0,3,1,1,3,0,2,0,0,0,2,1,2,2,3,2,0,1,2,28
391,0,3,3,0,1,3,0,3,1,1,3,2,3,0,2,3,1,2,1,1,3,36
392,3,0,3,2,2,1,1,1,2,3,2,1,3,2,3,0,0,1,0,0,2,32
393,3,2,3,2,1,2,1,1,1,1,1,3,2,3,3,1,1,1,0,0,1,33
394,0,1,2,3,3,0,0,3,2,0,0,2,0,1,3,3,2,3,1,0,1,30
395,2,2,0,0,3,3,0,1,3,3,2,0,1,3,0,3,1,0,1,0,3,31
396,3,2,2,3,3,1,3,3,3,1,3,3,3,2,3,0,0,3,0,2,3,46
397,1,3,3,0,1,0,0,3,0,3,0,3,3,0,0,3,3,1,2,1,2,32
398,1,2,1,0,1,1,0,2,0,1,0,1,2,1,2,0,3,2,1,0,0,21
399,0,0,1,0,1,1,0,2,1,2,1,2,0,2,0,2,1,1,0,3,1,21
400,1,3,2,1,3,3,1,2,0,1,1,1,3,3,1,0,0,0,3,1,2,32
401,1,1,3,0,0,2,1,3,0,1,3,0,3,2,2,2,3,1,2,0,2,32
402,2,3,1,2,1,1,0,2,1,2,0,2,1,0,3,3,2,3,3,3,2,37
403,2,2,0,0,3,1,0,1,3,0,1,1,1,1,1,1,0,3,0,0,1,22
404,0,3,0,0,2,0,3,2,1,0,1,0,0,2,3,2,2,2,1,2,2,28
405,1,3,1,2,1,3,2,1,0,2,3,0,3,2,1,0,2,3,2,0,2,34
406,3,3,2,2,2,2,2,1,0,1,3,0,1,0,1,2,0,0,1,2,2,30
407,3,1,1,2,3,2,3,2,1,0,0,1,1,3,1,3,0,2,1,1,2,33
408,3,0,1,3,1,2,2,1,3,0,0,3,3,3,1,0,2,2,3,1,0,34
409,3,2,1,1,1,1,1,2,0,3,0,1,1,1,2,3,3,0,3,3,3,35
410,2,2,3,2,0,0,0,1,2,0,0,1,3,3,1,1,2,1,3,2,1,30
411,3,1,2,2,2,2,3,2,0,2,0,2,3,3,1,2,3,3,3,3,1,43
412,3,0,0,1,0,3,2,3,0,0,1,1,3,2,2,1,1,1,0,2,0,26
413,0,2,1,2,2,2,2,3,3,0,0,1,1,0,0,3,1,0,1,0,1,25
414,1,1,2,1,0,3,2,2,2,3,2,3,0,3,0,2,1,3,1,1,0,33
415,0,3,3,0,2,0,1,1,1,1,3,0,3,2,1,0,3,2,0,0,1,27
416,0,1,3,0,2,3,2,2,3,3,0,1,2,0,3,2,1,3,1,3,3,38
417,0,1,3,1,2,3,0,0,0,0,0,0,0,0,0,0,0,0,0,0,0,10
418,2,1,0,1,2,2,1,2,0,0,1,3,2,0,0,2,0,0,3,0,2,24
419,3,3,0,3,1,3,3,0,0,1,0,0,1,0,2,2,0,2,3,0,0,27
420,1,0,0,0,0,1,3,0,1,3,0,2,3,2,2,1,0,2,2,3,3,29
421,3,3,2,3,1,2,1,2,1,0,3,1,1,0,3,2,1,3,2,2,1,37
422,0,3,1,1,2,3,1,1,0,0,3,3,3,1,2,3,0,0,1,3,1,32
423,3,2,3,3,3,3,3,2,0,2,0,1,1,2,2,3,0,2,1,0,1,37
424,2,3,3,1,0,3,1,3,0,2,2,0,3,0,2,2,3,1,3,2,0,36
425,0,0,0,0,0,0,0,0,0,0,0,0,0,0,0,0,0,0,0,0,0,0
426,3,2,3,3,1,0,0,0,2,3,1,3,3,1,1,1,3,1,0,2,2,35
427,1,3,2,2,1,3,3,2,2,1,0,1,3,1,2,3,1,3,3,0,2,39
428,3,2,2,0,2,2,2,1,0,0,1,1,3,1,2,0,0,3,1,2,3,31
429,3,1,3,1,2,0,2,0,3,2,1,2,3,0,0,3,1,3,1,1,0,32
430,0,2,1,3,1,2,0,2,0,3,0,2,0,2,3,1,3,0,1,2,1,29
431,1,0,0,3,3,0,1,1,0,1,0,0,2,0,3,2,1,0,0,2,2,22
432,3,2,1,1,3,2,3,1,3,0,0,2,1,3,3,2,0,1,1,3,1,36
433,3,2,0,2,3,2,0,1,0,1,1,1,0,0,1,0,2,3,2,1,1,26
434,1,2,1,0,3,0,1,1,2,0,0,0,0,1,0,3,1,1,3,0,1,21
435,3,3,1,2,1,2,3,0,0,1,2,3,0,3,2,2,1,0,1,3,1,34
436,3,3,2,0,0,1,0,2,3,1,0,2,2,3,3,2,1,0,1,2,1,32
437,3,1,2,3,0,3,2,2,0,1,3,1,1,3,2,0,1,2,2,0,3,35
438,2,1,2,1,2,0,2,3,0,2,1,2,1,3,3,1,3,3,3,2,2,39
439,3,1,3,1,2,3,1,2,1,0,2,3,3,0,0,2,2,1,1,2,1,34
440,0,2,3,2,0,2,2,0,3,2,2,3,0,3,2,3,2,1,3,3,2,40
441,3,1,2,1,0,0,3,1,2,1,0,1,0,2,2,0,2,2,3,0,1,27
442,3,1,3,1,1,1,1,0,3,1,0,3,1,3,2,2,0,3,3,0,3,35
443,0,2,3,3,1,3,3,3,1,1,2,0,2,1,1,3,2,2,3,1,2,39
444,2,2,1,0,1,2,2,2,2,1,0,1,1,0,2,3,3,2,0,2,1,30
445,3,0,1,1,3,0,1,1,3,3,0,3,2,1,3,0,3,1,0,1,1,31
446,3,2,0,3,1,3,2,1,3,0,3,0,1,3,0,2,1,2,2,3,2,37
447,0,2,3,3,1,2,3,0,0,1,1,2,3,2,3,0,0,2,2,1,1,32
448,2,3,0,0,2,3,0,0,0,0,0,0,0,0,0,0,0,0,0,1,2,13
449,2,2,1,2,2,1,3,0,1,1,3,3,0,3,3,1,0,1,0,2,0,31
450,1,0,2,1,2,1,3,1,2,2,1,2,1,1,1,2,1,3,0,3,1,31
451,1,1,2,3,3,3,2,0,1,2,3,1,2,0,2,2,0,2,3,0,2,35
452,1,3,0,1,1,1,3,0,3,2,2,1,2,2,3,2,0,2,1,3,0,33
453,3,0,2,2,2,1,2,3,0,1,3,3,3,1,2,2,1,3,1,1,2,38
454,1,0,0,1,3,2,2,3,2,3,3,2,1,1,0,3,0,2,3,3,2,37
455,2,1,3,0,1,0,1,1,2,0,1,2,3,0,2,1,1,1,1,1,3,27
456,1,3,0,0,1,2,1,2,2,3,1,1,2,0,3,3,3,2,1,3,2,36
457,2,3,2,0,2,0,1,1,3,2,1,0,0,1,2,2,1,3,0,3,3,32
458,1,1,2,0,3,2,1,3,1,2,3,1,1,3,0,3,2,2,0,3,1,35
459,2,2,1,2,1,2,0,2,0,2,2,3,2,3,2,1,1,2,0,0,0,30
460,0,1,3,0,1,3,0,2,2,0,0,3,1,3,2,0,1,2,1,0,3,28
461,1,3,0,0,3,2,1,2,0,0,0,0,0,0,2,2,3,3,2,0,2,26
462,3,2,1,3,1,2,2,1,1,2,1,0,1,0,2,0,0,1,2,1,1,27
463,1,0,0,2,2,0,3,3,0,1,1,1,1,0,0,2,2,2,2,2,3,28
464,0,2,1,3,2,1,2,1,3,1,0,1,0,1,0,1,0,2,2,1,2,26
465,1,2,0,0,0,0,2,2,3,2,1,1,1,0,0,2,0,3,2,1,2,25
466,3,1,2,2,1,0,2,0,3,0,1,0,2,1,2,3,0,2,2,0,3,30
467,2,3,1,0,0,2,3,2,1,2,0,0,3,2,3,2,2,3,3,1,1,36
468,0,3,2,0,0,0,1,2,1,0,3,1,0,1,2,0,2,0,0,3,3,24
469,2,3,0,0,0,1,1,0,3,2,1,3,2,0,1,3,0,2,0,1,3,28
470,1,2,1,3,3,1,2,3,0,1,2,3,1,0,0,0,3,0,1,1,0,28
471,2,1,2,1,1,3,0,3,0,3,1,2,0,3,3,3,0,0,2,0,1,31
472,3,0,0,0,2,1,2,2,2,0,2,0,2,2,3,0,2,0,0,0,3,26
473,2,0,1,0,3,0,2,1,1,0,3,2,1,3,2,3,3,2,2,3,3,37
474,0,3,1,0,1,0,2,2,1,1,0,0,1,3,1,2,1,2,2,1,1,25
475,1,3,3,3,1,3,1,2,2,2,1,1,3,3,2,1,1,2,3,1,3,42
476,0,3,2,0,1,1,1,3,2,0,0,0,2,3,0,0,1,3,3,0,3,28
477,2,1,2,0,0,0,2,0,3,2,2,2,1,2,0,2,2,3,0,2,0,28
478,2,3,1,1,2,3,2,0,2,0,0,2,1,1,3,3,1,3,0,2,2,34
479,1,2,3,3,0,3,0,0,2,2,0,2,0,2,2,3,0,0,1,0,0,26
480,1,3,0,2,1,3,0,3,2,2,0,2,0,3,2,0,3,3,0,3,3,36
481,1,3,3,2,0,2,0,3,2,1,0,1,0,0,2,0,3,2,3,3,2,33
482,3,2,2,1,3,3,0,3,0,3,3,2,1,0,3,2,1,3,3,2,0,40
483,2,2,0,0,2,0,2,1,2,0,2,0,3,1,0,1,1,1,1,1,3,25
484,2,1,2,0,0,0,0,1,2,2,3,0,0,0,2,0,1,2,0,1,1,20
485,2,3,3,2,0,3,3,2,3,3,2,0,3,2,0,1,3,1,2,0,3,41
486,3,3,0,0,2,2,2,1,0,2,0,0,1,3,1,3,3,0,1,2,3,32
487,0,1,2,2,2,2,0,0,2,1,3,1,1,3,1,3,2,1,0,3,1,31
488,1,2,1,1,2,3,2,0,2,3,2,0,3,0,0,2,2,0,0,0,2,28
489,1,3,0,2,1,2,0,1,3,1,0,0,0,1,1,0,3,1,0,3,2,25
490,2,2,1,2,1,3,2,0,2,2,3,1,1,1,1,1,2,2,2,0,2,33
491,3,3,2,1,3,1,2,0,1,0,2,3,2,2,0,0,3,3,2,0,2,35
492,1,0,0,2,1,2,1,2,0,3,2,3,3,0,3,1,2,2,1,1,0,30
493,3,3,3,2,0,0,3,2,3,0,1,2,0,3,3,2,1,3,0,3,2,39
494,0,2,3,1,0,2,2,0,3,2,2,2,1,2,2,1,3,1,1,3,1,34
495,0,0,3,2,1,1,0,0,3,1,0,3,2,2,0,2,1,1,3,3,0,28
496,0,2,2,3,3,0,3,1,1,1,0,2,1,2,1,0,2,2,1,3,2,32
497,0,1,2,3,2,3,2,0,0,3,0,2,3,0,1,2,1,1,2,1,0,29
498,3,3,2,1,1,0,1,1,2,3,3,3,3,1,1,2,1,1,1,2,2,37
499,0,1,1,0,1,2,3,0,2,1,3,0,1,1,1,0,1,1,1,2,2,24
500,1,2,1,2,3,0,0,2,1,3,2,1,2,0,2,3,0,2,1,3,0,31
501,0,1,1,1,1,2,0,0,0,1,3,2,1,0,0,3,1,3,1,1,2,24
502,2,0,3,3,3,1,1,0,3,1,2,2,3,0,2,2,0,2,3,2,0,35
503,0,1,3,2,0,2,0,3,2,1,1,1,0,3,2,2,1,0,1,2,3,30
504,0,1,2,1,2,1,1,0,3,0,1,0,1,3,3,1,1,3,2,2,2,30
505,1,1,0,2,1,3,0,0,0,0,0,0,0,0,0,0,0,0,0,3,1,12
506,0,0,2,3,0,3,1,2,1,3,2,2,3,2,3,0,1,1,3,1,1,34
507,2,3,1,3,0,0,2,0,0,0,0,1,1,0,2,3,2,2,0,3,3,28
508,0,2,1,2,2,3,0,3,3,3,1,1,3,2,2,0,0,0,1,3,1,33
509,1,2,1,3,1,3,1,1,2,2,0,2,0,1,3,3,3,0,2,2,3,36
510,1,1,2,3,1,3,1,2,1,1,3,2,2,1,2,3,0,2,3,3,2,39
511,1,3,3,3,2,2,1,1,2,1,1,3,2,2,2,1,1,2,1,0,3,37
512,0,0,3,1,0,3,3,1,2,3,0,2,0,0,0,1,3,0,3,2,3,30
513,2,0,0,3,3,2,0,3,1,2,0,0,2,3,3,3,2,1,3,3,1,37
514,0,0,0,0,0,3,1,2,1,3,3,2,0,0,0,3,1,3,1,3,0,26
515,3,0,2,2,3,3,0,2,0,3,3,2,3,3,0,0,2,2,0,1,2,36
516,2,2,2,3,1,1,2,2,2,3,0,1,2,2,2,3,3,0,3,3,0,39
517,3,3,2,3,0,3,1,1,2,1,2,3,1,2,3,2,3,3,3,2,0,43
518,1,0,0,0,2,1,3,2,0,3,3,1,1,1,2,3,1,0,1,0,2,27
519,0,0,2,1,2,0,1,2,2,0,3,0,2,3,0,2,2,0,3,3,0,28
520,2,3,3,2,1,3,3,1,1,2,3,1,3,0,1,2,0,2,2,2,2,39
521,0,2,1,0,3,3,1,0,1,3,2,0,2,1,3,2,3,3,2,2,2,36
522,1,3,3,2,3,0,0,0,0,0,0,0,0,0,0,0,0,0,0,3,0,15
523,0,3,3,2,3,1,1,2,3,0,1,2,0,2,0,0,2,3,2,1,3,34
524,0,3,3,0,3,0,1,2,1,1,3,0,3,0,1,2,0,2,1,3,2,31
525,2,3,3,1,0,0,3,3,0,2,2,3,1,3,0,1,0,3,3,0,3,36
526,2,3,2,0,3,3,2,0,2,1,0,3,1,0,3,1,0,3,3,3,3,38
527,0,2,1,2,0,1,2,1,1,3,1,3,1,2,3,0,1,2,0,3,3,32
528,1,1,1,3,2,1,2,0,0,2,1,3,3,1,3,0,2,0,3,3,3,35
529,0,0,0,0,0,0,0,0,0,0,0,0,0,0,0,0,0,0,0,0,0,0
530,2,1,0,2,0,2,2,1,2,3,1,1,2,2,0,0,2,3,0,2,2,30
531,1,0,3,3,1,1,0,1,2,2,1,0,2,2,2,2,3,2,1,1,1,31
532,0,2,3,3,3,3,2,1,1,1,0,3,2,0,0,1,2,0,1,0,2,30
533,3,0,0,2,1,2,2,3,3,3,3,3,0,2,2,2,2,0,3,2,2,40
534,0,2,2,1,1,3,3,3,3,3,1,2,2,1,3,0,3,0,3,0,3,39
535,1,2,3,3,0,1,2,3,3,0,1,0,1,1,1,1,2,0,3,2,2,32
536,1,0,1,3,1,2,2,3,0,2,2,3,0,0,0,1,2,0,3,3,3,32
537,2,3,1,0,3,0,2,3,1,1,3,1,2,0,3,3,1,2,0,1,1,33
538,3,3,3,2,2,2,0,2,0,2,1,2,0,0,3,2,2,3,0,1,2,35
539,3,2,0,3,3,0,2,0,3,3,3,2,2,2,3,1,2,2,1,3,1,41
540,3,2,1,3,0,2,0,0,0,0,0,0,0,0,0,0,0,0,3,3,3,20
541,2,1,3,0,0,2,1,2,3,1,1,2,1,3,2,2,3,3,0,0,2,34
542,3,1,3,1,2,3,1,0,0,3,3,0,1,3,1,0,0,1,0,0,2,28
543,1,3,1,2,1,2,1,3,0,3,3,1,1,1,3,2,3,2,1,1,3,38
544,3,1,3,2,0,3,1,3,2,2,3,3,1,0,1,1,0,0,0,3,2,34
545,2,3,3,3,0,3,2,3,0,2,2,0,2,1,0,0,3,3,1,0,2,35
546,3,3,0,1,1,0,3,1,1,1,0,0,2,1,3,1,0,0,0,3,2,26
547,1,2,3,3,3,1,3,1,2,3,0,2,3,1,0,0,1,1,2,1,2,35
548,0,3,2,3,1,3,3,0,0,1,1,1,0,0,3,0,1,1,1,3,0,27
549,0,2,1,0,3,0,3,1,1,0,0,0,1,1,0,2,3,3,0,2,1,24
550,1,2,3,1,2,1,3,1,0,2,1,3,2,2,2,0,0,1,1,3,1,32
551,2,3,1,0,3,3,3,2,3,0,0,1,1,1,3,0,2,3,2,1,1,35
552,1,1,2,3,1,1,3,2,0,0,0,0,0,0,0,0,0,0,0,2,0,16
553,3,3,2,1,0,3,1,1,3,1,2,2,0,3,1,1,3,1,1,1,2,35
554,0,3,2,3,3,0,3,3,0,0,0,0,0,0,0,3,3,0,3,0,0,26
555,1,3,1,3,1,3,0,0,0,0,0,0,0,0,0,0,1,2,3,3,1,22
556,0,2,3,1,2,2,0,1,1,2,3,3,1,3,0,1,3,1,1,1,1,32
557,1,3,0,1,0,1,1,2,2,1,0,3,0,3,0,2,3,2,2,2,2,31
558,0,2,1,1,3,2,0,1,1,0,3,1,1,1,0,2,1,2,3,2,3,30
559,1,0,1,3,1,0,0,1,1,0,1,1,3,3,1,0,1,3,3,1,3,28
560,2,1,1,0,3,1,0,0,0,3,1,2,1,3,0,3,0,2,2,0,3,28
561,1,3,3,0,3,0,3,1,1,2,3,2,3,2,0,2,2,0,1,0,2,34
562,1,0,2,2,1,0,1,1,0,0,0,0,0,0,1,1,3,1,0,0,2,16
563,1,2,2,3,3,3,2,1,1,1,2,3,3,2,2,3,1,1,2,0,3,41
564,0,0,3,2,1,3,0,2,0,2,1,2,0,0,2,0,3,3,0,2,2,28
565,1,2,0,1,0,1,0,3,1,2,0,1,2,0,3,0,1,1,0,3,3,25
566,0,1,2,1,2,3,2,1,0,0,3,3,3,3,1,3,2,3,0,2,0,35
567,1,2,0,2,1,3,1,2,3,3,0,1,2,1,0,2,0,3,3,3,3,36
568,3,0,2,3,2,0,2,0,1,2,0,2,0,0,1,3,3,1,0,1,3,29
569,0,2,0,3,0,0,0,0,2,0,0,1,1,1,0,3,3,0,3,0,2,21
570,1,1,3,1,1,3,0,0,3,2,0,2,3,1,1,3,0,2,0,0,3,30
571,1,0,0,0,2,1,1,0,3,0,3,1,1,1,3,2,3,3,3,3,3,34
572,2,2,3,3,0,2,1,1,2,0,2,1,1,1,0,3,1,3,2,1,0,31
573,3,2,3,2,1,0,2,3,2,1,0,3,1,0,0,3,0,3,3,1,2,35
574,0,2,2,2,3,2,0,1,1,2,2,0,2,3,1,2,2,2,0,3,2,34
575,1,1,3,1,2,2,0,2,0,0,0,0,0,0,3,0,0,2,3,3,3,26
576,2,2,3,0,0,0,1,1,0,3,2,2,1,0,2,2,0,0,2,3,0,26
577,1,3,3,0,0,1,3,2,2,3,1,3,0,0,3,1,0,2,1,2,0,31
578,3,2,3,2,0,0,2,3,2,0,0,3,1,3,0,3,2,0,0,0,3,32
579,2,3,2,1,0,3,0,3,3,1,3,3,3,0,2,0,3,1,1,1,2,37
580,1,2,2,3,1,0,0,0,0,0,0,0,0,0,0,0,0,0,0,0,0,9
581,3,1,3,2,0,0,3,1,0,1,2,1,3,3,2,2,0,3,3,0,0,33
582,1,0,0,2,0,3,2,0,0,0,0,2,0,3,0,0,1,2,2,2,0,20
583,1,0,2,0,1,2,1,3,0,3,3,3,0,1,1,1,3,3,3,0,2,33
584,3,1,1,1,1,2,0,2,2,3,3,2,1,2,1,3,0,0,1,1,1,31
585,1,0,3,1,2,2,1,3,0,0,0,0,1,0,2,3,0,0,3,0,0,22
586,3,1,1,3,1,3,0,3,1,0,2,0,2,0,2,2,1,1,1,2,3,32
587,1,2,3,1,0,3,1,3,0,0,0,0,3,2,0,1,2,3,2,2,1,30
588,3,0,2,2,2,1,0,0,1,2,2,0,0,2,0,3,3,2,2,3,3,33
589,1,0,2,3,0,2,3,2,3,0,0,0,0,0,0,0,0,0,0,0,0,16
590,0,1,1,2,1,3,0,2,3,2,1,1,3,1,2,3,1,2,1,2,1,33
591,1,1,2,0,1,2,0,1,3,0,3,3,3,2,3,2,2,3,1,2,2,37
592,0,1,1,1,0,3,2,2,3,0,0,0,0,0,0,0,1,3,2,0,3,22
593,2,3,1,0,1,3,1,2,2,0,1,0,2,1,2,3,2,0,3,0,0,29
594,2,0,3,0,1,1,0,2,2,3,2,1,0,2,0,0,0,1,3,2,0,25
595,1,2,3,2,3,2,2,1,2,0,2,2,2,2,0,0,0,1,0,3,1,31
596,2,2,3,1,0,0,3,3,2,0,0,0,0,0,0,0,0,0,0,2,2,20
597,3,2,2,3,2,0,0,3,0,1,3,2,1,2,2,3,0,3,2,2,2,38
598,1,2,1,1,0,3,1,1,1,1,1,1,1,1,1,1,1,1,1,3,3,27
599,2,3,1,3,2,1,1,1,1,1,1,1,1,1,1,1,1,1,1,3,2,30
600,3,2,0,0,1,2,1,1,1,1,1,1,1,1,1,1,1,1,1,2,1,24
601,1,0,0,0,2,0,1,1,1,1,1,1,1,1,1,1,1,1,1,2,2,20
602,0,3,3,3,1,1,1,1,1,1,1,1,1,1,1,1,1,1,1,1,1,26
603,3,1,3,3,1,0,1,1,1,1,1,1,1,1,1,1,1,1,1,2,2,28
604,0,1,1,0,3,3,1,3,3,1,2,3,3,3,3,2,0,2,1,3,1,39
605,0,0,1,3,1,1,2,0,0,2,0,2,2,2,3,0,0,2,3,2,3,29
606,3,2,1,3,3,2,0,3,2,0,1,0,3,2,0,0,3,0,2,3,3,36
607,0,0,2,1,0,3,0,0,1,1,1,1,3,3,3,0,2,3,2,0,3,29
608,2,1,1,0,1,1,2,2,3,0,1,0,3,0,3,0,3,2,0,0,0,25
609,0,2,2,3,2,3,1,3,3,0,3,3,1,0,1,3,2,1,2,1,1,37
610,0,3,2,2,3,1,0,2,2,2,2,0,3,1,3,3,3,0,1,0,2,35
611,1,3,3,1,0,1,3,2,1,3,0,2,3,1,2,2,3,3,0,1,3,38
612,3,3,1,3,3,2,3,0,3,3,3,3,3,0,1,0,0,2,0,1,0,37
613,2,1,2,2,0,3,2,2,3,3,2,0,3,2,2,3,2,3,3,0,3,43
614,3,3,2,1,1,0,1,2,2,3,2,0,1,1,0,3,0,0,1,1,3,30
615,2,1,3,2,2,3,1,0,1,0,3,0,2,3,3,0,2,2,0,3,2,35
616,1,2,3,1,3,1,3,3,0,1,0,1,2,0,1,3,0,3,1,1,2,32
617,0,1,2,2,2,0,2,3,2,0,1,2,3,0,0,3,1,2,0,1,0,27
618,3,1,1,2,3,2,1,1,1,3,0,3,3,0,0,0,0,3,3,0,1,31
619,0,1,3,1,3,0,0,3,1,1,0,0,2,3,2,2,2,3,3,0,3,33
620,1,2,0,0,0,1,1,1,1,3,3,3,3,0,3,0,3,1,3,1,1,31
621,2,2,2,2,3,3,0,0,0,0,0,0,0,0,0,0,0,0,0,0,0,14
622,3,2,1,3,1,1,2,3,2,0,1,0,1,3,3,3,2,2,3,2,0,38
623,2,0,2,3,3,3,3,3,3,1,3,2,3,3,3,2,1,2,3,2,2,49
624,0,2,0,1,0,1,2,2,2,3,0,2,0,2,0,2,1,0,3,3,2,28
625,0,2,1,2,3,1,0,2,2,3,0,2,0,1,3,0,1,1,1,2,1,28
626,3,1,0,3,3,2,1,1,0,2,3,1,0,1,0,1,0,0,2,0,2,26
627,2,0,3,2,0,1,2,2,2,3,2,2,1,0,2,3,2,2,2,3,0,36
628,2,0,0,0,0,1,3,2,1,1,3,0,3,2,0,2,2,0,1,0,0,23
629,3,1,0,3,1,2,3,1,1,3,3,1,1,0,1,1,0,0,3,1,3,32
630,3,2,2,1,2,0,3,2,0,1,0,1,1,1,1,0,0,0,1,1,2,24
631,1,2,1,2,2,1,3,2,2,2,2,1,3,0,1,2,3,0,3,2,0,35
632,0,2,3,0,3,2,1,2,0,1,0,1,0,0,3,0,2,1,1,3,1,26
633,1,3,1,0,1,2,1,2,2,3,0,1,1,0,1,0,2,2,2,2,0,27
634,3,2,0,2,2,0,2,2,3,3,2,2,1,0,2,2,3,1,0,1,0,33
635,3,3,1,1,0,3,1,0,3,1,1,2,3,3,2,1,2,0,3,0,2,35
636,2,3,0,0,2,2,0,0,0,0,0,0,0,0,0,0,0,0,0,0,0,9
637,2,2,2,0,3,0,1,0,3,2,0,1,2,2,1,3,3,3,2,2,1,35
638,0,1,2,2,0,0,3,1,0,2,1,1,1,0,0,0,3,1,0,1,0,19
639,3,3,3,3,0,2,3,0,3,3,2,3,2,2,1,2,1,1,1,0,3,41
640,0,0,3,2,1,0,0,0,3,3,2,0,1,0,3,2,2,2,1,2,0,27
641,0,0,1,0,3,2,1,3,2,0,1,3,0,0,0,3,0,3,3,0,3,28
642,0,2,3,2,3,1,1,1,3,3,0,2,0,1,1,0,1,1,1,3,0,29
643,2,3,1,3,0,1,2,2,0,2,2,3,2,0,0,1,3,3,3,2,1,36
644,2,3,1,0,1,1,2,0,0,2,3,0,3,3,2,0,3,2,0,2,3,33
645,1,2,1,2,0,2,1,1,1,1,3,2,2,1,1,1,0,1,3,2,1,29
646,1,1,0,0,0,0,0,0,0,0,0,0,0,0,0,0,0,0,0,0,0,2
647,3,1,2,0,1,1,2,1,1,2,1,2,1,1,2,2,3,3,0,0,3,32
648,1,0,1,2,1,1,3,1,2,0,0,2,2,0,1,2,1,2,2,3,3,30
649,1,2,2,1,0,3,2,3,2,2,3,3,1,2,2,0,3,1,0,1,3,37
650,1,1,1,3,0,0,1,2,1,2,0,0,1,0,1,3,2,3,0,0,0,22
651,2,3,3,0,2,2,3,0,2,2,2,1,1,3,2,0,3,1,1,2,1,36
652,1,1,2,2,2,3,0,2,3,1,2,3,1,2,1,0,2,2,1,0,1,32
653,0,2,2,1,3,1,3,2,2,3,0,0,2,2,2,0,1,1,3,0,2,32
654,0,0,2,3,0,3,3,3,0,2,3,3,2,1,3,1,1,0,0,3,2,35
655,2,0,3,2,3,3,2,0,0,1,0,2,1,1,1,1,0,2,1,0,2,27
656,0,2,3,1,3,1,0,0,1,3,1,3,2,3,3,3,3,3,3,3,1,42
657,2,1,0,0,3,1,0,1,3,1,1,3,3,3,3,0,0,1,0,1,3,30
658,1,0,2,2,0,2,0,1,0,2,0,0,3,3,2,3,0,0,2,0,2,25
659,0,3,3,3,2,0,3,2,0,1,3,2,2,0,1,0,0,3,3,3,1,35
660,2,0,0,3,3,2,2,3,3,1,3,2,0,0,0,2,3,0,2,2,1,34
661,0,3,0,1,1,1,2,0,2,3,3,2,0,3,0,0,2,2,0,2,0,27
662,3,1,3,1,0,2,3,1,0,2,0,2,2,3,0,1,0,2,2,0,3,31
663,0,2,2,3,2,2,2,2,0,1,0,2,1,1,2,0,3,0,0,2,2,29
664,0,1,3,0,0,1,1,1,0,2,0,1,0,0,2,0,0,2,3,2,0,19
665,0,1,3,3,3,2,1,0,3,2,3,3,2,0,2,0,3,2,3,2,3,41
666,1,1,3,1,3,0,1,1,3,0,2,3,2,2,2,0,0,1,1,2,2,31
667,3,0,0,1,1,0,0,0,0,0,0,0,0,0,0,0,0,0,0,0,0,5
668,0,3,2,0,2,2,1,3,1,2,2,2,2,1,2,1,1,2,2,2,0,33
669,0,0,3,0,0,0,1,3,3,1,1,0,1,2,0,3,1,2,1,0,3,25
670,2,3,0,3,3,0,2,1,1,2,3,0,1,0,1,1,0,3,0,3,1,30
671,2,0,1,1,3,3,1,3,1,1,0,0,0,3,2,0,2,3,0,3,0,29
672,2,1,1,2,1,0,3,0,0,0,0,1,3,1,0,0,1,3,1,0,0,20
673,1,1,0,1,3,2,2,3,1,2,2,2,3,2,1,0,1,1,3,3,0,34
674,0,3,3,3,3,1,3,0,0,2,0,0,3,3,2,0,1,1,2,3,0,33
675,3,3,3,1,3,2,1,1,2,2,2,1,2,3,0,3,0,3,1,2,0,38
676,1,2,3,3,0,0,2,3,1,1,0,3,3,1,1,3,1,2,1,0,3,34
677,0,1,3,2,3,1,3,3,3,2,3,2,0,1,0,3,3,0,2,1,0,36
678,0,0,0,0,0,0,0,0,0,0,0,0,0,0,0,0,0,0,0,0,0,0
679,2,3,2,1,0,1,1,1,0,3,1,0,2,0,2,1,2,3,2,0,1,28
680,0,0,0,3,0,0,3,0,2,0,3,1,2,1,0,2,0,1,2,1,0,21
681,3,3,2,0,1,1,2,3,3,3,0,3,1,0,2,2,0,1,1,1,2,34
682,2,0,3,2,1,1,3,1,0,0,0,3,0,2,0,0,2,3,0,0,3,26
683,3,0,1,3,0,1,0,2,0,1,2,3,0,0,3,2,0,2,3,3,0,29
684,1,0,0,1,3,2,2,2,1,0,2,1,1,0,3,2,0,3,1,1,1,27
685,3,1,1,0,0,1,2,0,1,1,3,3,2,2,2,1,1,1,1,0,1,27
686,3,0,2,0,3,1,2,1,3,0,2,0,3,0,1,0,3,0,0,0,3,27
687,3,3,2,1,0,1,3,1,2,0,0,2,3,3,0,0,0,0,3,2,0,29
688,1,3,3,2,3,0,0,3,3,1,2,2,0,0,0,1,1,1,0,3,0,29
689,3,2,3,1,3,0,1,3,3,0,2,0,2,0,2,3,3,2,1,0,0,34
690,3,2,2,0,0,0,2,1,1,0,0,1,3,0,0,1,0,3,2,0,2,23
691,0,3,1,2,0,1,0,0,0,3,3,2,2,2,0,2,3,1,0,1,0,26
692,0,0,3,1,3,3,1,0,0,2,1,2,2,0,1,2,1,3,3,3,2,33
693,1,2,2,3,0,1,1,1,3,3,0,0,0,2,1,3,2,0,2,1,2,30
694,3,2,2,1,2,0,3,1,0,0,1,1,3,0,0,2,0,0,2,2,2,27
695,0,3,0,3,2,1,1,1,1,0,2,1,3,3,3,3,2,3,1,1,3,37
696,3,2,1,1,0,3,0,1,0,2,2,3,2,2,0,3,3,3,0,0,0,31
697,0,1,1,0,2,0,3,3,0,3,2,1,1,2,3,1,3,0,3,0,2,31
698,2,1,0,1,1,2,2,2,0,1,1,1,2,0,3,2,1,3,0,3,1,29
699,0,0,1,3,3,1,0,3,0,1,0,1,0,2,3,1,2,0,3,0,2,26
700,3,0,3,3,2,1,3,3,2,2,2,3,0,3,3,0,2,3,0,2,1,41
701,1,3,0,1,3,2,3,3,0,3,2,3,2,3,1,3,0,0,2,0,1,36
702,2,2,3,0,1,3,3,2,0,2,3,3,1,0,3,0,2,1,3,2,3,39
703,3,2,1,1,3,2,3,1,0,0,3,1,2,3,0,3,1,0,3,0,3,35
704,1,2,0,0,0,1,2,2,0,0,2,2,1,3,2,1,0,2,1,1,3,26
705,2,2,1,2,1,1,2,1,0,0,1,0,3,1,3,3,2,3,3,0,3,34
706,0,0,3,3,0,1,3,3,0,3,2,3,3,3,0,2,3,1,1,2,2,38
707,1,0,2,1,1,2,3,0,0,1,2,1,1,2,3,3,0,2,2,2,1,30
708,2,1,3,3,2,2,3,0,1,0,3,1,2,2,1,1,3,1,3,3,3,40
709,1,2,2,2,0,0,0,0,0,0,0,0,0,0,0,0,0,0,0,0,3,10
710,1,0,2,0,0,1,0,1,3,0,1,0,2,2,0,3,3,3,0,2,0,24
711,3,1,3,2,2,0,3,1,0,3,3,1,0,0,1,1,0,3,3,1,0,31
712,0,2,1,0,3,2,3,1,2,1,1,3,3,2,1,2,0,3,1,3,0,34
713,0,3,1,3,1,1,1,2,0,3,3,0,0,2,3,1,0,3,2,2,3,34
714,3,0,0,0,0,2,2,0,1,2,0,0,1,0,2,0,3,2,2,2,2,24
715,2,3,3,3,0,2,1,0,3,0,1,3,1,1,0,2,1,2,1,3,1,33
716,1,1,3,3,0,3,2,3,0,2,0,2,3,0,1,1,3,2,1,2,1,34
717,1,0,0,3,2,3,1,0,2,0,2,1,0,0,0,1,0,1,3,0,3,23
718,1,2,1,3,3,2,0,1,3,1,1,3,0,2,2,2,2,2,3,0,0,34
719,2,0,0,3,0,0,0,3,2,1,0,2,0,1,0,0,3,3,0,3,1,24
720,0,1,3,1,3,3,2,3,1,3,3,2,2,0,2,0,2,1,3,1,0,36
721,0,3,3,3,2,0,2,0,3,2,0,3,1,2,3,1,1,2,1,1,3,36
722,2,3,2,3,3,2,0,1,1,0,1,1,3,0,0,2,2,2,1,1,2,32
723,3,0,2,1,0,2,1,0,1,3,3,0,1,1,2,0,0,2,0,3,3,28
724,1,2,1,1,1,2,2,1,1,2,3,1,2,1,0,2,0,1,3,2,2,31
725,2,0,1,2,0,0,0,1,2,0,3,1,2,0,1,0,3,2,3,2,3,28
726,2,2,3,0,3,3,0,1,2,2,1,3,3,2,2,0,2,0,1,1,1,34
727,1,3,3,2,2,1,2,1,0,2,0,1,1,3,3,1,2,1,3,0,2,34
728,0,0,1,3,0,0,3,0,2,0,1,1,2,3,3,1,2,0,1,3,2,28
729,3,0,2,2,2,3,2,1,3,1,1,3,3,3,2,1,0,0,2,1,0,35
730,0,0,2,1,1,3,1,2,3,0,0,1,0,0,0,3,1,1,1,1,2,23
731,0,0,0,0,0,1,2,1,2,1,1,0,3,3,0,0,0,3,2,0,0,19
732,1,0,2,3,1,1,3,1,0,0,2,0,1,1,0,2,2,2,1,3,0,26
733,3,1,0,1,0,3,0,3,3,3,1,2,0,1,0,1,2,3,2,0,2,31
734,2,3,3,2,3,3,3,2,1,0,2,3,1,0,3,0,0,1,3,0,1,36
735,1,3,1,3,1,2,1,3,2,2,3,3,0,0,0,1,2,1,2,1,2,34
736,3,2,1,1,0,3,2,2,2,2,0,1,3,3,0,0,0,1,1,3,3,33
737,1,1,1,1,2,0,2,2,1,0,1,2,3,2,3,3,0,3,0,2,2,32
738,0,3,3,3,1,0,2,2,0,3,3,1,1,2,3,3,0,3,3,0,1,37
739,3,2,3,3,2,0,1,2,0,2,0,2,0,1,0,1,2,2,1,3,0,30
740,3,1,0,0,1,2,2,3,2,1,3,2,3,2,3,3,3,2,0,2,3,41
741,0,0,2,0,0,0,0,3,1,1,0,3,0,1,0,2,3,3,3,2,2,26
742,0,3,1,3,3,0,1,0,3,0,3,2,3,1,0,2,2,3,3,1,3,37
743,1,2,3,3,1,1,0,0,0,3,1,3,2,1,0,2,2,0,1,0,1,27
744,0,1,3,3,2,2,3,2,2,1,1,1,1,0,1,0,0,0,1,1,0,25
745,3,0,0,2,0,1,1,3,2,0,3,0,0,3,2,0,3,2,3,3,1,32
746,1,0,2,1,2,1,2,2,3,3,0,1,0,0,1,2,0,2,1,3,3,30
747,2,0,2,3,3,3,2,3,1,3,1,1,2,2,3,1,3,3,3,1,1,43
748,0,2,3,3,1,2,3,0,0,0,1,0,2,3,0,1,2,3,1,0,0,27
749,1,2,3,1,2,2,2,1,3,3,2,1,1,3,0,3,2,3,3,0,2,40
750,3,3,3,1,2,2,1,0,0,0,2,2,2,0,1,3,3,3,3,2,1,37
751,2,1,2,1,0,0,3,1,3,2,1,3,3,1,0,3,0,1,0,0,2,29
752,0,0,3,0,0,2,0,0,3,2,1,2,1,0,2,0,3,0,1,0,2,22
753,0,1,0,0,0,0,0,0,0,0,0,0,0,0,0,0,0,0,0,0,0,1
754,3,1,0,0,0,1,3,3,0,2,3,1,2,1,3,1,0,3,0,1,0,28
755,0,0,2,0,3,1,0,2,1,0,1,0,3,3,3,2,3,0,0,0,2,26
756,2,2,3,2,0,1,0,3,0,0,3,2,3,2,3,1,1,3,3,1,0,35
757,3,3,0,1,0,1,2,3,2,3,1,2,1,2,3,2,1,2,2,1,1,36
758,0,2,0,2,0,3,3,1,3,0,0,3,0,1,0,3,2,3,2,2,1,31
759,0,1,3,2,3,3,0,0,3,1,0,3,3,3,2,3,3,2,0,3,2,40
760,2,2,1,0,3,0,3,1,2,2,3,0,3,1,1,1,1,0,3,3,0,32
761,1,3,1,2,0,3,1,2,0,1,0,0,1,1,1,3,0,3,3,2,3,31
762,3,0,1,2,0,2,2,1,1,2,2,3,2,1,3,3,1,2,1,0,0,32
763,3,1,2,0,1,2,3,0,1,2,0,1,0,2,3,2,1,3,2,0,3,32
764,2,2,3,2,2,1,3,3,1,0,0,0,1,0,1,1,2,2,0,0,3,29
765,3,2,3,1,1,3,0,3,3,0,0,1,2,0,2,3,1,0,0,0,2,30
766,3,1,2,3,0,1,3,0,1,3,2,1,0,3,2,1,1,3,2,1,2,35
767,3,0,3,3,3,0,3,3,3,3,2,3,0,0,1,2,3,0,1,3,0,39
768,2,1,0,2,1,2,2,0,0,0,3,3,2,0,2,1,1,2,2,1,1,28
769,0,2,2,3,1,3,0,0,2,0,2,2,0,2,1,3,1,3,0,0,2,29
770,2,1,0,0,2,2,0,3,3,0,2,0,3,2,0,3,0,2,0,3,0,28
771,1,3,3,1,0,0,0,0,0,2,3,1,1,0,3,2,2,1,0,1,1,25
772,3,0,3,3,3,3,2,2,2,1,3,2,3,0,0,1,1,1,1,0,0,34
773,0,3,2,1,3,1,2,0,0,3,1,0,1,2,0,3,3,1,1,3,3,33
774,3,2,2,1,0,1,0,0,1,1,3,0,3,0,3,1,1,3,2,0,2,29
775,1,2,0,2,3,0,1,3,1,1,0,0,1,2,1,2,2,2,3,1,3,31
776,3,0,1,3,2,3,3,2,1,2,1,2,2,2,3,3,3,0,3,2,0,41
777,0,1,3,3,0,1,0,3,0,1,2,1,3,3,0,3,2,0,3,2,1,32
778,3,1,3,1,3,2,3,0,1,3,0,2,1,0,3,0,2,2,3,0,3,36
779,3,1,0,1,0,0,1,2,2,3,3,3,3,0,1,3,1,0,0,1,3,31
780,0,3,1,2,0,0,3,2,1,0,3,0,3,2,0,2,0,0,3,2,2,29
781,2,3,3,2,0,2,2,2,1,1,3,0,1,3,0,1,2,2,0,3,0,33
782,3,2,2,1,3,0,2,1,2,0,2,1,2,1,0,3,2,3,1,1,3,35
783,1,3,1,1,2,1,2,2,0,0,1,2,3,2,2,0,3,3,2,2,0,33
784,1,2,1,3,0,0,0,2,3,1,0,0,2,0,0,2,3,2,2,0,3,27
785,1,1,3,1,2,1,1,2,2,3,1,1,3,1,3,2,0,0,2,3,3,36
786,0,3,2,0,2,2,2,2,1,0,1,1,3,1,1,1,2,1,2,3,2,32
787,2,2,0,2,2,3,0,1,3,0,0,0,0,3,2,3,1,3,0,3,0,30
788,2,3,2,2,3,2,1,2,3,2,3,2,0,3,2,0,3,3,1,2,2,43
789,2,0,1,0,0,1,1,3,0,3,2,0,2,1,0,0,0,3,0,0,1,20
790,0,2,0,0,3,1,0,0,1,0,2,1,2,0,2,3,3,1,0,2,1,24
791,1,1,2,0,2,1,0,3,1,0,1,1,0,1,1,3,2,0,3,0,3,26
792,1,1,2,1,1,1,3,2,1,1,0,0,1,0,1,0,0,2,1,1,2,22
793,2,3,0,0,3,2,3,1,0,3,0,2,1,1,2,2,2,0,3,1,0,31
794,1,2,2,1,0,3,3,2,1,1,3,0,0,0,0,0,3,1,3,1,3,30
795,3,1,1,3,0,3,2,0,3,0,0,0,2,2,3,3,3,1,3,3,1,37
796,0,0,2,3,1,1,2,0,3,1,2,1,3,3,0,1,3,3,1,2,2,34
797,1,3,0,1,1,2,0,2,2,2,0,0,3,3,2,1,2,2,2,2,0,31
798,3,0,2,1,0,2,1,0,3,3,0,3,2,1,1,0,1,0,1,0,1,25
799,0,3,0,2,2,3,2,0,0,3,3,1,0,0,2,3,3,0,0,1,3,31
800,2,3,2,2,3,1,0,0,3,2,3,0,3,3,0,1,1,1,0,3,3,36
801,1,3,0,0,3,0,2,0,2,3,1,1,2,1,2,3,3,1,0,3,0,31
802,1,1,1,0,2,2,3,0,2,3,3,1,2,3,1,1,2,3,1,3,0,35
803,0,0,0,0,0,0,0,0,0,0,0,0,0,0,0,0,0,0,0,0,0,0
804,1,1,2,1,2,1,1,0,2,2,2,3,3,1,1,3,3,0,3,1,0,33
805,3,2,2,3,3,3,1,1,1,1,3,2,3,0,2,2,3,0,3,0,1,39
806,0,2,0,1,2,3,2,2,2,0,1,3,0,0,1,0,1,3,3,2,1,29
807,2,3,0,1,1,0,2,0,1,2,2,1,2,2,3,2,2,3,3,1,0,33
808,2,2,2,3,3,0,1,3,1,2,2,1,2,2,3,2,3,1,1,0,1,37
809,1,0,3,0,0,3,3,3,1,0,2,0,1,3,1,2,2,1,3,3,3,35
810,1,2,3,2,2,2,1,3,2,1,3,1,1,1,0,2,2,0,0,2,2,33
811,0,2,3,3,2,2,2,0,1,3,1,2,0,2,0,1,1,3,2,0,2,32
812,0,3,2,0,2,2,1,0,3,1,2,2,2,0,2,3,0,0,2,2,1,30
813,2,3,0,0,1,1,1,3,0,0,3,3,0,2,0,0,3,1,2,2,2,29
814,0,3,2,1,2,1,3,3,0,3,1,1,3,0,0,0,0,1,0,3,2,29
815,2,1,0,1,1,3,2,1,2,1,3,3,1,3,1,1,2,2,1,3,3,37
816,1,3,3,2,2,0,0,3,0,0,2,0,1,0,0,1,0,2,0,3,3,26
817,0,1,2,1,3,3,0,2,2,0,2,3,2,2,0,3,3,0,3,0,3,35
818,0,1,0,2,3,1,1,3,1,2,1,2,1,3,2,2,3,1,0,0,0,29
819,3,0,0,1,1,1,0,2,3,0,1,1,0,1,2,1,2,3,3,0,2,27
820,1,3,0,3,2,1,1,0,2,0,3,3,1,1,3,1,1,1,0,1,0,28
821,2,3,3,0,3,3,1,1,2,1,3,2,1,3,2,2,0,1,0,3,2,38
822,3,3,3,0,0,0,0,0,3,2,0,3,1,0,1,2,2,1,2,0,2,28
823,1,3,3,2,1,0,3,0,0,0,2,1,2,3,0,0,2,0,1,3,1,28
824,1,2,2,1,0,1,0,2,3,1,3,3,0,2,1,1,1,0,2,3,1,30
825,1,3,3,0,2,2,1,0,0,0,0,3,3,1,1,1,0,2,2,3,3,31
826,2,1,3,2,0,2,2,0,3,3,1,3,3,1,0,1,3,0,3,0,2,35
827,3,1,3,0,0,2,2,2,0,1,1,0,0,2,0,3,2,2,0,0,1,25
828,2,0,3,0,0,1,1,1,0,2,2,2,1,3,3,2,1,1,1,0,1,27
829,3,3,0,2,1,3,2,0,0,0,3,1,1,3,3,0,3,3,1,1,2,35
830,3,0,0,0,1,0,1,0,0,0,0,1,2,2,1,2,1,3,0,1,3,21
831,3,1,2,1,0,0,0,3,2,1,3,0,2,0,0,1,1,0,0,1,1,22
832,3,1,2,1,0,0,3,1,3,0,2,0,2,1,3,0,1,2,1,0,2,28
833,0,0,0,1,1,2,2,1,0,2,2,1,0,1,3,3,0,2,0,0,0,21
834,2,1,3,3,1,2,2,0,3,3,1,2,1,2,2,1,1,3,1,2,2,38
835,0,2,3,2,1,2,1,2,0,3,2,0,0,3,3,2,1,2,0,0,1,30
836,3,1,2,0,1,3,1,0,2,2,2,0,1,1,2,0,2,0,1,3,0,27
837,3,2,0,3,1,2,1,0,1,0,1,2,0,1,3,1,1,1,1,2,3,29
838,3,2,3,0,0,1,0,0,1,1,0,3,0,3,0,0,0,0,0,3,1,21
839,3,0,3,0,0,0,2,1,0,1,0,2,1,1,3,3,2,0,1,2,3,28
840,2,2,1,3,0,2,1,3,2,3,0,1,3,0,3,3,2,3,1,0,1,36
841,2,1,1,3,1,1,0,1,1,3,3,2,0,2,0,2,3,0,1,1,2,30
842,0,0,2,2,1,1,1,3,3,2,1,1,1,3,0,0,1,2,3,2,1,30
843,0,3,2,1,2,3,0,1,2,2,1,1,1,0,2,2,0,2,1,2,0,28
844,1,1,1,2,2,0,1,1,0,0,3,3,3,1,3,1,0,1,0,1,2,27
845,3,3,2,3,1,1,2,3,3,0,0,0,0,1,2,2,3,3,3,3,0,38
846,3,1,3,0,0,2,1,0,1,0,2,3,2,2,0,1,0,1,1,1,1,25
847,0,2,1,2,1,3,3,0,1,3,1,3,0,0,2,3,0,1,0,1,3,30
848,1,2,1,3,0,3,2,2,3,0,3,2,0,2,1,1,3,2,3,2,3,39
849,2,0,0,0,1,3,3,3,2,1,3,3,2,2,1,2,2,2,0,3,3,38
850,1,3,1,0,2,3,0,0,0,2,3,1,1,3,0,3,3,1,0,0,1,28
851,1,1,0,2,3,2,2,0,2,2,2,1,1,3,3,0,2,3,2,3,1,36
852,1,2,0,3,0,1,0,3,1,0,3,3,2,2,2,0,1,0,2,1,0,27
853,0,0,1,0,1,2,2,2,0,0,0,3,0,1,3,3,2,0,1,2,0,23
854,0,2,0,0,2,3,1,0,0,3,0,3,2,1,3,2,0,0,3,1,3,29
855,2,3,0,2,0,2,2,0,3,1,0,2,2,0,2,2,0,3,3,3,1,33
856,0,2,3,2,2,1,3,2,2,1,0,3,3,0,0,2,1,0,3,0,3,33
857,3,0,3,1,2,1,3,2,2,1,0,1,1,2,2,0,1,3,0,0,2,30
858,0,0,3,3,2,1,2,1,1,1,3,2,2,2,2,0,1,1,2,1,2,32
859,3,0,0,3,3,3,2,2,3,2,3,3,0,0,0,2,2,2,3,3,0,39
860,3,2,2,0,1,1,0,0,3,3,3,0,0,2,0,3,0,3,2,1,2,31
861,0,3,3,2,2,3,1,1,2,0,2,2,2,3,0,0,2,0,1,0,3,32
862,0,0,0,1,3,0,3,1,0,3,1,3,0,3,2,2,3,1,3,2,0,31
863,2,2,2,3,3,0,3,2,2,2,1,3,0,1,1,0,3,2,3,1,1,37
864,2,0,3,3,3,1,1,3,2,3,1,3,0,2,0,0,3,0,2,1,1,34
865,1,2,3,0,0,3,1,0,3,3,0,1,3,0,0,3,1,3,0,3,2,32
866,1,0,0,1,1,1,1,0,1,1,1,1,1,0,0,0,0,0,1,0,0,11
867,1,1,1,1,0,0,0,0,1,0,0,0,0,0,0,1,1,1,0,0,1,9
868,0,0,0,1,0,0,0,1,0,0,1,0,1,1,0,1,0,0,0,0,0,6
869,1,0,1,1,1,0,1,1,1,0,1,1,0,0,1,1,1,1,1,1,1,16
870,1,0,0,0,0,0,0,0,0,1,0,1,0,1,1,1,0,0,1,1,0,8
871,1,2,0,1,3,1,1,0,2,1,2,3,1,1,2,1,1,3,2,0,2,30
872,0,1,1,2,2,2,2,2,0,3,1,3,2,3,2,1,1,2,1,0,1,32
873,1,0,0,0,3,1,2,1,2,0,0,1,1,1,3,2,2,1,1,1,3,26
874,3,1,3,1,2,3,3,0,1,0,1,3,2,0,2,0,0,1,2,1,0,29
875,1,2,1,1,1,1,3,1,3,1,2,3,3,1,0,2,1,0,2,3,3,35
876,3,3,0,2,0,1,3,0,0,3,3,3,2,0,1,1,3,0,0,0,2,30
877,3,0,1,0,2,1,2,1,1,0,1,0,3,0,2,3,3,3,2,0,0,28
878,0,2,2,2,0,3,0,2,2,2,3,2,3,2,1,3,0,0,2,2,2,35
879,3,3,2,2,3,1,1,1,3,0,2,1,3,1,3,3,0,3,0,3,0,38
880,0,2,0,2,2,2,1,3,0,2,2,3,1,1,3,3,2,3,3,1,3,39
881,2,0,1,0,1,1,3,0,3,1,1,1,3,2,1,0,3,0,2,1,1,27
882,3,0,0,2,0,3,3,1,0,3,2,1,3,2,0,3,0,3,0,2,3,34
883,3,0,0,0,2,3,2,0,2,0,2,3,3,1,3,3,0,1,0,1,1,30
884,3,1,1,0,2,0,0,1,2,2,3,3,0,3,1,1,0,0,2,0,3,28
885,1,1,1,0,3,1,1,3,1,3,0,0,2,2,1,2,1,1,3,0,0,27
886,1,2,2,0,2,2,3,3,2,1,0,0,3,1,2,3,2,1,0,2,0,32
887,1,3,0,0,0,3,0,1,2,0,3,0,1,2,0,3,0,3,2,2,2,28
888,2,1,0,3,1,0,2,0,2,2,2,1,0,2,2,2,1,0,3,2,1,29
889,3,2,0,0,0,0,3,3,1,1,2,3,3,1,2,1,1,0,1,0,2,29
890,3,2,2,1,3,0,2,0,1,3,2,0,2,1,0,2,3,2,2,1,2,34
891,3,2,0,2,3,1,1,3,1,2,0,3,1,1,2,2,3,2,2,1,3,38
892,2,2,2,3,2,2,3,0,0,3,2,0,3,1,2,1,0,0,3,0,2,33
893,3,3,2,2,3,0,1,2,0,0,0,3,2,1,0,2,1,2,3,0,2,32
894,2,3,1,0,1,0,3,1,3,1,2,2,3,1,0,1,3,1,0,3,2,33
895,1,1,0,0,3,3,3,0,0,0,3,0,1,0,2,3,1,2,1,1,2,27
896,1,2,3,3,2,1,3,2,2,3,1,1,2,3,3,2,3,1,0,2,3,43
897,2,0,2,2,3,1,1,3,3,2,3,1,3,0,3,2,3,0,0,1,2,37
898,0,2,3,2,1,3,2,0,0,2,3,2,0,1,1,1,2,0,1,1,0,27
899,1,3,3,0,3,1,0,2,2,2,2,2,0,2,0,0,1,0,0,2,1,27
900,3,1,3,0,0,1,0,1,0,2,0,2,0,1,2,2,2,3,2,0,2,27
901,3,1,1,1,1,2,0,1,0,3,3,1,1,0,2,3,1,0,2,3,3,32
902,3,3,0,2,0,0,1,0,3,0,0,0,2,3,3,2,0,1,1,2,0,26
903,0,0,1,1,2,3,0,2,3,3,3,1,0,1,1,3,0,1,3,0,0,28
904,2,1,3,2,3,0,3,2,2,1,3,0,3,3,0,0,1,1,3,0,3,36
905,1,1,1,3,1,3,0,3,3,3,2,1,3,3,2,0,3,2,0,2,1,38
906,1,3,2,2,2,2,1,0,2,1,1,1,0,1,3,2,3,3,1,2,3,36
907,2,0,1,3,2,3,3,2,0,0,0,1,2,2,1,2,1,2,2,0,3,32
908,1,0,2,2,0,0,1,3,0,2,3,0,1,0,3,3,3,1,1,0,1,27
909,0,3,1,3,2,3,1,2,1,1,2,2,0,1,2,3,0,1,1,0,3,32
910,1,3,0,1,2,1,0,3,3,1,1,0,0,0,2,1,1,0,3,3,1,27
911,1,0,1,1,0,2,2,3,0,1,3,1,1,2,1,3,3,0,0,0,3,28
912,0,3,1,1,1,0,3,2,1,2,2,0,0,0,1,2,0,2,3,2,0,26
913,0,3,2,2,3,3,0,2,2,1,2,3,3,2,1,0,1,3,0,3,0,36
914,2,3,2,0,1,1,0,0,1,1,3,3,3,3,0,2,0,0,2,2,1,30
915,2,2,0,1,0,3,0,1,1,3,3,3,3,3,0,2,0,0,2,0,0,29
916,2,3,2,1,2,1,2,0,0,2,1,1,1,2,0,0,0,2,2,1,0,25
917,1,0,0,0,0,3,3,3,2,1,2,3,3,3,1,0,0,2,0,1,1,29
918,2,3,1,3,1,2,3,3,0,2,2,1,0,3,1,2,3,1,3,3,1,40
919,2,1,3,0,2,2,1,0,0,3,1,3,2,3,1,3,0,2,0,0,2,31
920,2,1,3,0,1,1,0,1,1,0,1,3,0,1,2,2,0,3,2,1,0,25
921,3,2,2,3,3,0,1,0,1,2,3,2,1,2,2,2,2,0,0,0,1,32
922,0,1,1,1,0,3,1,2,3,2,3,2,1,1,1,2,0,0,3,1,3,31
923,1,2,3,1,2,1,3,3,1,3,0,0,2,3,3,1,3,3,3,0,2,40
924,2,0,3,3,3,1,1,0,0,0,0,2,2,1,2,0,2,0,3,2,0,27
925,2,3,1,2,1,3,3,1,1,0,2,3,0,3,0,3,0,2,2,0,2,34
926,2,0,2,3,2,0,2,1,3,2,0,0,2,3,0,0,1,1,2,1,3,30
927,2,3,2,1,0,0,2,0,2,1,3,0,2,0,2,0,0,1,0,0,1,22
928,0,0,2,1,0,1,3,0,1,2,3,2,0,2,3,2,0,2,2,2,1,29
929,1,1,1,3,3,1,3,0,0,0,3,0,0,0,2,1,1,3,2,1,2,28
930,3,3,1,1,0,0,0,3,1,0,0,1,3,0,2,3,0,3,1,3,3,31
931,2,3,2,2,1,0,3,0,2,2,2,2,1,3,3,3,3,2,3,1,2,42
932,0,0,2,3,2,0,1,3,1,3,3,2,0,1,3,1,2,3,2,2,2,36
933,0,3,0,1,3,2,2,3,3,1,1,2,2,0,1,0,3,0,0,2,3,32
934,0,1,2,2,3,0,0,2,2,3,0,3,3,3,1,3,1,0,1,2,1,33
935,0,1,3,1,3,1,3,0,0,2,2,3,1,0,1,1,0,3,0,1,2,28
936,0,0,0,0,0,1,0,0,0,0,0,0,0,0,0,0,0,0,0,0,0,1
937,0,0,1,3,0,2,1,1,2,2,1,1,3,2,0,0,2,0,3,3,1,28
938,0,0,3,2,0,2,0,2,1,1,3,3,0,1,1,2,0,0,3,0,2,26
939,2,1,1,1,1,3,1,3,3,2,0,3,2,1,2,3,2,0,0,3,0,34
940,2,3,0,2,1,2,0,2,1,3,1,0,1,2,1,1,3,0,3,0,1,29
941,1,1,3,2,3,3,3,1,2,0,2,2,3,0,0,3,1,0,0,0,2,32
942,1,0,0,3,3,0,2,3,2,3,1,0,1,1,0,3,0,0,1,1,3,28
943,2,2,3,0,0,2,0,1,2,3,0,1,0,1,2,2,3,1,3,3,2,33
944,0,0,0,0,0,0,0,0,0,0,0,0,0,0,0,0,0,0,0,0,0,0
945,2,3,2,1,3,0,1,0,3,1,2,0,3,0,3,1,0,1,3,1,2,32
946,0,3,3,2,1,2,0,1,1,0,2,3,2,3,2,0,3,2,3,1,2,36
947,1,3,0,3,2,2,1,0,2,3,3,1,0,2,1,3,1,3,1,3,1,36
948,2,1,2,1,2,2,1,0,2,3,1,0,2,1,3,2,3,3,0,1,3,35
949,0,0,2,2,1,1,0,3,3,2,2,3,2,1,0,0,1,2,0,3,3,31
950,0,1,3,2,2,0,2,1,0,1,0,2,0,3,3,2,0,0,1,2,0,25
951,3,3,2,0,2,2,3,2,2,1,0,3,0,3,0,3,3,0,0,1,1,34
952,2,0,3,0,1,2,0,3,2,0,3,3,2,2,3,3,3,1,0,1,2,36
953,3,3,2,3,2,3,1,1,0,2,0,1,2,1,0,2,3,0,3,0,2,34
954,0,1,1,0,2,3,1,0,1,3,1,1,2,1,2,0,1,0,0,2,0,22
955,0,0,2,2,1,1,0,3,1,2,3,3,1,1,1,2,2,2,2,1,2,32
956,1,0,2,0,3,3,2,2,0,1,1,1,2,3,2,2,3,2,0,2,2,34
957,0,1,3,3,1,2,2,3,3,0,1,3,3,3,3,3,3,0,0,2,0,39
958,0,0,0,2,1,1,3,0,0,0,3,2,0,3,1,3,3,1,2,2,2,29
959,0,3,3,2,3,2,2,2,1,1,0,2,1,0,1,3,2,0,1,2,0,31
960,0,2,3,2,1,2,1,2,2,1,0,3,2,2,0,2,0,3,3,3,2,36
961,0,1,0,1,3,0,2,2,2,3,2,2,0,2,3,1,2,0,1,2,3,32
962,2,2,1,0,2,3,0,1,3,1,3,0,3,2,2,0,0,1,2,1,3,32
963,0,1,0,2,1,3,1,3,1,1,1,3,0,2,3,2,3,2,3,1,0,33
964,3,3,0,3,1,2,1,0,1,1,1,2,3,0,2,0,0,2,2,0,3,30
965,3,1,0,1,3,1,2,0,2,3,1,1,0,1,0,3,1,1,2,0,1,27
966,1,2,0,0,2,0,3,3,2,3,1,3,1,3,3,2,2,1,0,3,2,37
967,2,0,1,3,3,3,0,3,2,2,0,2,2,3,3,1,2,2,3,1,1,39
968,2,2,0,1,2,0,2,2,1,1,2,3,3,0,2,3,3,1,3,3,3,39
969,3,2,1,3,0,3,2,3,2,0,0,2,1,1,2,0,0,0,0,1,0,26
970,1,0,1,2,2,1,1,3,2,2,1,3,2,2,2,3,2,0,3,0,1,34
971,3,1,2,3,2,2,3,2,1,1,1,2,1,3,2,1,1,2,1,2,2,38
972,0,2,2,2,1,1,3,3,2,2,2,1,0,3,3,2,1,1,1,0,1,33
973,1,1,1,3,0,2,1,0,3,1,1,2,1,2,2,0,2,0,2,3,0,28
974,1,1,3,2,1,1,1,1,0,3,3,1,2,3,2,0,3,0,2,0,0,30
975,2,1,1,3,3,2,3,3,0,1,1,2,0,3,3,2,1,3,0,2,1,37
976,2,2,3,3,0,1,0,1,0,2,1,3,0,2,0,3,2,0,3,0,0,28
977,0,2,0,3,0,0,1,3,1,1,1,0,3,1,0,2,3,2,0,0,1,24
978,3,0,0,3,0,3,2,0,2,0,1,2,1,2,1,0,0,2,1,0,3,26
979,1,3,3,3,2,2,0,2,0,0,3,1,0,1,0,2,0,0,0,1,0,24
980,1,2,2,2,1,0,3,2,0,0,2,1,3,2,0,3,0,2,1,0,3,30
981,3,0,0,0,3,2,0,0,3,0,3,1,3,0,0,0,3,1,0,2,0,24
982,2,0,3,3,3,0,0,2,1,0,3,2,3,2,1,2,3,0,2,3,1,36
983,0,3,2,2,0,1,0,2,0,1,1,1,3,2,1,2,1,0,2,0,2,26
984,3,2,1,2,0,3,2,2,3,0,0,0,3,0,0,0,0,3,1,0,0,25
985,3,1,3,2,2,3,1,2,3,0,2,2,2,2,3,3,1,1,2,1,1,40
986,3,0,0,2,1,3,2,1,1,1,3,1,1,0,2,0,1,1,3,1,2,29
987,3,0,1,3,2,0,1,3,1,2,3,2,2,1,2,2,1,3,2,1,3,38
988,2,3,3,2,0,0,1,1,0,1,2,1,2,2,3,0,2,2,1,0,1,29
989,3,1,3,3,0,2,2,2,1,3,2,0,2,2,0,1,1,2,1,0,1,32
990,2,0,2,0,1,2,3,0,2,3,0,3,3,1,3,1,1,0,0,1,1,29
991,1,2,0,2,2,2,1,2,1,3,0,1,1,1,1,1,3,2,1,2,0,29
992,3,0,0,3,3,2,2,2,2,2,1,1,3,2,1,1,2,2,2,2,0,36
993,2,1,3,0,3,2,2,2,2,3,0,0,3,1,1,3,3,2,0,2,1,36
994,3,1,2,3,0,2,1,1,2,0,0,1,1,3,3,1,1,2,1,3,1,32
995,2,3,1,2,0,0,3,3,2,0,0,2,2,1,1,3,1,1,2,3,0,32
996,0,3,3,1,3,0,3,0,3,1,1,3,2,0,0,2,0,2,1,2,1,31
997,1,3,0,2,3,3,2,2,0,3,1,2,2,2,1,3,2,2,1,2,3,40
998,1,1,1,0,2,0,1,2,1,0,1,2,2,3,2,3,3,2,3,3,3,36
999,0,3,2,1,1,2,0,0,1,1,2,0,1,0,1,0,1,0,3,1,2,22
1000,2,3,0,0,0,0,2,1,3,3,1,3,0,2,0,3,0,2,2,1,2,30
1001,2,3,3,0,0,3,3,0,0,3,2,2,2,0,2,2,0,1,3,0,0,31
1002,1,2,1,2,0,0,1,3,1,2,0,3,0,1,2,2,2,1,0,0,3,27
1003,0,1,2,3,0,1,2,0,2,3,3,1,2,0,0,3,2,1,1,3,3,33
1004,1,3,2,2,0,2,1,1,0,3,2,1,2,0,0,3,0,0,3,0,0,26
1005,1,0,2,0,1,2,1,0,1,2,1,2,2,3,1,0,1,2,0,3,1,26
1006,3,2,3,1,1,2,0,1,1,1,2,1,1,2,2,0,0,1,3,1,1,29
1007,1,1,2,0,2,0,2,2,2,0,0,3,3,1,3,2,1,3,0,0,2,30
1008,1,2,2,2,0,2,3,2,1,2,0,1,1,1,0,0,3,2,0,3,3,31
1009,0,2,2,0,3,0,1,3,1,3,3,3,1,3,2,1,0,0,3,3,1,35
1010,1,0,1,3,1,0,2,3,3,0,3,1,0,0,0,3,3,0,1,1,1,27
1011,3,1,1,1,3,1,3,3,0,3,0,2,1,0,3,3,3,0,3,1,3,38
1012,1,1,3,1,3,0,1,0,3,2,0,3,3,3,2,0,1,3,0,1,2,33
1013,1,0,0,3,3,3,2,2,0,2,1,3,1,1,1,1,3,1,0,0,2,30
1014,0,0,2,2,2,0,1,1,0,3,2,1,2,0,3,1,1,2,0,1,3,27
1015,2,2,1,2,3,2,0,2,3,3,0,3,1,2,1,3,2,1,0,1,0,34
1016,2,2,3,0,2,0,1,0,2,3,1,1,3,2,3,3,0,1,0,2,1,32
1017,3,2,2,3,1,0,2,1,0,1,0,1,3,0,1,0,0,2,3,3,0,28
1018,0,1,0,3,2,2,3,3,2,1,1,1,1,2,0,2,3,0,2,2,0,31
1019,3,1,0,3,0,1,0,3,1,0,2,1,2,1,1,0,3,3,0,0,3,28
1020,0,0,1,2,0,1,0,2,1,0,0,3,0,0,3,2,2,0,3,3,0,23
1021,3,3,2,3,2,0,0,2,2,0,0,1,3,0,0,0,1,3,3,2,1,31
1022,3,0,2,1,2,3,1,2,3,2,2,2,3,3,1,2,1,1,3,2,1,40
1023,1,2,0,3,3,3,0,0,3,1,2,2,0,1,2,3,0,1,2,0,3,32
1024,3,0,1,0,0,2,3,0,0,0,3,0,1,0,0,0,2,3,3,3,0,24
1025,0,2,0,2,1,3,1,2,0,1,3,1,0,1,3,2,3,1,2,2,3,33
1026,1,2,2,2,0,0,2,2,3,0,0,3,0,0,1,3,2,2,3,1,2,31
1027,1,0,2,3,0,3,2,2,1,1,1,2,1,2,3,3,2,2,2,0,0,33
1028,0,1,3,2,2,2,0,2,0,2,2,2,0,1,0,1,1,0,0,0,2,23
1029,1,0,0,3,3,0,2,3,3,0,3,2,0,2,0,2,0,2,3,1,0,30
1030,2,2,0,2,0,0,2,2,1,0,3,3,3,1,1,0,0,2,1,0,3,28
1031,2,2,0,0,3,3,0,1,2,1,2,3,0,1,1,2,1,0,2,1,2,29
1032,1,0,1,3,2,1,3,0,2,0,3,2,0,2,2,0,1,3,3,1,1,31
1033,2,0,1,3,0,2,1,0,2,1,0,2,0,3,3,0,2,3,1,3,0,29
1034,2,0,2,2,2,1,0,0,3,1,3,0,1,3,1,1,2,1,0,3,3,31
1035,0,3,1,1,2,1,3,0,0,3,2,0,3,3,3,2,3,0,0,2,2,34
1036,3,3,1,0,3,0,3,1,2,2,0,0,1,3,3,1,2,0,2,3,2,35
1037,2,3,2,0,1,0,1,2,0,1,3,1,1,1,3,2,0,0,3,2,0,28
1038,2,2,2,1,3,1,0,1,1,0,3,3,1,0,3,2,2,0,2,0,2,31
1039,2,2,3,1,0,3,0,0,0,1,1,0,2,0,3,0,0,3,3,3,3,30
1040,1,0,1,2,1,3,1,2,2,1,2,2,2,0,1,0,1,0,1,3,1,27
1041,1,2,1,1,1,2,0,1,1,1,3,0,2,3,3,0,3,0,2,1,1,29
1042,3,0,2,2,1,1,0,2,0,2,1,0,1,2,0,1,2,1,0,1,0,22
1043,1,0,3,2,2,2,1,0,1,1,0,3,3,2,2,3,0,3,0,1,3,33
1044,1,3,3,2,2,2,3,3,0,3,1,1,3,1,3,0,0,2,3,2,2,40
1045,2,0,3,0,0,0,0,0,0,2,3,3,2,1,3,1,0,2,2,3,3,30
1046,1,1,0,1,3,2,2,0,1,1,2,0,0,1,0,2,0,1,1,2,0,21
1047,3,0,0,1,3,3,1,0,1,3,2,2,3,1,2,1,2,1,1,1,3,34
1048,2,0,1,2,2,0,1,2,2,0,3,2,3,0,1,0,2,0,1,0,3,27
1049,2,1,3,1,2,3,1,1,0,2,1,3,2,1,2,2,1,3,3,3,0,37
1050,1,3,3,1,0,2,2,0,2,3,2,1,0,0,0,1,0,0,1,2,0,24
1051,2,3,3,1,1,2,3,0,1,2,2,1,1,2,3,3,1,1,3,0,1,36
1052,0,1,1,3,1,3,2,3,0,2,3,3,0,1,1,1,1,1,0,2,3,32
1053,2,2,1,1,0,3,2,2,3,2,3,2,2,3,1,1,1,2,2,2,1,38
1054,0,2,3,2,2,3,3,2,1,0,2,2,0,3,0,1,1,3,2,2,3,37
1055,0,1,0,0,0,0,3,0,2,0,1,1,3,2,2,2,0,3,3,0,3,26
1056,3,3,2,1,0,1,0,0,1,2,0,1,0,3,3,2,3,0,1,1,0,27
1057,1,0,0,3,2,0,2,3,1,3,2,1,1,0,0,2,2,3,0,3,3,32
1058,2,0,0,2,2,1,2,2,0,1,3,3,0,2,0,2,2,1,3,1,1,30
1059,2,0,1,2,2,1,3,3,1,0,0,2,0,0,0,3,3,1,1,2,3,30
1060,2,2,3,1,3,0,3,0,1,1,0,3,1,1,0,3,2,2,0,2,3,33
1061,2,1,2,2,0,3,3,0,3,2,0,0,2,0,2,3,0,0,1,2,2,30
1062,1,1,2,3,3,2,1,1,1,0,3,1,1,1,2,0,3,2,3,3,2,36
1063,2,3,3,2,2,1,2,1,1,1,2,3,1,3,1,0,2,1,1,2,1,35
1064,2,3,0,1,1,1,3,2,1,1,3,3,0,1,1,0,2,2,1,0,0,28
1065,2,3,1,2,3,0,2,3,0,3,0,0,1,1,1,2,1,1,3,2,2,33
1066,3,3,0,0,3,2,1,0,2,0,0,0,3,2,1,2,3,2,0,0,3,30
1067,2,3,0,3,2,0,2,1,3,1,3,3,3,1,2,1,3,0,0,1,2,36
1068,1,0,2,3,2,0,1,2,0,3,0,3,0,2,0,3,1,0,2,3,1,29
1069,0,3,3,3,3,0,2,1,1,1,1,0,2,3,0,3,0,1,0,3,0,30
1070,3,0,0,1,1,3,3,1,3,0,2,3,0,3,2,1,2,0,2,0,2,32
1071,0,2,1,1,3,2,2,2,1,0,1,2,0,0,2,1,1,1,2,0,2,26
1072,2,2,1,0,1,3,2,2,0,2,1,3,0,1,0,0,1,1,2,1,3,28
1073,3,3,0,1,2,1,2,2,2,0,3,3,3,0,1,3,2,0,1,3,0,35
1074,0,1,3,1,0,3,0,0,2,3,1,1,2,0,3,0,3,3,2,2,2,32
1075,3,0,1,3,2,0,1,1,2,0,3,3,0,0,2,0,1,1,2,1,2,28
1076,2,2,0,1,1,3,0,3,1,3,0,1,3,1,3,0,2,0,3,1,2,32
1077,1,0,3,2,3,1,0,2,0,1,2,0,1,0,2,3,1,2,2,2,0,28
1078,2,1,2,1,3,2,3,1,3,0,2,3,0,1,2,3,2,0,1,3,0,35
1079,0,0,2,1,3,2,3,3,3,0,1,1,1,0,1,3,3,0,3,1,1,32
1080,3,3,3,1,3,3,3,3,0,3,1,0,3,2,3,2,2,2,2,1,0,43
1081,3,1,3,2,3,3,3,3,3,0,3,0,3,1,0,3,2,3,0,3,3,45
1082,1,3,3,2,0,3,2,0,0,1,2,2,3,2,2,1,3,1,3,1,2,37
1083,1,2,2,3,3,1,1,1,2,0,3,0,1,2,0,1,1,2,0,2,2,30
1084,3,1,3,3,1,1,2,2,1,3,0,3,2,3,2,1,2,0,2,3,0,38
1085,0,2,1,1,1,1,3,2,3,3,2,0,1,3,1,2,2,0,2,0,0,30
1086,3,2,3,3,2,1,0,2,3,1,0,2,0,2,1,2,2,3,3,1,1,37
1087,0,2,0,0,3,3,2,1,3,3,2,1,3,0,3,0,2,3,2,3,0,36
1088,2,2,3,0,2,1,0,0,1,3,3,3,2,0,1,0,2,3,3,0,0,31
1089,2,1,2,1,3,0,0,0,3,2,1,2,0,1,2,2,3,2,1,0,2,30
1090,1,2,0,3,2,1,3,2,2,2,2,2,2,2,0,2,1,2,3,3,0,37
1091,2,3,1,0,2,1,0,1,1,1,3,3,2,3,1,0,2,2,3,0,1,32
1092,3,1,1,3,0,3,2,0,1,0,0,2,2,1,3,0,2,0,2,0,0,26
1093,0,0,1,1,3,1,3,3,2,0,3,0,3,1,0,0,0,3,2,1,2,29
1094,2,0,2,0,1,2,1,1,0,1,1,1,0,2,2,1,1,0,2,0,0,20
1095,0,0,0,0,0,0,0,0,0,0,0,0,0,0,1,2,3,0,1,2,1,10
1096,1,2,1,2,0,0,2,3,0,2,2,0,0,1,2,0,3,0,3,2,0,26
1097,3,0,1,0,2,3,2,0,0,1,2,3,0,1,3,2,2,2,0,0,1,28
1098,2,0,1,0,2,0,1,0,3,2,3,1,2,2,1,3,3,1,0,1,1,29
1099,0,1,2,3,0,3,0,0,0,1,0,1,1,0,3,2,0,2,1,0,2,22
1100,2,3,0,2,2,2,3,1,3,1,0,3,3,1,1,0,0,1,2,1,2,33
1101,0,2,3,1,1,0,3,2,2,0,0,3,3,0,1,1,0,2,1,0,3,28
1102,3,0,3,0,2,2,1,2,2,2,3,0,3,1,0,2,2,1,2,1,1,33
1103,3,2,0,3,3,1,0,1,2,2,0,0,1,3,2,3,1,1,3,2,3,36
1104,2,2,2,2,3,2,2,0,0,0,1,2,2,3,0,2,3,0,0,0,1,29
1105,2,3,0,3,2,2,3,3,3,3,0,2,1,0,2,3,0,2,3,2,0,39
1106,2,2,3,1,1,1,1,3,1,3,1,0,2,3,1,2,0,0,0,1,3,31
1107,0,1,0,0,3,3,2,2,0,0,1,2,2,1,3,3,0,0,1,2,1,27
1108,3,2,2,2,0,2,2,2,2,1,3,1,3,3,0,1,2,1,1,3,3,39
1109,3,1,2,2,1,2,1,2,3,0,0,0,0,0,2,1,3,0,2,1,0,26
1110,0,0,3,0,3,1,2,2,0,1,0,1,0,2,0,2,3,1,3,2,1,27
1111,0,1,0,2,0,3,0,1,2,1,2,0,0,2,2,0,0,2,1,3,2,24
1112,0,0,0,1,1,3,1,0,1,3,2,3,1,1,0,2,3,3,0,0,0,25
1113,2,2,3,3,1,3,2,2,3,2,0,2,2,2,3,3,2,3,3,0,1,44
1114,3,1,1,2,2,1,0,2,2,3,2,1,2,2,2,3,2,0,2,0,1,34
1115,0,0,1,0,0,1,1,1,1,2,3,1,3,3,3,2,0,2,3,2,3,32
1116,2,3,0,2,1,1,0,3,1,0,0,0,3,1,1,3,1,0,3,1,1,27
1117,0,0,2,0,3,0,2,0,1,1,1,2,3,1,2,3,3,0,3,3,3,33
1118,0,1,2,3,2,3,3,2,2,1,3,0,1,1,2,2,0,3,0,3,2,36
1119,0,0,0,1,2,1,0,0,1,3,2,3,2,2,0,3,0,2,2,2,2,28
1120,0,2,2,3,3,1,1,0,1,1,3,1,2,1,3,0,1,3,3,1,1,33
1121,0,0,1,0,3,0,3,2,2,0,1,0,2,1,2,3,2,1,3,2,3,31
1122,2,3,1,0,2,0,3,0,0,1,3,2,1,2,1,2,3,2,1,3,2,34
1123,0,1,0,1,1,3,0,1,1,1,2,1,1,2,1,2,2,0,2,0,2,24
1124,1,0,3,0,3,0,0,3,3,2,1,3,1,1,0,1,2,1,1,0,2,28
1125,2,0,3,1,3,0,1,2,0,1,1,2,2,3,3,2,2,2,3,1,1,35
1126,2,0,2,3,1,1,0,0,0,0,3,3,3,3,0,3,2,2,3,2,2,35
1127,2,3,0,0,3,3,2,3,0,1,2,2,0,3,1,2,2,0,2,0,3,34
1128,0,0,1,1,0,1,3,2,3,1,2,1,2,0,3,3,2,2,0,2,0,29
1129,2,3,3,2,1,1,0,3,3,3,1,1,1,2,2,0,0,3,3,3,2,39
1130,3,2,2,1,0,1,1,1,2,0,2,3,1,3,0,3,0,3,1,2,2,33
1131,2,0,1,2,3,0,1,1,3,3,2,1,1,1,0,3,2,2,3,2,2,35
1132,3,1,0,2,1,0,2,2,1,1,2,1,0,2,3,0,2,2,0,0,3,28
1133,1,2,3,1,3,2,1,0,1,3,3,3,1,1,2,3,0,3,3,0,1,37
1134,3,2,3,0,0,1,1,3,3,3,2,1,0,1,2,2,1,3,1,3,2,37
1135,0,3,1,0,2,2,3,2,2,3,1,1,0,0,1,0,1,0,1,0,3,26
1136,2,0,2,3,1,0,0,0,3,3,3,3,1,1,2,2,1,0,1,1,3,32
1137,2,1,3,0,0,2,2,0,1,0,2,2,0,0,1,3,2,1,0,1,2,25
1138,2,0,1,0,2,2,2,0,3,2,3,0,3,1,1,0,0,0,3,3,0,28
1139,0,3,1,3,2,1,0,3,3,0,3,2,1,1,0,1,3,0,2,0,2,31
1140,1,2,2,3,0,2,0,1,0,2,3,2,0,2,3,1,1,0,0,3,3,31
1141,1,3,2,3,1,2,0,3,2,3,1,1,0,1,2,0,1,1,3,1,0,31
1142,3,2,0,1,1,1,3,1,1,3,2,0,0,1,2,3,2,1,0,0,3,30
1143,1,2,2,1,1,2,2,1,0,3,0,3,2,3,0,3,2,1,1,2,0,32
1144,3,2,3,0,3,2,3,2,2,3,1,3,2,3,1,2,0,3,3,3,2,46
1145,1,2,1,2,0,3,3,0,3,3,1,3,0,1,0,1,0,0,2,1,0,27
1146,1,3,3,1,3,1,3,1,0,1,0,1,3,3,2,3,1,2,2,2,3,39
1147,3,2,1,1,1,0,2,1,2,2,1,3,1,2,1,0,2,0,2,0,3,30
1148,2,2,2,0,0,3,1,1,2,3,0,1,1,0,0,1,1,2,0,0,0,22
1149,0,1,1,2,3,1,3,2,1,3,3,0,0,0,1,0,2,0,0,3,1,27
1150,1,0,0,3,3,1,0,1,2,2,0,1,1,3,1,1,3,1,1,0,2,27
1151,1,1,3,3,1,0,1,2,0,0,3,2,0,2,0,2,2,3,0,1,3,30
1152,1,2,0,3,3,1,3,2,2,0,1,1,1,3,1,2,2,2,0,1,1,32
1153,3,1,1,3,0,3,1,3,1,0,3,2,1,1,3,2,0,2,2,3,3,38
1154,3,3,2,2,0,3,0,3,3,3,0,0,3,0,0,2,1,0,1,0,2,31
1155,0,3,0,2,1,0,3,2,0,0,0,1,1,0,1,3,1,0,3,1,2,24
1156,1,1,1,1,1,1,3,3,0,1,2,3,2,3,1,1,0,1,3,1,1,31
1157,2,3,0,0,3,1,0,2,0,2,2,0,0,2,1,3,2,1,1,1,0,26
1158,1,3,2,0,1,3,1,0,3,2,0,0,2,1,1,3,2,2,3,0,3,33
1159,0,3,0,0,0,3,3,3,0,3,3,0,3,2,1,1,2,3,0,2,2,34
1160,0,2,1,0,3,0,0,1,2,2,1,1,2,0,2,3,3,1,3,3,0,30
1161,1,3,3,1,2,2,0,1,3,3,2,1,3,3,3,2,3,1,2,1,1,41
1162,3,0,1,1,0,1,2,3,0,0,0,2,0,1,3,3,0,2,0,0,3,25
1163,1,1,0,2,3,1,2,1,2,2,1,0,2,0,1,1,2,1,3,0,2,28
1164,1,0,1,3,0,1,3,2,0,0,0,0,0,3,3,3,3,1,3,1,1,29
1165,0,3,0,2,2,1,2,2,0,1,1,1,3,3,0,2,1,1,0,1,1,27
1166,3,2,0,2,3,1,1,0,3,0,0,1,0,3,0,3,1,1,2,2,3,31
1167,3,3,0,2,1,0,0,1,2,2,0,3,3,1,3,3,2,2,0,3,3,37
1168,2,1,1,1,2,0,3,0,2,2,3,0,3,3,3,3,2,1,0,0,2,34
1169,0,3,0,3,0,0,2,1,0,3,1,1,0,1,3,2,1,1,0,3,0,25
1170,1,3,1,1,0,3,3,0,2,1,2,1,3,0,3,0,1,0,2,2,0,29
1171,3,3,1,1,0,1,2,2,0,3,0,2,1,2,0,0,3,0,0,3,1,28
1172,0,1,2,2,0,3,0,2,0,0,3,0,3,3,1,1,0,3,1,3,1,29
1173,2,3,0,3,1,0,1,0,3,3,0,3,1,0,1,2,3,0,0,0,3,29
1174,3,2,0,2,1,3,2,1,2,2,1,3,2,0,2,2,3,0,2,1,2,36
1175,0,0,2,3,1,1,1,2,2,3,1,3,3,3,3,2,3,3,3,3,1,43
1176,1,0,1,1,3,0,2,1,3,3,3,1,3,1,0,3,1,1,3,3,2,36
1177,2,0,0,1,3,2,2,3,1,1,0,1,3,3,1,2,1,0,2,3,0,31
1178,3,2,2,1,0,0,3,1,1,1,3,0,3,3,3,1,1,1,3,0,2,34
1179,3,1,0,1,0,3,1,0,3,2,1,2,3,3,3,3,0,3,3,3,0,38
1180,1,0,3,3,2,1,3,2,1,2,2,2,0,2,0,0,3,2,0,3,2,34
1181,3,0,1,3,3,0,0,2,2,1,3,0,3,2,3,1,1,2,2,1,0,33
1182,0,1,0,0,1,3,2,1,1,2,3,2,1,2,2,2,3,2,3,1,3,35
1183,0,2,1,3,3,3,0,2,3,0,3,0,3,0,3,3,2,1,1,1,3,37
1184,2,1,3,1,1,0,2,0,0,2,2,2,2,2,2,2,3,2,3,1,0,33
1185,0,3,1,1,0,3,1,0,2,0,1,3,1,1,0,3,3,0,0,3,3,29
1186,0,1,1,1,2,0,0,3,3,0,0,3,2,1,1,2,0,1,3,2,0,26
1187,0,3,2,2,0,2,1,3,1,0,0,1,2,3,2,3,0,1,0,3,1,30
1188,2,2,0,0,3,3,1,2,1,1,0,2,0,2,2,1,2,3,0,2,3,32
1189,0,1,1,1,1,1,0,3,3,1,0,2,0,0,3,0,3,2,2,0,0,24
1190,3,0,0,1,0,2,3,1,0,2,3,2,3,0,1,1,0,2,1,0,3,28
1191,3,1,0,0,1,3,0,3,2,1,0,2,2,3,0,2,3,0,0,1,1,28
1192,2,0,0,0,0,1,3,2,2,1,0,0,0,2,3,1,3,1,1,1,1,24
1193,2,2,2,1,0,3,2,3,3,2,0,0,0,1,0,1,2,0,3,2,0,29
1194,3,2,0,2,0,2,2,2,1,2,2,1,1,1,1,3,0,2,3,0,1,31
1195,1,2,0,3,0,0,0,1,2,3,0,0,1,2,0,2,1,1,1,2,2,24
1196,0,0,1,1,3,0,1,2,2,0,0,0,0,0,3,3,2,0,1,3,2,24
1197,0,3,0,0,3,2,0,0,2,2,1,1,1,2,2,3,3,0,2,1,0,28
1198,3,0,3,0,0,1,1,3,3,3,3,1,0,1,1,2,1,1,1,0,1,29
1199,1,2,0,3,1,3,0,1,2,0,2,3,0,2,3,0,0,0,2,2,3,30
1200,3,2,2,0,1,2,0,0,2,2,2,3,1,0,0,3,3,2,2,3,2,35
1201,3,2,2,0,3,1,3,3,3,0,3,3,1,2,0,3,3,0,2,2,0,39
1202,1,2,1,3,2,1,1,3,2,2,2,3,2,1,2,0,1,3,3,0,3,38
1203,0,2,1,0,0,0,1,3,2,2,2,2,0,1,1,1,0,1,2,2,3,26
1204,3,2,1,1,2,0,2,0,0,1,3,1,3,2,1,3,1,0,0,1,2,29
1205,3,3,0,2,1,2,2,2,0,0,2,3,0,3,2,0,2,2,2,3,2,36
1206,1,2,2,3,2,3,3,0,2,3,2,3,0,2,2,0,2,2,0,2,3,39
1207,0,0,2,0,2,2,1,3,2,2,0,3,1,2,2,1,0,1,0,1,1,26
1208,3,0,0,3,3,0,1,1,2,3,2,1,1,3,0,1,0,0,1,1,1,27
1209,1,0,1,3,0,2,3,1,3,3,0,1,1,2,0,3,0,3,0,1,1,29
1210,2,1,2,1,1,1,2,2,1,3,2,1,2,1,2,1,0,1,2,1,2,31
1211,1,1,1,0,0,3,1,0,3,3,2,3,2,3,3,2,2,1,2,3,1,37
1212,2,2,3,1,3,3,1,0,1,1,0,2,0,3,0,3,0,2,0,1,2,30
1213,0,2,2,0,3,3,2,0,1,1,1,2,2,0,2,3,0,3,1,0,1,29
1214,3,0,1,3,0,3,0,1,0,2,2,0,2,2,2,1,3,3,3,0,3,34
1215,2,0,0,1,2,3,2,0,0,3,1,2,2,3,0,0,1,2,1,2,0,27
1216,0,1,3,2,2,1,2,0,0,2,3,1,3,3,0,1,2,0,0,1,2,29
1217,3,1,2,1,1,2,2,3,1,1,2,3,1,0,2,1,1,0,3,3,1,34
1218,1,0,3,1,0,2,1,1,2,3,2,3,3,0,2,3,3,0,1,0,0,31
1219,3,0,0,2,0,3,3,2,1,2,0,2,0,2,0,2,2,3,0,3,2,32
1220,1,2,2,3,2,3,2,1,3,3,1,0,0,3,3,1,1,0,3,3,1,38
1221,1,3,0,2,0,0,1,0,3,2,3,1,2,3,0,2,2,0,0,0,1,26
1222,3,3,2,0,3,3,0,3,1,3,0,0,0,2,3,1,0,1,1,1,3,33
1223,2,0,3,2,2,3,1,3,2,2,3,1,3,1,0,3,2,1,2,0,3,39
1224,3,1,0,0,2,1,3,3,0,1,1,0,3,3,2,1,2,2,2,0,2,32
1225,1,2,2,0,0,0,0,3,3,1,1,1,0,1,0,2,3,2,1,3,3,29
1226,3,0,2,2,2,2,0,0,1,0,1,3,3,2,0,1,0,1,2,2,1,28
1227,3,2,1,1,0,0,3,0,0,3,0,0,0,3,0,1,2,0,0,3,0,22
1228,1,0,2,3,3,0,1,2,0,3,2,3,1,0,2,1,2,1,0,3,0,30
1229,2,1,2,3,2,1,1,1,2,2,1,2,2,0,1,3,1,2,2,2,0,33
1230,3,2,3,3,3,0,1,3,3,1,0,2,1,1,0,2,0,3,0,0,2,33
1231,1,1,3,1,0,3,2,1,3,0,1,0,3,1,2,0,0,3,1,1,1,28
1232,2,1,0,3,3,1,1,2,2,0,3,3,1,2,0,2,0,2,1,0,2,31
1233,0,0,1,1,3,3,0,1,1,2,0,0,2,1,0,0,2,0,0,3,2,22
1234,0,1,3,0,3,0,2,3,1,1,2,1,3,2,3,1,2,2,0,3,1,34
1235,1,1,3,3,0,3,0,1,0,2,0,2,2,2,1,2,2,2,3,1,2,33
1236,1,2,2,3,3,0,3,2,2,0,1,2,2,3,0,1,2,3,0,3,2,37
1237,0,3,3,0,3,3,1,0,3,3,0,3,2,0,2,0,3,1,0,3,1,34
1238,0,2,3,1,3,0,0,3,2,2,0,1,1,3,2,1,1,0,2,2,3,32
1239,2,2,3,1,0,0,0,2,2,2,2,0,3,3,0,2,2,3,0,0,2,31
1240,3,3,1,3,2,2,0,3,3,0,0,2,1,1,0,0,3,3,3,0,3,36
1241,2,1,3,0,2,3,3,0,3,2,3,1,0,3,0,1,0,2,3,0,2,34
1242,1,3,1,1,0,2,0,0,0,1,0,2,3,3,1,1,3,1,2,2,0,27
1243,0,3,1,3,3,0,0,0,0,3,2,1,3,1,0,1,0,2,0,0,0,23
1244,1,3,0,3,1,3,1,3,0,2,1,3,3,3,2,1,3,0,1,2,0,36
1245,3,1,2,3,1,1,3,0,2,3,1,1,0,0,0,3,0,0,1,2,3,30
1246,2,3,3,1,0,0,2,2,2,1,1,3,1,1,3,0,0,2,0,1,0,28
1247,3,1,0,0,1,1,2,0,3,3,3,3,3,3,1,0,1,2,3,1,3,37
1248,1,3,2,2,2,0,2,1,2,3,1,2,0,2,0,1,3,1,3,0,0,31
1249,1,3,2,1,0,3,0,1,1,2,0,3,3,0,0,0,0,3,1,0,0,24
1250,2,1,3,2,3,0,3,0,2,3,2,0,1,2,0,1,1,1,0,2,2,31
1251,3,1,2,0,3,0,3,3,1,2,1,2,0,3,1,0,0,3,2,1,2,33
1252,1,3,3,2,3,0,3,2,2,0,1,1,1,0,2,0,3,2,1,3,0,33
1253,0,3,1,0,3,2,2,0,0,0,1,3,0,0,0,3,1,3,1,0,3,26
1254,1,0,2,0,3,3,0,2,3,3,2,1,3,1,1,2,1,2,1,3,2,36
1255,2,1,1,3,0,0,2,2,1,1,3,1,3,0,2,2,1,3,1,2,0,31
1256,0,3,2,0,1,0,2,0,2,0,0,0,3,3,3,0,0,0,1,0,0,20
1257,2,2,2,1,0,1,0,2,0,3,1,2,0,0,0,1,0,0,3,2,3,25
1258,0,3,3,1,2,2,0,0,3,2,0,0,1,3,3,0,0,0,1,2,1,27
1259,2,1,2,2,1,1,1,0,3,2,2,2,0,1,2,0,0,0,0,3,0,25
1260,2,1,3,0,1,3,1,0,1,0,1,2,1,3,0,0,1,1,1,3,3,28
1261,2,3,0,3,1,3,3,2,2,1,2,1,3,0,3,2,2,3,2,3,2,43
1262,1,3,0,2,2,2,1,1,1,0,0,1,3,0,2,3,0,3,3,3,2,33
1263,3,2,0,3,1,1,3,2,3,0,0,1,2,0,1,1,3,3,3,1,2,35
1264,3,2,1,3,0,0,2,1,2,1,1,2,1,1,2,1,2,1,2,0,2,30
1265,0,1,0,1,3,0,1,1,1,3,0,0,1,3,2,1,1,1,2,1,0,23
1266,0,0,0,3,2,0,1,2,3,3,1,1,3,1,3,2,1,3,1,0,1,31
1267,1,2,3,3,1,0,2,0,3,3,1,0,2,0,3,0,3,2,1,3,2,35
1268,3,0,2,3,0,3,3,1,1,2,3,3,3,1,1,3,1,2,2,1,1,39
1269,3,2,1,3,0,2,1,2,0,0,0,3,0,3,1,3,2,2,0,3,2,33
1270,0,0,0,2,1,2,0,3,3,3,0,3,2,3,2,2,1,0,2,1,3,33
1271,3,1,0,2,2,3,0,2,1,0,3,3,1,0,3,1,2,0,3,0,1,31
1272,0,0,1,2,1,0,3,2,2,1,2,3,2,3,3,1,1,2,1,2,0,32
1273,0,2,1,1,3,0,2,1,0,0,1,3,1,3,1,1,1,3,2,0,1,27
1274,2,0,3,3,1,2,3,3,3,1,3,2,0,2,0,0,1,1,3,0,1,34
1275,0,3,1,2,3,2,3,1,0,1,1,3,1,3,1,2,3,3,3,1,1,38
1276,0,3,0,2,1,0,3,3,2,2,1,3,1,0,1,1,1,1,0,1,2,28
1277,0,0,3,1,1,0,2,2,3,2,0,1,2,1,1,2,3,2,0,3,1,30
1278,1,1,1,3,1,3,0,3,2,2,2,0,3,0,3,3,1,2,1,0,0,32
1279,2,2,1,3,0,2,0,1,3,1,1,0,0,3,2,0,3,0,0,3,1,28
1280,1,1,1,1,3,1,3,2,3,0,1,0,2,1,1,0,3,1,0,0,2,27
1281,3,1,0,0,1,0,3,1,1,2,3,0,1,3,1,1,0,0,1,1,3,26
1282,1,3,2,0,1,0,2,0,1,1,3,2,3,3,3,2,1,0,3,0,0,31
1283,2,1,0,2,3,1,3,1,3,1,3,0,0,3,3,3,0,1,1,0,1,32
1284,0,2,0,0,0,2,2,0,3,2,2,3,0,3,2,2,3,1,1,1,2,31
1285,3,3,1,3,2,1,0,2,0,2,3,2,2,3,2,0,0,2,3,3,3,40
1286,0,2,1,2,1,3,0,0,1,2,3,0,2,0,2,2,1,3,1,2,1,29
1287,2,1,2,0,2,2,3,1,3,2,3,0,1,3,3,2,3,1,1,3,0,38
1288,3,3,0,2,1,3,1,1,3,3,0,3,3,3,2,2,1,3,3,3,2,45
1289,0,3,3,0,1,0,3,2,0,3,2,2,0,2,1,3,2,1,2,2,3,35
1290,2,2,2,2,0,0,3,2,2,2,0,0,3,3,1,2,1,3,0,3,3,36
1291,2,2,2,2,2,2,3,2,0,2,0,3,1,1,2,0,0,3,0,0,3,32
1292,1,3,1,2,1,2,0,3,1,1,1,2,1,0,2,1,1,0,2,2,3,30
1293,2,3,0,3,2,0,1,3,2,3,3,3,3,3,1,2,2,2,1,2,1,42
1294,0,3,1,2,3,0,3,2,1,2,2,0,2,3,0,0,3,0,3,0,2,32
1295,3,1,3,0,0,0,0,0,0,2,2,3,0,2,1,1,3,1,0,1,1,24
1296,2,3,0,0,1,3,3,0,0,0,0,0,3,3,3,3,3,0,0,3,0,30
1297,0,3,2,3,1,1,3,2,0,2,2,0,0,1,1,2,3,3,1,0,3,33
1298,0,0,3,0,0,1,0,2,0,3,1,1,1,3,0,2,3,0,3,2,0,25
1299,2,3,2,3,0,0,2,2,0,2,2,1,0,1,1,1,2,0,2,3,0,29
1300,0,0,1,0,2,3,1,1,2,2,1,1,1,1,0,2,1,1,1,3,0,24
1301,2,3,2,1,0,0,2,3,2,3,2,2,3,0,3,3,3,1,1,2,3,41
1302,3,3,2,1,0,3,3,1,1,2,1,1,2,2,2,2,2,1,0,2,0,34
1303,3,2,0,1,3,2,0,3,3,0,3,0,0,2,2,3,1,1,3,2,3,37
1304,3,2,3,3,0,2,1,2,1,0,2,3,3,3,1,3,2,1,0,0,1,36
1305,1,3,0,0,2,2,3,2,2,0,2,0,1,2,3,0,0,3,1,1,1,29
1306,1,2,1,3,2,3,1,0,3,2,3,0,1,0,3,1,0,1,2,1,3,33
1307,3,0,3,1,0,2,1,3,1,0,0,3,0,1,0,3,2,1,0,0,3,27
1308,2,2,1,3,0,3,2,0,3,2,1,0,1,1,2,2,0,3,1,1,3,33
1309,2,2,3,0,1,2,3,0,0,3,0,3,2,3,2,2,2,1,0,3,3,37
1310,0,1,3,2,1,0,1,0,2,1,1,3,0,1,1,2,1,3,0,1,0,24
1311,0,0,0,3,0,0,3,0,0,1,0,2,0,2,2,1,0,1,2,0,0,17
1312,1,2,2,2,0,0,2,2,1,2,3,2,0,0,3,0,0,0,1,1,1,25
1313,2,3,0,2,3,1,2,0,0,0,3,3,2,1,0,2,1,1,1,1,3,31
1314,3,0,3,3,0,0,1,3,3,0,0,3,1,3,3,3,3,3,0,3,2,40
1315,1,0,3,3,1,2,0,3,3,0,2,3,3,2,3,2,0,3,1,0,2,37
1316,1,3,0,0,0,3,1,3,3,3,3,1,3,1,0,2,2,2,2,0,0,33
1317,1,2,2,2,3,1,0,3,0,3,2,0,1,0,1,2,2,2,3,0,3,33
1318,1,1,1,0,3,3,1,3,1,2,3,2,0,3,2,0,1,3,1,2,2,35
1319,2,1,1,3,2,1,0,3,1,3,2,0,2,1,2,3,3,0,1,2,1,34
1320,0,1,0,2,2,1,0,2,2,1,3,0,2,0,3,0,3,3,2,3,0,30
1321,1,3,1,2,1,1,0,2,2,0,1,2,0,0,3,0,1,1,2,2,0,25
1322,0,3,1,3,0,2,1,3,0,2,2,2,0,1,3,2,1,3,0,1,3,33
1323,1,3,2,1,2,1,0,3,2,2,2,0,3,1,1,2,3,2,2,3,0,36
1324,0,2,0,0,1,2,2,0,2,0,2,1,2,0,2,0,0,0,3,3,3,25
1325,1,0,3,2,3,0,1,3,3,0,2,1,1,3,3,3,3,1,3,2,3,41
1326,2,3,0,1,0,2,3,1,0,1,1,3,3,0,0,0,0,0,2,3,1,26
1327,1,1,2,3,1,1,3,2,2,1,2,3,1,1,1,3,0,2,2,0,0,32
1328,2,2,2,3,2,1,1,1,0,0,1,3,0,3,1,1,1,0,0,1,0,25
1329,3,3,2,1,2,2,3,1,1,0,0,2,1,2,0,0,3,0,3,2,1,32
1330,2,3,3,2,3,1,3,1,2,1,2,1,3,3,2,0,2,2,0,3,0,39
1331,0,2,0,1,2,1,1,1,2,0,3,1,1,2,1,0,1,1,1,0,1,22
1332,0,1,2,3,2,1,3,3,3,1,2,2,0,2,3,1,2,3,1,3,1,39
1333,2,0,3,1,2,0,2,0,0,3,1,2,0,3,2,0,2,1,1,1,0,26
1334,2,2,0,1,1,2,1,1,1,3,2,0,3,1,3,1,3,0,3,0,0,30
1335,0,3,3,0,3,1,1,0,0,0,1,0,0,0,3,0,2,0,1,1,2,21
1336,2,0,1,3,3,0,1,1,1,3,3,1,2,3,1,3,1,1,2,0,1,33
1337,1,3,1,0,0,2,0,1,0,0,1,3,3,0,3,1,0,2,1,2,3,27
1338,3,3,0,0,1,3,1,1,2,0,0,2,1,0,3,0,2,0,0,0,3,25
1339,1,3,3,2,3,2,1,2,2,1,0,1,1,1,2,3,2,0,3,3,1,37
1340,3,3,2,1,1,1,3,1,3,1,0,1,3,2,3,3,1,1,0,3,0,36
1341,0,1,0,1,3,1,0,3,1,3,0,0,0,3,1,2,0,3,1,2,2,27
1342,3,1,1,0,3,0,3,3,1,1,0,2,3,2,1,1,0,0,2,0,1,28
1343,3,2,2,0,1,3,1,1,3,3,0,1,2,1,0,3,2,0,2,3,2,35
1344,0,3,3,3,0,3,2,2,3,2,3,3,0,0,1,3,0,1,3,1,3,39
1345,3,0,3,3,3,0,0,0,1,3,0,3,1,3,0,0,0,2,2,3,3,33
1346,3,0,0,0,0,1,0,3,3,0,2,1,2,1,0,1,3,0,3,3,1,27
1347,2,1,2,0,3,1,1,3,0,1,2,3,2,0,1,3,0,2,1,0,3,31
1348,3,0,1,1,3,1,1,1,2,0,0,1,0,1,1,0,1,1,2,2,3,25
1349,2,1,1,0,3,3,0,3,0,2,2,3,3,3,2,0,0,1,3,3,0,35
1350,3,3,0,2,0,3,3,2,0,1,1,3,0,2,1,2,2,0,3,2,2,35
1351,2,2,3,2,2,3,1,2,3,3,1,1,2,2,3,2,0,1,1,3,3,42
1352,2,2,1,3,0,3,3,1,2,1,3,1,3,0,2,1,0,1,0,1,1,31
1353,1,0,3,3,0,3,2,0,1,3,1,0,0,0,0,0,1,2,0,0,2,22
1354,1,2,3,2,1,3,2,0,0,2,2,0,1,1,2,0,2,0,0,2,0,26
1355,3,2,1,2,3,0,0,3,1,3,3,3,2,2,2,2,1,3,2,1,0,39
1356,3,1,1,3,3,0,3,0,1,1,1,0,1,0,2,1,3,1,3,3,3,34
1357,2,0,2,1,0,2,3,2,0,0,1,3,3,3,3,3,0,1,1,2,0,32
1358,2,1,2,2,0,0,3,3,2,2,1,2,0,0,3,0,1,0,1,0,3,28
1359,0,1,0,0,2,0,1,2,2,3,2,0,0,1,1,1,1,1,3,3,1,25
1360,3,0,1,0,2,1,1,2,3,1,2,0,1,2,0,1,0,3,2,0,2,27
1361,0,2,3,2,1,1,0,3,3,0,3,1,3,1,1,1,2,0,0,2,0,29
1362,3,1,2,3,0,1,1,1,3,1,1,3,2,3,3,2,0,1,2,2,2,37
1363,0,3,0,1,1,3,1,3,2,2,3,3,0,3,2,3,2,0,1,1,2,36
1364,1,2,0,1,3,2,2,0,3,3,1,1,3,2,0,3,1,0,3,0,2,33
1365,0,0,2,3,0,2,1,3,2,1,1,3,1,1,0,0,3,0,2,3,1,29
1366,2,3,2,3,2,0,2,1,1,2,2,3,0,2,3,0,0,3,0,2,3,36
1367,1,1,3,3,2,3,0,3,3,1,1,1,1,3,3,1,2,0,1,0,0,33
1368,2,0,3,2,0,2,3,0,2,2,1,1,2,2,2,2,2,3,0,2,0,33
1369,1,1,3,3,3,2,0,1,0,3,1,1,1,3,3,3,2,1,3,2,2,39
1370,0,0,0,0,1,2,2,1,2,1,2,3,2,0,1,1,0,0,0,0,0,18
1371,3,1,0,3,1,0,3,2,2,1,3,2,2,2,2,0,2,1,0,0,0,30
1372,0,3,3,0,2,3,0,2,1,1,3,1,3,1,0,0,3,3,0,0,1,30
1373,1,1,3,2,3,1,1,3,1,1,3,2,1,1,1,1,0,1,3,0,1,31
1374,2,0,3,3,1,2,1,1,1,0,3,2,0,3,2,2,1,2,0,0,0,29
1375,1,0,1,2,2,0,2,1,2,3,3,1,3,3,2,2,0,1,0,0,3,32
1376,3,0,0,1,1,1,0,0,1,0,1,2,1,1,0,0,0,1,2,0,2,17
1377,0,2,0,3,2,2,3,2,0,0,0,3,2,3,1,3,0,1,1,3,1,32
1378,2,2,0,3,1,0,2,2,3,2,0,2,3,1,2,1,2,2,1,0,0,31
1379,2,3,3,1,3,0,0,2,1,1,2,1,3,2,0,2,1,3,3,1,2,36
1380,0,3,2,1,0,0,3,2,2,1,3,1,0,1,0,0,0,3,3,1,0,26
1381,3,2,2,1,2,2,2,2,2,2,2,3,3,2,2,1,1,2,2,3,1,42
1382,1,1,3,0,2,3,1,2,3,3,2,2,2,2,0,1,0,3,3,1,3,38
1383,0,3,0,0,1,0,3,2,2,2,1,0,1,3,3,2,3,3,2,0,2,33
1384,1,0,0,1,1,0,1,2,1,2,3,1,1,2,1,0,1,3,0,1,0,22
1385,2,2,2,1,3,2,2,2,1,2,2,3,2,3,1,1,0,2,3,0,0,36
1386,2,2,3,0,3,2,3,3,2,2,3,1,2,3,2,1,2,3,1,0,3,43
1387,2,0,0,1,3,1,1,3,2,1,1,3,2,0,2,3,0,0,0,1,3,29
1388,0,2,2,1,1,0,0,2,1,1,1,3,1,3,1,2,2,3,1,0,3,30
1389,1,0,1,0,2,0,3,0,0,1,1,2,1,0,0,0,0,2,3,3,2,22
1390,0,3,1,1,1,1,2,2,0,2,2,3,3,0,3,3,2,0,0,3,0,32
1391,3,1,1,1,0,0,3,0,0,3,0,0,1,0,3,0,3,3,2,1,1,26
1392,1,1,1,0,3,0,1,1,3,0,1,2,2,2,1,3,3,2,2,0,0,29
1393,2,1,0,0,1,2,1,1,0,1,0,1,3,3,0,3,0,0,2,1,3,25
1394,2,2,0,1,0,0,0,0,1,2,0,1,1,2,3,3,3,2,2,1,1,27
1395,0,0,2,3,3,0,0,3,0,1,3,2,3,2,0,1,2,1,3,2,2,33
1396,0,3,0,2,1,2,3,2,0,3,0,3,2,3,3,0,0,1,0,3,0,31
1397,1,1,1,2,2,3,3,3,3,1,3,2,2,1,1,2,2,1,3,3,3,43
1398,2,2,1,0,3,1,0,1,2,3,2,1,3,0,0,3,2,1,3,1,3,34
1399,1,2,3,2,2,2,1,2,0,2,1,2,1,2,1,0,0,2,0,2,1,29
1400,1,3,0,3,1,0,3,2,3,1,3,1,3,0,3,2,2,3,3,1,1,39
1401,3,0,2,3,3,2,1,3,0,1,3,1,2,0,3,3,0,0,1,0,0,31
1402,2,2,2,3,3,3,2,3,0,3,1,2,3,3,0,0,0,0,0,3,2,37
1403,0,1,3,0,2,1,1,3,0,1,1,0,0,3,0,2,1,1,0,3,0,23
1404,3,1,3,3,0,1,3,2,1,0,3,0,2,2,0,2,3,3,2,1,0,35
1405,1,1,2,2,2,3,1,2,3,3,2,1,2,2,2,2,3,0,3,3,3,43
1406,2,3,1,1,0,1,2,0,1,0,1,3,1,0,3,1,1,2,0,3,2,28
1407,0,3,3,2,2,0,1,1,0,2,2,2,2,2,0,2,1,2,2,3,2,34
1408,2,0,2,1,1,3,3,0,0,1,0,0,3,1,3,0,1,3,3,1,2,30
1409,0,0,2,0,0,1,1,2,3,1,3,0,1,0,0,3,0,0,0,2,2,21
1410,1,2,2,0,2,3,0,1,0,3,2,2,0,1,0,1,1,2,3,3,3,32
1411,3,0,2,1,1,1,0,1,0,1,2,3,0,1,3,2,1,0,2,1,2,27
1412,2,2,0,2,1,0,3,2,2,1,2,0,2,3,2,1,3,3,2,0,1,34
1413,2,2,0,1,0,2,1,3,2,0,1,0,0,3,3,1,3,3,2,1,1,31
1414,1,3,0,3,1,2,1,0,2,3,0,2,1,3,3,0,0,1,1,3,1,31
1415,0,3,1,3,1,0,0,0,0,1,3,3,1,1,3,3,3,1,0,3,3,33
1416,0,3,1,3,0,0,1,2,2,3,3,1,3,2,2,2,2,0,1,1,3,35
1417,3,3,3,0,3,2,1,3,0,0,2,1,2,2,2,0,3,0,1,3,1,35
1418,0,3,0,0,1,2,3,2,0,3,0,1,0,3,3,3,2,2,0,3,3,34
1419,0,0,0,2,0,3,2,1,0,1,3,3,1,1,2,2,3,0,0,0,1,25
1420,0,2,1,0,3,0,1,0,1,3,3,2,3,1,2,3,0,1,3,3,0,32
1421,0,3,2,0,3,0,3,2,0,1,1,0,0,3,2,3,2,0,2,2,2,31
1422,1,2,0,0,3,1,1,3,3,2,1,1,0,3,2,1,1,3,2,3,0,33
1423,3,1,1,1,0,2,1,2,0,3,1,3,1,1,2,1,2,2,0,3,2,32
1424,0,3,2,2,0,1,1,1,1,2,1,0,2,3,2,2,1,3,0,3,2,32
1425,1,2,0,1,1,3,1,3,2,3,0,0,3,2,1,3,2,1,0,1,0,30
1426,0,0,1,0,2,1,1,2,0,3,0,1,3,1,1,3,2,1,0,3,0,25
1427,0,2,2,1,0,0,1,3,1,0,2,3,1,3,1,1,0,1,2,1,2,27
1428,0,2,0,1,2,0,3,3,2,1,0,2,3,1,3,2,2,0,1,3,2,33
1429,1,0,3,3,0,2,0,3,1,3,0,1,1,3,2,1,1,1,2,0,1,29
1430,2,1,3,2,0,0,0,0,3,2,1,1,3,1,0,1,0,3,2,1,1,27
1431,3,0,3,2,1,3,1,1,1,0,1,1,3,0,3,3,3,0,2,0,2,33
1432,3,0,2,2,3,0,0,0,1,2,0,1,2,3,0,3,3,3,1,2,3,34
1433,2,2,2,3,3,2,1,3,3,1,0,1,2,1,2,1,3,2,1,2,1,38
1434,1,2,0,3,0,1,0,0,0,3,0,0,3,0,2,0,2,2,0,0,0,19
1435,0,1,3,3,2,1,2,2,3,1,2,1,3,3,2,0,0,2,0,3,1,35
1436,0,1,2,2,0,0,0,3,3,0,1,2,3,1,3,2,1,1,1,2,1,29
1437,1,2,0,3,0,1,0,0,0,2,3,1,2,1,3,3,2,0,3,2,2,31
1438,0,0,1,3,0,3,2,3,3,3,3,3,2,1,0,2,2,2,2,3,2,40
1439,3,1,3,3,0,0,1,2,2,3,3,3,1,3,2,1,2,1,0,3,2,39
1440,1,0,0,3,2,3,1,0,3,1,2,0,3,2,3,0,1,3,1,3,1,33
1441,3,1,1,0,1,3,2,2,0,2,2,2,2,3,0,0,1,2,3,1,3,34
1442,0,0,3,0,1,1,0,1,0,2,0,0,1,0,2,0,3,2,1,1,0,18
1443,2,1,0,0,1,1,3,1,2,2,3,3,3,3,2,1,2,0,1,2,0,33
1444,3,3,2,0,1,1,1,1,1,0,3,1,2,2,0,0,2,1,0,2,2,28
1445,2,0,1,3,3,0,1,1,2,2,2,2,2,1,0,1,3,1,0,2,3,32
1446,1,2,1,3,2,2,3,1,0,3,0,3,3,3,2,1,0,0,1,2,2,35
1447,0,1,0,0,1,1,1,3,1,1,0,3,3,0,2,1,0,1,1,3,2,25
1448,2,1,2,2,1,1,3,1,2,2,2,1,2,0,0,0,1,0,0,3,0,26
1449,3,3,1,2,0,2,2,2,0,2,0,1,0,0,2,3,0,2,2,3,1,31
1450,3,1,0,3,3,2,2,1,3,0,2,1,1,1,0,1,2,2,0,3,2,33
1451,3,1,0,2,1,0,3,3,0,1,1,1,0,1,0,0,3,0,1,1,3,25
1452,1,2,1,0,0,1,1,0,1,0,3,2,2,1,2,3,1,2,1,3,2,29
1453,0,3,0,3,2,2,0,1,0,0,2,3,2,2,1,0,2,2,0,0,1,26
1454,0,1,3,3,3,1,3,1,3,3,2,1,2,0,2,3,0,3,3,3,1,41
1455,1,0,2,1,3,3,0,2,2,0,0,3,1,1,2,3,1,2,2,2,2,33
1456,2,1,3,1,3,1,1,3,1,2,2,3,3,1,1,2,0,2,2,2,1,37
1457,1,1,1,0,1,1,0,2,3,1,2,0,3,3,3,3,3,0,3,3,3,37
1458,2,2,2,2,2,0,1,3,2,1,0,1,1,0,3,3,0,3,2,0,2,32
1459,0,1,0,2,0,3,3,1,2,0,3,0,3,3,0,3,0,1,3,0,2,30
1460,1,1,1,2,1,2,0,1,0,0,0,1,1,1,1,2,2,2,0,1,0,20
1461,1,1,0,0,1,0,0,0,0,0,0,0,0,1,1,0,0,1,0,0,1,7
1462,0,1,1,1,1,0,1,1,0,1,0,0,0,0,0,1,0,0,0,0,3,11
1463,1,0,0,1,0,1,0,1,1,0,1,1,1,1,1,1,1,0,0,3,0,15
1464,1,0,0,1,1,0,0,1,1,0,1,1,0,1,0,1,0,3,1,1,0,14
1465,0,1,1,1,0,1,1,0,1,1,0,1,1,0,1,0,0,0,1,1,1,13
1466,1,1,1,1,1,0,1,1,1,0,1,1,0,1,0,0,1,0,1,0,0,13
1467,1,0,0,1,1,0,1,0,0,1,1,0,0,0,0,2,3,3,3,2,1,20
1468,0,1,1,0,1,1,0,1,1,0,1,1,1,1,1,0,0,0,1,0,1,13
1469,0,0,1,1,0,0,0,0,0,0,0,0,0,0,0,1,1,1,0,1,0,6
1470,1,0,0,0,0,0,1,0,1,0,1,1,1,0,0,3,2,2,2,3,3,21
1471,1,0,0,1,0,1,0,0,0,1,1,1,0,1,0,0,0,0,1,0,0,8
1472,3,3,0,0,2,3,1,0,2,3,3,3,0,1,0,0,3,0,1,3,0,31
1473,0,2,2,1,0,3,2,0,1,1,3,1,0,1,0,2,2,1,1,0,0,23
1474,3,2,0,0,3,2,3,2,2,0,2,2,3,3,2,2,3,0,1,2,1,38
1475,1,2,1,2,0,1,1,2,0,3,0,3,2,0,1,2,0,2,1,1,0,25
1476,0,0,0,1,1,2,0,3,1,3,2,0,3,2,2,2,0,1,2,1,1,27
1477,1,2,0,3,3,2,0,3,0,1,3,2,3,1,1,0,1,3,1,3,1,34
1478,2,1,3,2,1,0,1,1,1,0,0,3,3,1,3,1,3,1,3,0,1,31
1479,3,1,2,0,0,3,3,0,1,2,0,2,2,1,1,3,0,0,1,0,0,25
1480,0,2,2,1,2,0,0,1,1,1,1,1,2,1,0,0,1,1,0,3,1,21
1481,1,0,2,0,2,1,0,1,3,3,0,0,3,3,1,2,2,0,3,0,1,28
1482,1,3,0,2,2,3,1,2,0,1,2,3,0,1,0,1,0,3,2,0,3,30
1483,2,3,2,3,1,1,2,1,3,3,1,1,1,0,0,2,2,2,3,2,2,37
1484,2,0,0,0,2,0,0,1,1,3,0,2,0,0,0,0,1,3,1,0,2,18
1485,2,0,3,1,3,1,1,1,1,3,0,0,1,2,3,1,1,2,0,2,0,28
1486,0,1,0,2,1,2,0,3,2,0,1,2,3,0,3,1,2,2,0,3,3,31
1487,2,3,0,1,1,1,3,0,0,0,0,0,1,3,3,0,0,0,2,0,1,21
1488,3,3,0,3,0,3,2,0,0,2,1,1,2,2,3,3,3,1,0,2,1,35
1489,1,0,0,2,3,0,2,0,0,2,1,0,1,2,2,1,2,0,0,3,2,24
1490,3,0,2,1,2,1,1,1,3,2,1,3,2,3,1,2,2,0,1,1,3,35
1491,0,1,0,1,3,2,0,3,0,2,2,1,3,3,0,3,0,2,3,0,1,30
1492,0,1,1,0,1,1,2,0,2,0,2,3,1,1,0,3,3,1,1,0,1,24
1493,0,0,3,0,0,1,1,1,1,2,0,0,1,1,3,2,0,3,3,2,2,26
1494,2,3,2,2,2,2,2,3,2,0,3,3,1,3,0,1,3,1,0,2,2,39
1495,3,2,2,3,0,1,1,2,1,1,1,3,1,3,0,3,2,3,1,1,2,36
1496,2,3,3,3,3,3,3,0,0,0,3,3,2,2,1,3,0,3,0,2,2,41
1497,3,0,3,0,0,0,1,1,0,0,3,0,1,0,3,2,2,0,3,0,0,22
1498,1,0,0,2,3,3,2,0,2,1,3,0,0,0,0,0,0,0,0,1,0,18
1499,1,0,3,3,1,2,1,2,0,1,0,0,1,2,2,3,3,0,2,2,0,29
1500,3,2,3,1,3,3,0,3,3,0,0,2,2,3,1,0,0,3,0,2,1,35
1501,1,2,1,3,1,2,0,3,0,0,1,3,3,0,0,2,0,3,1,1,2,29
1502,0,3,0,1,2,1,3,0,0,1,0,1,1,0,2,3,0,2,0,1,2,23
1503,0,0,1,1,3,1,2,0,0,1,1,2,3,0,2,2,3,3,1,3,1,30
1504,0,2,1,2,1,0,0,3,2,2,3,1,2,0,2,2,0,0,1,3,0,27
1505,0,1,3,3,3,2,1,2,0,1,1,3,2,3,3,1,3,3,1,3,2,41
1506,3,0,0,2,2,2,3,0,3,1,2,0,3,3,0,3,1,3,3,3,2,39
1507,1,2,3,1,3,1,2,2,3,1,0,0,1,0,1,3,3,1,3,1,1,33
1508,2,3,2,1,2,1,0,0,0,0,2,3,2,1,1,3,2,2,2,2,3,34
1509,1,3,2,0,2,0,0,1,0,0,2,1,0,0,1,1,2,1,1,0,1,19
1510,0,1,2,3,0,1,0,0,1,3,1,2,3,2,1,1,0,0,2,2,2,27
1511,1,1,3,1,3,3,2,0,0,3,3,3,2,3,0,1,3,2,1,1,3,39
1512,3,1,0,3,3,2,3,1,1,3,1,3,2,0,3,1,0,3,1,1,2,37
1513,1,1,2,1,2,1,0,2,1,0,0,3,0,2,1,3,0,1,3,2,0,26
1514,3,2,1,0,3,3,2,2,0,0,3,3,1,1,0,1,1,0,3,1,2,32
1515,3,0,1,3,3,2,3,1,0,0,3,3,0,1,2,0,3,0,1,2,0,31
1516,0,2,1,2,1,2,1,2,1,2,0,0,1,3,0,2,1,0,3,0,0,24
1517,2,1,2,3,3,0,1,1,0,3,0,2,1,0,2,0,1,0,1,3,0,26
1518,2,0,3,3,3,1,2,2,3,3,1,1,2,2,1,1,3,0,3,2,2,40
1519,2,2,1,0,1,3,0,0,0,1,2,2,2,1,1,2,2,0,1,3,0,26
1520,2,3,0,0,1,0,2,1,3,3,0,2,0,3,1,2,2,2,3,1,2,33
1521,1,3,1,0,2,0,1,3,2,2,0,2,3,0,2,2,1,0,3,3,3,34
1522,0,1,2,2,3,2,3,2,1,0,3,0,2,0,0,0,0,2,3,2,3,31
1523,2,2,2,0,1,3,3,1,0,3,0,2,2,2,0,2,1,2,3,2,2,35
1524,1,0,0,1,0,1,0,3,3,1,2,2,3,3,2,1,2,3,1,0,0,29
1525,0,1,0,0,0,3,0,1,0,2,2,3,1,1,2,0,0,1,1,3,1,22
1526,1,1,0,0,1,0,1,3,2,2,3,0,2,0,2,1,1,3,0,1,3,27
1527,3,0,3,1,3,2,0,1,3,0,3,3,3,0,1,0,1,3,2,0,3,35
1528,2,0,2,1,3,0,2,2,1,3,2,0,0,3,2,1,0,2,2,2,1,31
1529,2,0,1,3,3,3,3,0,2,1,0,0,2,3,2,1,3,0,3,2,0,34
1530,3,3,0,1,1,1,1,3,1,1,2,3,0,2,1,1,1,1,0,3,1,30
1531,0,0,0,1,0,1,1,1,2,2,0,0,3,1,0,0,0,3,2,2,2,21
1532,0,1,2,1,2,2,3,0,2,2,0,1,2,3,2,0,2,0,1,3,1,30
1533,1,3,1,1,1,0,0,0,0,3,3,2,2,0,1,3,1,1,1,1,3,28
1534,3,1,1,1,0,3,0,2,1,2,2,2,1,2,3,2,0,2,2,0,2,32
1535,1,0,1,3,3,3,1,0,1,0,0,2,3,2,1,0,1,1,2,3,3,31
1536,1,2,2,1,0,2,2,0,1,0,1,0,3,3,0,1,3,0,0,3,2,27
1537,0,0,1,3,1,0,0,1,0,2,2,1,2,1,2,3,2,3,2,3,3,32
1538,2,1,2,3,3,0,2,2,0,3,0,0,2,3,0,2,0,1,3,0,2,31
1539,3,3,2,0,3,3,0,3,0,1,1,0,2,1,1,2,3,1,0,2,2,33
1540,3,0,2,3,2,1,3,1,1,2,2,3,0,0,1,0,3,1,3,0,3,34
1541,2,1,2,3,2,0,3,3,0,0,1,1,2,2,2,0,3,3,3,3,0,36
1542,3,2,0,0,3,0,1,2,2,0,2,1,2,1,2,3,3,3,2,1,3,36
1543,2,0,1,2,1,3,3,3,0,2,3,3,0,2,2,2,0,0,2,3,3,37
1544,1,0,3,2,2,1,1,2,1,0,2,3,0,1,2,3,0,1,3,3,3,34
1545,3,1,1,1,3,3,3,0,2,1,2,1,1,2,3,3,3,2,2,3,3,43
1546,1,2,2,1,3,2,2,0,1,1,2,1,0,1,2,0,0,2,2,0,0,25
1547,1,2,1,1,0,0,1,2,1,1,2,3,3,3,3,2,2,1,2,1,3,35
1548,2,3,2,0,3,2,2,1,3,3,3,3,2,3,2,2,0,2,0,1,3,42
1549,0,2,1,3,2,2,1,2,1,3,0,2,3,2,1,0,2,2,1,0,0,30
1550,2,2,1,0,1,0,3,1,2,2,1,2,0,1,0,3,1,0,3,0,3,28
1551,2,1,2,3,1,2,2,3,3,2,0,3,1,2,3,2,3,2,2,3,0,42
1552,3,1,2,3,0,2,1,0,0,0,3,3,1,0,1,1,1,3,3,1,0,29
1553,3,3,0,1,2,2,3,2,0,3,3,0,0,3,3,2,0,1,2,2,0,35
1554,0,3,2,3,3,3,0,3,0,3,1,2,0,2,3,1,3,1,2,2,0,37
1555,0,1,2,3,1,2,0,2,2,1,3,2,2,2,1,0,0,1,3,1,0,29
1556,3,2,0,0,2,1,1,0,3,0,0,1,0,3,3,1,3,2,0,3,1,29
1557,1,2,1,1,0,0,1,1,3,2,1,0,1,0,2,2,0,2,1,0,0,21
1558,3,2,0,3,3,1,1,3,0,3,0,3,0,2,3,2,1,2,2,3,3,40
1559,1,0,1,1,0,1,3,0,3,1,1,2,0,3,0,2,1,1,1,3,0,25
1560,3,1,3,1,0,3,3,2,0,3,0,3,3,3,0,0,2,3,0,2,3,38
1561,2,2,1,1,3,3,1,0,0,0,2,0,1,1,3,0,3,1,0,1,3,28
1562,3,2,0,2,1,1,2,0,3,1,1,0,1,2,1,0,2,1,0,0,1,24
1563,2,2,0,3,0,3,1,3,0,0,0,1,0,2,1,3,0,1,0,3,1,26
1564,0,2,2,1,0,3,2,3,1,0,2,1,3,0,1,2,3,2,0,2,3,33
1565,1,3,0,1,1,1,0,1,2,2,0,3,3,2,0,0,2,2,0,3,0,27
1566,3,0,2,3,3,0,0,1,2,2,3,1,1,1,0,2,3,2,0,2,0,31
1567,0,2,0,2,3,1,1,2,2,1,0,3,0,3,2,1,3,1,1,1,2,31
1568,3,1,3,2,1,2,2,2,0,0,3,1,0,1,1,0,3,3,1,3,0,32
1569,3,0,3,1,1,3,3,2,0,2,2,1,2,0,3,3,3,3,2,2,1,40
1570,3,1,0,1,1,2,1,0,0,2,2,2,1,3,3,0,0,0,2,2,2,28
1571,1,3,3,0,3,2,3,2,2,2,0,1,2,3,2,0,2,0,1,2,2,36
1572,2,1,3,1,3,1,2,1,1,1,2,0,2,3,3,2,3,0,1,1,1,34
1573,0,0,3,0,2,2,3,3,2,2,2,1,1,2,3,2,1,3,0,3,0,35
1574,2,2,2,3,1,2,0,3,0,2,2,3,1,1,2,2,2,0,3,3,2,38
1575,2,1,0,0,3,1,2,0,1,0,0,3,3,0,2,2,1,1,1,1,2,26
1576,1,0,2,0,0,1,0,2,3,0,2,1,3,2,1,1,0,0,2,1,2,24
1577,0,0,2,1,2,3,1,2,3,1,1,3,0,3,3,0,2,0,3,0,2,32
1578,3,3,3,3,1,2,0,1,2,2,1,3,3,3,3,1,0,2,1,0,0,37
1579,0,3,3,3,1,0,0,0,1,1,1,2,0,2,1,1,1,0,2,1,2,25
1580,0,2,0,0,1,3,0,3,1,2,1,3,2,2,2,0,0,2,3,2,2,31
1581,3,3,3,1,0,0,0,0,2,2,3,1,3,1,1,0,3,1,2,3,1,33
1582,1,2,2,0,0,3,1,2,3,0,0,2,3,1,0,2,2,3,3,2,3,35
1583,3,3,1,0,0,0,2,3,2,0,1,2,2,0,0,0,3,1,1,0,1,25
1584,3,2,1,1,2,3,0,1,1,3,3,3,0,1,0,2,0,0,3,3,0,32
1585,3,0,0,0,0,3,2,1,3,3,0,0,3,0,0,1,3,3,1,1,1,28
1586,3,3,1,3,0,3,2,3,0,2,3,3,1,2,0,1,0,2,0,3,0,35
1587,0,2,0,2,1,2,2,3,3,1,1,1,0,3,3,0,2,0,3,0,0,29
1588,1,1,2,1,3,2,2,3,0,0,0,3,0,0,1,2,3,2,1,0,2,29
1589,1,2,2,3,3,2,2,0,3,2,1,0,2,3,1,0,0,3,3,3,1,37
1590,3,0,3,1,3,0,2,0,3,3,1,2,1,2,3,0,3,2,2,3,3,40
1591,1,2,0,1,0,3,3,0,3,3,0,3,3,0,0,1,1,0,3,3,0,30
1592,2,1,3,2,3,1,3,3,2,2,3,2,2,3,1,0,3,1,3,1,1,42
1593,0,3,0,1,2,2,0,0,3,0,0,0,2,0,2,1,2,1,1,2,1,23
1594,0,1,3,0,0,0,0,0,2,1,0,0,2,0,1,0,2,0,0,1,1,14
1595,0,1,1,0,3,1,2,3,2,3,0,0,2,1,0,2,0,1,1,2,2,27
1596,1,3,1,2,1,2,0,3,2,2,3,1,2,1,2,1,3,0,0,1,2,33
1597,3,0,3,2,1,2,1,3,1,1,1,1,1,0,1,0,2,3,3,0,2,31
1598,2,0,0,1,2,0,3,0,0,3,1,0,2,1,2,0,0,1,3,1,2,24
1599,2,2,3,3,1,0,0,0,0,1,1,3,0,0,1,1,2,3,2,2,3,30
1600,1,2,3,1,2,0,1,0,1,1,0,0,2,2,0,1,1,0,3,0,1,22
1601,0,0,2,2,1,1,2,1,2,3,3,1,2,2,1,3,0,0,3,0,1,30
1602,3,0,3,1,2,2,1,0,1,0,3,1,2,3,1,2,2,0,0,1,1,29
1603,0,2,2,2,2,2,3,1,1,3,3,3,3,2,2,2,2,2,0,3,1,41
1604,0,0,0,3,0,1,1,2,2,0,3,1,3,0,0,2,2,0,0,3,2,25
1605,1,2,0,0,2,0,2,0,3,2,2,3,2,3,0,0,3,0,0,3,0,28
1606,2,2,0,1,0,3,2,1,1,3,1,1,3,0,1,1,3,3,2,3,3,36
1607,0,0,1,0,0,1,3,3,3,0,3,1,3,0,1,2,1,0,2,3,2,29
1608,3,3,0,2,2,0,2,2,3,2,2,0,0,0,2,0,1,0,0,2,2,28
1609,1,0,1,1,3,2,3,0,0,0,3,1,3,3,0,2,0,3,2,0,2,30
1610,1,1,3,3,2,1,0,0,1,2,0,1,1,3,0,1,3,1,1,3,3,31
1611,1,3,1,2,1,2,1,0,2,3,2,3,3,3,2,3,1,0,0,0,0,33
1612,1,2,2,0,2,2,3,1,2,2,0,3,1,0,2,0,1,3,3,3,1,34
1613,0,1,0,1,3,3,0,3,0,1,3,3,2,3,1,1,1,2,3,3,1,35
1614,0,1,1,1,3,1,1,0,3,1,2,0,3,3,0,3,1,0,1,1,1,27
1615,2,1,2,0,2,1,2,0,1,0,1,3,1,2,1,2,2,1,0,2,0,26
1616,3,0,0,3,3,0,1,3,1,0,3,1,3,2,1,2,2,2,0,3,0,33
1617,1,3,0,1,3,2,3,1,2,3,2,2,0,2,2,0,2,2,3,0,2,36
1618,2,2,1,2,2,2,1,3,2,0,0,0,3,1,0,0,3,3,2,2,1,32
1619,2,2,3,1,1,1,0,0,0,1,3,1,0,1,2,3,2,3,1,3,2,32
1620,2,3,3,2,1,2,2,3,0,2,2,2,2,3,3,3,3,1,0,0,1,40
1621,1,1,0,2,0,3,2,3,1,2,2,1,3,0,2,2,0,1,0,3,2,31
1622,0,0,2,1,3,3,1,1,3,3,1,3,2,0,1,2,2,1,1,3,2,35
1623,1,1,3,2,3,2,0,1,0,1,3,1,3,2,3,2,1,1,2,2,3,37
1624,0,1,0,3,2,2,2,0,2,2,0,0,0,2,0,1,3,1,3,3,1,28
1625,1,1,0,0,0,2,0,1,2,2,1,0,1,3,3,3,3,0,3,2,3,31
1626,1,2,0,3,3,0,1,2,2,1,0,2,1,0,2,2,2,1,0,2,2,29
1627,3,3,1,3,1,0,0,2,3,2,3,0,3,1,3,0,3,2,3,0,3,39
1628,0,1,1,3,2,1,1,3,2,3,2,3,2,0,3,0,3,3,0,1,3,37
1629,0,3,0,2,3,1,1,1,3,2,0,1,0,2,2,1,2,0,3,3,2,32
1630,2,2,3,1,0,3,2,3,2,1,1,3,2,3,3,1,2,3,2,0,2,41
1631,0,2,3,1,3,1,2,3,2,1,3,2,3,0,1,3,1,0,2,0,0,33
1632,2,1,1,3,0,2,0,0,3,1,2,1,3,1,2,0,1,2,0,2,2,29
1633,1,1,3,0,3,3,1,2,0,1,2,3,3,2,0,1,3,3,2,0,2,36
1634,1,2,2,3,2,3,3,1,1,2,0,0,1,2,0,0,0,1,2,3,1,30
1635,3,0,0,3,2,1,2,0,3,3,1,2,2,0,0,2,1,3,3,3,2,36
1636,0,2,3,1,3,1,1,3,1,3,1,2,2,0,3,2,1,2,3,2,2,38
1637,0,2,2,2,1,0,0,1,2,1,2,0,0,2,0,0,3,2,0,0,0,20
1638,0,3,1,0,2,3,1,3,0,3,1,0,1,2,3,3,3,0,0,0,1,30
1639,2,2,3,3,3,0,0,1,0,0,3,1,0,3,0,3,2,1,1,0,2,30
1640,0,1,1,0,0,1,2,1,3,3,2,2,1,2,1,2,0,0,2,2,3,29
1641,3,3,2,3,1,3,3,2,3,1,3,1,1,1,3,3,0,2,3,3,0,44
1642,0,3,3,2,0,2,2,1,2,1,2,2,2,2,1,2,2,3,1,0,2,35
1643,0,0,1,3,1,3,3,2,0,3,3,1,2,1,2,0,3,2,2,0,1,33
1644,2,2,0,0,3,1,0,0,3,2,0,2,1,0,2,1,1,3,1,1,1,26
1645,2,2,0,0,1,2,1,3,1,0,0,0,2,1,3,3,0,2,2,3,2,30
1646,1,3,2,1,2,3,0,2,1,3,0,2,0,0,2,1,1,3,1,0,2,30
1647,0,3,3,1,2,0,2,1,0,0,3,0,3,3,0,0,3,1,1,3,1,30
1648,3,0,3,3,1,0,3,0,3,2,0,1,2,1,3,0,0,3,2,3,2,35
1649,1,1,2,0,1,2,2,0,2,1,2,2,3,1,0,2,3,2,3,1,3,34
1650,3,0,1,1,0,3,2,1,2,3,0,2,0,0,1,3,2,1,3,1,3,32
1651,0,3,3,2,0,1,3,0,1,2,0,2,0,1,1,1,1,0,3,2,1,27
1652,0,1,1,0,2,1,0,1,0,2,0,2,3,1,3,2,2,3,3,0,0,27
1653,1,1,1,3,3,2,3,3,1,1,2,1,1,3,2,0,3,0,3,2,3,39
1654,1,2,2,3,3,2,1,2,1,2,0,2,1,2,3,0,3,1,3,2,0,36
1655,0,1,3,3,0,1,2,2,0,1,2,3,2,3,1,2,2,0,1,1,2,32
1656,0,1,3,0,1,2,3,0,1,3,1,2,0,1,1,3,0,1,1,3,2,29
1657,3,3,0,3,0,3,3,3,1,1,1,1,3,3,0,0,0,3,2,2,1,36
1658,1,3,1,1,0,0,1,0,3,1,0,3,2,3,3,3,1,0,3,1,2,32
1659,1,0,2,1,0,0,3,0,1,1,3,2,1,2,1,0,3,0,3,3,1,28
1660,1,0,1,1,0,3,2,0,3,3,2,2,3,1,0,3,3,2,1,1,0,32
1661,0,3,2,2,3,2,1,1,1,0,3,0,1,0,1,3,3,2,3,0,3,34
1662,1,0,1,0,3,2,1,3,0,1,2,3,2,0,0,2,0,0,0,0,0,21
1663,0,1,2,3,2,2,2,3,0,2,2,0,1,2,2,2,1,2,2,3,1,35
1664,2,1,0,1,3,1,1,0,0,1,0,1,2,3,3,2,2,1,1,2,3,30
1665,3,2,3,0,0,3,1,3,1,3,0,2,1,1,0,0,1,3,1,3,3,34
1666,2,2,2,0,1,0,0,1,0,2,2,2,2,2,3,0,3,1,1,3,3,32
1667,0,2,1,0,2,2,3,3,0,1,1,1,0,3,3,1,3,0,2,3,3,34
1668,3,0,2,1,1,2,0,3,2,2,3,3,1,1,2,3,0,2,1,3,3,38
1669,3,1,0,1,1,1,0,2,3,0,1,3,0,3,3,1,0,3,2,3,3,34
1670,1,1,2,2,0,1,2,0,2,1,3,1,2,0,0,3,2,1,3,1,2,30
1671,3,3,1,0,1,0,2,1,0,0,3,0,3,1,1,2,0,0,1,1,1,24
1672,3,0,0,1,0,1,1,1,0,3,1,1,1,0,2,0,0,0,3,1,0,19
1673,1,1,3,1,0,0,2,3,0,3,1,0,1,0,1,3,0,0,2,3,1,26
1674,3,2,2,0,1,2,1,3,3,0,3,2,1,1,2,0,0,1,3,2,3,35
1675,3,0,3,2,0,2,2,0,3,2,0,3,3,1,0,3,3,1,0,0,0,31
1676,1,0,3,2,0,1,1,2,1,0,0,0,1,2,0,0,1,3,1,0,1,20
1677,2,0,0,0,1,0,2,0,0,2,1,3,3,2,0,3,0,2,3,3,3,30
1678,0,2,0,3,3,0,3,1,0,1,3,1,0,3,0,2,2,1,2,0,1,28
1679,3,1,0,0,2,1,3,0,0,0,1,2,1,0,2,0,1,3,0,1,1,22
1680,0,2,2,0,3,2,2,0,3,3,1,3,1,0,0,0,0,1,2,3,3,31
1681,1,0,1,3,2,1,1,1,3,2,1,1,3,3,2,2,3,0,2,0,1,33
1682,3,2,1,2,2,3,2,2,3,3,0,1,2,3,3,1,1,1,2,2,2,41
1683,2,2,2,0,3,2,3,3,1,1,3,2,2,1,3,2,3,1,0,3,1,40
1684,3,0,0,2,1,3,0,0,0,3,0,1,3,3,3,0,0,1,2,0,3,28
1685,1,0,2,0,3,2,0,3,2,3,1,2,2,2,1,3,3,3,1,0,3,37
1686,0,0,3,0,2,3,1,3,2,3,0,2,0,1,2,0,1,3,0,0,2,28
1687,1,1,1,1,2,2,0,0,2,3,0,3,1,1,3,0,3,0,0,0,2,26
1688,3,0,3,0,2,1,1,0,2,1,1,0,1,1,2,1,0,1,2,3,1,26
1689,2,3,1,3,3,2,3,1,0,1,3,2,1,2,0,3,3,3,2,3,2,43
1690,3,0,2,3,1,1,0,3,1,0,1,3,0,2,3,3,2,2,2,2,1,35
1691,2,0,0,2,0,3,3,3,2,0,3,3,2,3,1,1,0,1,2,2,3,36
1692,2,1,2,1,1,2,2,0,3,3,1,1,3,2,2,0,3,0,1,3,1,34
1693,1,1,1,0,1,2,3,3,3,0,0,1,0,1,0,2,0,3,1,2,3,28
1694,3,1,1,2,2,3,1,2,3,3,3,2,0,2,1,2,3,3,2,3,3,45
1695,3,2,3,0,0,0,0,3,3,0,1,2,3,3,3,0,0,0,0,3,3,32
1696,0,3,2,0,3,0,0,0,1,0,3,1,3,1,2,2,3,0,1,1,2,28
1697,0,2,2,0,0,1,3,2,0,1,3,2,2,0,1,2,0,2,3,1,0,27
1698,0,1,0,1,2,3,2,3,3,0,3,2,0,2,2,1,3,0,0,2,3,33
1699,3,1,1,0,3,1,3,3,1,1,1,2,2,2,0,3,3,0,2,1,0,33
1700,2,3,0,1,0,3,3,1,0,0,2,0,2,2,1,1,3,3,3,3,2,35
1701,1,0,1,0,3,3,2,2,0,0,3,1,1,0,2,0,2,3,3,2,3,32
1702,2,2,0,0,0,0,2,1,0,2,1,2,0,2,0,1,0,2,3,2,3,25
1703,2,1,1,2,2,0,3,3,3,1,2,3,2,0,3,3,3,3,2,2,0,41
1704,2,3,2,1,3,0,0,3,2,3,3,2,3,0,3,0,1,3,1,1,2,38
1705,3,3,0,0,2,2,1,3,3,2,1,3,1,0,2,2,2,2,1,2,0,35
1706,1,3,1,2,2,2,3,3,3,0,0,3,1,3,0,3,3,3,0,3,0,39
1707,3,2,1,0,1,0,1,0,3,1,2,2,0,0,3,2,1,0,3,1,3,29
1708,2,3,0,0,0,0,1,0,2,2,0,1,1,1,2,0,0,0,2,3,0,20
1709,2,1,3,3,2,2,2,0,1,0,1,3,1,0,3,1,1,1,1,2,1,31
1710,2,3,0,0,0,2,0,2,3,3,1,0,1,1,0,1,2,3,3,1,2,30
1711,1,0,3,1,0,1,2,3,3,1,2,2,3,2,2,3,2,1,1,3,2,38
1712,3,1,1,0,1,2,1,1,1,1,2,1,0,1,1,1,3,3,2,1,0,27
1713,1,2,1,0,1,3,0,2,2,3,1,1,1,0,1,1,1,0,3,0,3,27
1714,0,3,2,3,3,2,3,1,0,3,1,1,3,3,0,2,3,2,0,0,1,36
1715,1,2,3,2,0,0,0,2,2,3,2,0,0,1,0,3,3,3,1,1,0,29
1716,1,3,2,1,3,3,1,1,0,0,2,3,2,3,0,2,2,2,0,2,3,36
1717,2,2,1,0,0,3,1,0,3,3,1,2,1,0,3,2,2,3,3,3,3,38
1718,0,3,2,2,2,0,3,3,1,3,0,2,1,1,1,2,0,0,2,1,2,31
1719,1,1,0,0,3,2,2,2,2,2,1,0,0,2,3,3,1,3,2,2,3,35
1720,0,0,2,3,1,3,1,1,1,3,1,0,3,2,0,3,3,0,2,0,2,31
1721,2,1,0,2,1,2,1,2,2,2,0,2,2,2,3,1,1,1,1,3,3,34
1722,0,2,3,0,1,0,2,3,2,0,0,0,0,2,3,2,0,1,3,3,0,27
1723,1,3,1,1,3,1,2,1,3,3,3,0,0,0,2,3,2,2,1,1,1,34
1724,3,2,3,2,2,3,0,3,1,2,3,3,3,2,3,2,0,3,0,2,2,44
1725,3,0,3,0,3,0,3,3,3,1,1,0,1,3,2,1,2,1,2,1,2,35
1726,1,1,0,1,1,3,2,0,3,3,2,2,2,2,1,3,1,1,3,3,2,37
1727,1,0,0,3,0,0,2,3,1,3,1,1,2,2,1,1,3,1,3,1,2,31
1728,2,3,1,2,2,3,0,1,0,3,3,3,3,0,0,1,1,0,1,3,3,35
1729,1,0,2,3,1,1,3,0,3,2,1,0,2,2,1,2,1,2,2,3,2,34
1730,2,0,2,2,1,1,1,0,2,0,1,2,3,3,2,3,1,1,3,0,0,30
1731,1,0,2,1,0,2,2,2,2,2,0,2,0,0,2,3,2,0,2,0,3,28
1732,1,2,3,0,3,1,0,3,3,0,3,3,0,3,0,2,0,0,1,3,2,33
1733,2,0,0,1,2,2,2,0,2,3,0,1,1,1,2,1,0,3,0,0,3,26
1734,2,1,1,1,3,3,3,1,0,0,1,2,1,3,1,0,0,2,1,1,3,30
1735,1,2,3,3,0,1,1,0,3,3,1,3,0,1,1,1,3,2,3,0,3,35
1736,0,3,3,0,2,0,0,0,1,2,2,0,1,1,2,1,0,2,2,1,2,25
1737,0,0,0,1,0,2,2,0,3,0,1,0,0,1,3,2,1,2,2,3,3,26
1738,3,2,3,0,0,1,2,1,2,2,3,2,2,3,3,2,3,0,0,0,2,36
1739,2,3,3,0,0,1,0,1,3,1,2,3,3,1,2,2,1,3,2,2,2,37
1740,0,2,3,0,1,3,0,3,2,3,2,0,0,0,2,2,0,1,3,2,0,29
1741,1,2,3,3,2,1,1,1,1,3,1,3,1,3,0,2,3,3,2,3,1,40
1742,1,1,2,3,2,0,0,1,1,0,1,3,2,1,2,2,0,3,3,0,2,30
1743,2,2,1,0,0,1,3,1,0,1,3,1,0,2,3,1,3,3,1,1,1,30
1744,2,2,0,2,0,2,3,1,3,3,1,3,1,1,2,3,2,1,3,0,3,38
1745,1,1,3,2,2,2,1,3,0,2,3,2,1,1,2,3,3,1,2,3,3,41
1746,0,2,2,1,1,3,2,0,0,0,2,3,2,1,0,2,2,2,0,1,2,28
1747,0,1,2,1,1,2,3,3,0,3,0,2,3,2,1,1,1,3,1,0,1,31
1748,1,2,1,1,1,0,1,2,3,2,3,1,0,0,3,2,0,0,0,0,1,24
1749,1,1,3,2,2,2,0,1,3,2,0,0,0,0,3,2,3,3,1,2,0,31
1750,2,2,0,1,1,3,2,0,2,1,0,3,2,0,0,1,0,1,0,0,1,22
1751,2,1,1,0,3,2,2,0,3,1,0,3,3,3,1,3,2,3,0,3,0,36
1752,2,0,2,1,0,0,2,0,2,1,0,1,2,2,3,3,2,0,3,3,1,30
1753,0,1,3,2,3,2,2,1,0,1,1,3,0,1,3,2,2,1,0,1,1,30
1754,3,0,3,2,3,2,0,3,0,1,2,2,0,3,0,1,1,1,0,1,1,29
1755,3,1,1,3,3,0,1,0,0,1,3,0,2,3,1,3,3,2,2,0,0,32
1756,2,0,2,1,3,0,2,3,0,2,1,3,1,3,2,0,3,2,1,0,0,31
1757,3,2,3,1,1,0,2,0,2,0,1,0,0,2,0,1,2,3,3,2,3,31
1758,2,0,1,2,1,0,2,0,2,2,0,0,1,2,1,2,0,1,2,0,1,22
1759,3,3,1,3,2,1,3,2,1,0,3,2,0,2,3,0,2,1,3,3,2,40
1760,0,3,2,0,2,1,3,1,3,2,3,3,3,0,3,0,1,2,0,3,2,37
1761,2,3,0,3,1,2,1,3,1,1,2,3,3,1,0,2,0,3,3,0,3,37
1762,2,2,0,1,1,0,2,2,0,2,2,2,1,0,1,3,0,0,1,2,2,26
1763,1,1,1,1,1,2,0,1,1,0,0,3,2,1,1,2,2,1,3,2,0,26
1764,2,0,2,2,0,3,2,3,2,2,2,0,0,1,3,3,1,2,1,3,3,37
1765,3,3,3,0,3,2,2,3,1,2,2,2,1,0,2,2,2,2,0,0,0,35
1766,0,2,2,3,1,2,0,0,1,1,2,2,3,3,2,3,3,1,0,1,0,32
1767,2,3,3,1,3,1,0,0,1,3,0,1,2,2,2,3,2,0,1,0,1,31
1768,0,3,1,2,0,1,1,3,3,0,2,2,0,1,2,1,3,1,1,0,0,27
1769,2,0,2,2,1,3,0,3,0,2,1,1,1,1,2,0,3,2,2,1,2,31
1770,1,3,0,2,0,0,1,3,3,1,3,3,3,2,2,3,2,2,2,0,0,36
1771,3,0,1,2,0,1,1,0,0,2,3,0,3,1,1,2,2,3,3,0,0,28
1772,0,1,0,3,3,3,1,2,0,1,3,3,3,2,1,0,2,1,0,0,2,31
1773,0,0,0,2,2,2,2,0,2,2,0,1,3,0,3,2,1,0,2,3,3,30
1774,3,0,1,1,3,0,2,3,0,2,1,1,2,3,0,2,2,1,0,3,1,31
1775,0,2,0,2,2,1,3,2,2,1,3,1,0,0,3,3,2,1,1,1,2,32
1776,0,3,1,2,1,3,2,1,3,1,2,0,2,3,1,1,1,1,0,2,3,33
1777,3,2,0,2,0,2,2,3,0,1,1,2,3,1,1,2,3,0,3,1,0,32
1778,1,2,3,1,2,2,0,1,3,0,2,1,2,0,0,2,2,3,2,2,0,31
1779,3,3,1,1,1,1,3,3,2,2,0,3,0,3,2,0,3,0,1,2,0,34
1780,0,1,2,3,2,3,1,1,1,1,0,3,0,3,2,0,0,1,0,3,2,29
1781,0,0,1,1,0,2,2,2,3,0,3,1,3,1,1,0,3,3,2,2,0,30
1782,2,3,3,0,3,2,3,2,3,0,1,2,1,1,3,0,0,2,3,3,2,39
1783,3,3,3,3,0,2,2,0,0,1,1,3,0,0,3,1,2,0,1,2,2,32
1784,2,1,0,3,3,1,3,0,3,2,0,1,3,3,1,1,2,1,0,3,3,36
1785,0,1,3,0,3,0,3,2,2,0,1,1,1,2,1,0,1,3,3,2,3,32
1786,0,2,2,3,3,3,3,2,0,3,2,3,2,0,0,2,3,3,1,3,0,40
1787,3,3,3,2,3,0,1,1,3,3,3,1,2,0,1,0,2,2,3,1,3,40
1788,1,3,3,3,2,2,2,0,1,1,3,2,0,3,2,2,2,1,1,1,0,35
1789,1,2,1,2,3,2,1,3,2,0,1,3,0,3,0,1,1,3,1,0,3,33
1790,2,2,2,3,1,2,0,2,1,2,1,3,2,2,2,0,0,0,3,1,0,31
1791,3,3,1,2,1,2,3,1,0,2,3,3,3,0,2,0,2,1,3,2,1,38
1792,1,0,3,3,0,2,2,3,0,1,2,1,2,1,2,1,3,1,2,2,3,35
1793,0,3,1,0,1,3,2,3,1,3,0,0,0,2,3,3,1,3,1,0,0,30
1794,3,0,3,3,3,0,0,2,2,2,2,1,3,1,3,3,1,1,3,0,1,37
1795,2,1,0,3,2,3,2,2,3,0,3,3,0,3,3,0,3,2,0,0,0,35
1796,0,2,0,3,1,2,1,0,2,3,1,1,1,1,1,2,3,3,1,1,0,29
1797,2,2,1,1,2,3,3,2,2,2,3,2,2,0,2,3,3,1,3,0,3,42
1798,3,0,1,3,1,3,1,3,3,1,0,3,0,0,1,2,1,0,0,1,3,30
1799,1,2,3,0,3,1,0,1,2,3,0,2,3,0,3,1,0,2,3,0,3,33
1800,3,0,0,2,0,1,0,2,1,1,0,3,3,0,2,3,3,3,1,0,0,28
1801,3,3,2,0,3,2,3,0,1,0,1,1,1,2,0,2,0,1,0,1,1,27
1802,2,0,0,3,0,0,3,0,3,2,0,0,2,1,2,2,3,0,3,3,0,29
1803,2,1,3,2,1,0,1,0,1,1,0,0,3,0,3,1,1,1,1,3,2,27
1804,3,0,2,1,1,3,3,3,3,3,3,3,3,1,2,0,2,1,0,3,2,42
1805,1,3,2,3,0,2,2,1,2,2,2,0,1,2,3,3,3,3,2,2,0,39
1806,0,2,3,2,3,0,3,0,3,1,2,2,1,2,0,0,0,2,2,0,1,29
1807,3,3,2,1,2,0,1,3,3,2,3,0,0,0,3,0,1,3,2,2,0,34
1808,1,1,2,1,1,3,1,3,1,0,3,0,2,0,1,1,1,2,2,1,1,28
1809,2,0,2,1,2,3,2,2,3,0,0,2,1,2,1,1,3,2,1,2,2,34
1810,2,1,2,1,1,0,0,1,1,3,3,0,3,2,2,1,1,3,1,2,0,30
1811,1,1,3,2,3,0,3,1,0,3,0,0,3,3,3,1,0,3,0,1,3,34
1812,1,3,3,0,3,0,2,2,3,2,2,2,0,2,2,0,0,0,2,2,2,33
1813,3,3,0,3,0,3,0,2,3,2,2,2,0,3,0,0,1,3,3,0,0,33
1814,0,1,0,3,0,1,3,0,3,0,2,1,2,3,1,3,1,0,3,0,1,28
1815,3,0,1,2,0,3,1,2,3,2,3,2,2,0,1,3,1,1,1,0,0,31
1816,0,2,0,1,2,2,0,1,3,0,3,3,0,1,2,0,3,3,2,0,3,31
1817,1,0,0,0,0,3,0,0,1,3,1,2,0,0,2,1,0,2,2,2,0,20
1818,0,3,1,3,1,2,1,1,3,1,3,1,1,0,3,3,0,0,0,3,3,33
1819,0,1,0,2,2,3,2,2,2,2,1,2,3,2,0,2,2,3,3,3,2,39
1820,0,1,3,0,3,1,3,3,1,3,0,2,2,1,0,0,0,0,2,2,1,28
1821,3,0,1,1,1,3,3,0,1,0,3,3,3,3,3,1,3,1,0,1,2,36
1822,1,1,3,2,3,0,3,0,1,3,1,3,2,1,0,2,2,1,3,0,3,35
1823,3,1,2,1,0,1,3,1,1,1,3,3,3,3,0,2,3,2,2,1,3,39
1824,2,1,2,2,1,0,2,2,1,1,2,0,1,1,0,2,0,0,0,2,2,24
1825,0,1,1,2,1,0,3,2,2,0,2,1,1,1,0,1,2,0,2,0,3,25
1826,1,1,1,1,0,0,3,1,3,2,0,0,1,1,0,1,1,0,2,1,1,21
1827,2,2,0,0,0,3,3,3,0,1,0,2,3,2,0,0,2,1,1,1,3,29
1828,1,0,1,1,0,0,2,3,3,0,1,3,1,3,1,3,2,1,3,3,2,34
1829,3,0,1,3,3,1,0,3,1,3,3,1,2,2,2,3,2,1,2,2,0,38
1830,3,0,3,2,1,1,3,1,0,1,0,0,1,2,3,2,2,3,2,2,1,33
1831,0,2,2,3,1,3,1,0,3,0,3,1,3,3,3,2,3,1,0,3,2,39
1832,2,1,1,3,0,3,3,1,1,3,2,2,3,2,2,3,1,2,3,3,3,44
1833,2,3,3,0,3,0,0,1,3,0,0,3,2,0,2,1,0,2,3,0,1,29
1834,0,0,1,0,2,2,1,1,3,1,0,0,2,3,1,2,2,3,2,1,2,29
1835,3,3,3,2,3,3,1,3,2,0,3,1,1,2,2,3,3,1,0,1,2,42
1836,3,1,0,1,0,2,0,0,3,1,0,0,2,2,3,1,3,0,1,1,0,24
1837,2,2,3,2,0,0,1,1,0,3,3,2,2,0,0,2,1,2,2,0,1,29
1838,0,3,1,2,3,1,2,1,3,2,3,3,0,0,2,0,2,2,3,3,1,37
1839,1,2,3,3,1,0,3,1,0,1,2,1,2,2,2,1,3,2,0,0,2,32
1840,1,0,3,1,2,1,3,2,1,1,3,3,3,2,1,2,2,2,1,0,1,35
1841,1,1,3,2,2,1,3,3,3,2,2,0,2,3,0,0,2,0,2,3,2,37
1842,2,2,1,1,1,0,2,3,0,0,0,2,3,2,0,1,3,1,2,3,1,30
1843,3,2,3,1,2,0,0,0,2,3,0,0,1,3,2,1,3,2,1,2,1,32
1844,3,3,3,0,0,3,1,2,3,0,3,2,1,0,0,2,3,2,3,1,2,37
1845,0,1,1,0,1,1,3,1,0,1,3,1,2,0,0,2,2,0,0,3,0,22
1846,0,1,1,2,3,0,1,3,3,3,3,2,2,0,2,3,0,2,1,1,0,33
1847,1,1,3,3,1,2,2,3,2,0,3,0,0,2,3,1,0,1,0,1,1,30
1848,3,3,2,1,0,1,0,3,0,3,1,0,2,0,1,1,2,0,3,1,0,27
1849,0,0,3,1,1,3,2,0,3,3,3,3,2,3,0,3,3,2,2,3,2,42
1850,2,1,2,2,1,3,0,3,3,0,3,1,1,0,0,0,1,0,3,1,2,29
1851,0,3,0,2,0,2,3,2,1,1,0,3,0,0,2,2,0,2,0,3,0,26
1852,1,2,1,1,0,2,3,2,2,1,2,3,2,0,3,0,0,2,3,0,3,33
1853,0,2,2,3,0,0,3,0,1,3,2,0,2,0,0,1,2,2,2,2,1,28
1854,2,0,3,2,3,3,0,3,1,3,3,2,1,1,2,3,0,0,3,2,2,39
1855,0,1,0,2,0,1,0,0,0,0,2,3,2,1,0,1,1,3,3,3,3,26
1856,2,3,0,3,1,2,3,3,3,3,2,1,3,0,3,3,3,2,2,3,0,45
1857,1,0,0,0,1,1,1,0,0,2,1,1,2,0,3,3,2,2,2,2,0,24
1858,0,2,1,0,3,3,1,2,0,1,1,2,2,0,1,3,0,1,0,0,1,24
1859,2,1,3,0,0,2,2,0,0,1,0,1,3,3,1,2,1,0,0,2,3,27
1860,1,0,0,0,2,3,1,1,0,0,0,3,2,3,3,3,1,1,0,2,1,27
1861,1,0,0,0,2,2,3,0,0,2,3,0,2,1,2,1,0,2,2,0,3,26
1862,2,2,3,0,2,2,3,0,0,2,1,0,0,1,1,1,1,2,2,1,1,27
1863,1,1,1,1,1,2,0,0,3,1,2,1,3,2,3,1,1,1,0,0,3,28
1864,0,0,0,2,0,3,1,2,3,3,0,0,0,0,3,2,3,0,1,0,1,24
1865,0,3,2,0,0,3,3,3,0,1,0,3,2,3,0,0,0,3,1,0,1,28
1866,3,2,3,2,0,3,3,2,2,1,3,2,0,2,2,1,2,3,0,0,3,39
1867,3,1,1,2,1,2,2,1,2,1,0,2,0,3,0,2,2,3,0,1,0,29
1868,3,0,3,0,2,0,1,2,2,0,0,0,3,3,0,2,0,1,1,3,2,28
1869,3,1,2,1,2,2,3,1,0,1,1,3,1,3,1,2,1,1,0,1,1,31
1870,3,1,3,1,2,2,3,3,2,1,3,1,3,1,2,1,0,2,1,2,0,37
1871,0,2,2,0,3,0,3,1,3,3,3,3,1,2,1,3,2,1,0,0,0,33
1872,1,0,0,2,3,2,0,1,1,1,0,1,1,3,1,3,0,2,2,0,1,25
1873,3,0,3,3,3,2,1,0,2,2,1,3,0,2,1,1,2,0,0,1,1,31
1874,2,3,1,2,0,1,1,3,3,0,1,0,1,2,1,3,3,3,2,3,0,35
1875,1,2,1,2,1,3,2,1,3,0,3,3,0,0,1,2,0,3,1,0,0,29
1876,0,1,3,0,2,3,3,1,1,2,1,1,3,1,2,1,2,3,1,3,1,35
1877,3,3,3,1,2,3,0,1,3,2,1,0,0,2,2,1,1,3,0,3,2,36
1878,2,3,2,1,3,2,0,0,3,1,1,0,0,0,1,2,3,3,2,2,2,33
1879,3,0,0,3,3,3,1,1,2,3,2,1,3,2,0,3,2,1,0,0,1,34
1880,2,2,1,2,3,1,1,1,0,3,0,2,2,2,3,2,0,3,1,0,3,34
1881,1,2,0,0,0,1,0,0,1,0,0,0,2,0,2,1,3,2,2,2,2,21
1882,1,2,0,2,0,1,1,2,3,2,2,3,3,3,2,2,0,3,3,3,3,41
1883,1,2,1,3,0,3,1,3,0,2,3,0,2,2,0,0,3,0,0,2,2,30
1884,2,0,0,1,2,1,2,3,1,3,0,0,1,0,2,0,1,0,2,0,0,21
1885,1,1,0,1,0,2,0,1,1,0,1,1,2,1,3,1,2,3,0,2,1,24
1886,3,0,2,3,3,0,1,3,2,2,0,0,1,0,1,1,1,2,0,2,3,30
1887,0,0,2,3,1,2,1,2,2,0,0,3,1,1,3,3,2,2,1,2,2,33
1888,3,0,2,0,0,3,2,0,1,1,1,1,0,0,1,0,3,2,3,2,0,25
1889,1,1,3,1,0,3,3,1,2,1,3,2,1,1,1,2,2,2,3,3,2,38
1890,0,3,2,2,2,2,2,3,2,0,0,0,2,0,1,2,3,0,0,0,0,26
1891,2,3,3,2,1,1,0,1,2,3,1,3,0,0,2,1,0,1,3,1,2,32
1892,3,2,1,3,3,3,0,1,3,2,0,2,0,1,2,1,1,3,0,1,2,34
1893,1,2,0,3,2,0,2,3,3,3,1,0,1,3,2,0,2,0,2,1,0,31
1894,0,3,1,2,3,1,3,3,3,0,2,2,2,0,2,1,2,3,1,3,3,40
1895,3,2,0,2,3,1,2,2,1,2,1,2,1,3,2,0,3,0,2,3,2,37
1896,0,2,2,1,0,3,1,3,2,3,3,1,1,0,1,1,1,1,2,3,1,32
1897,0,0,1,1,0,0,1,2,1,0,1,3,1,0,2,0,0,3,0,1,1,18
1898,0,3,1,3,3,2,3,1,1,2,0,2,2,2,2,3,2,0,3,2,3,40
1899,2,1,3,3,1,1,3,1,0,2,3,3,2,3,2,2,2,0,2,0,1,37
1900,0,2,1,3,1,1,0,0,2,0,2,0,3,0,3,0,0,3,0,0,3,24
1901,2,3,0,1,0,0,0,3,1,0,1,2,0,2,0,0,2,1,0,2,3,23
1902,2,0,2,1,1,2,3,2,1,0,0,2,0,1,2,2,0,0,2,2,1,26
1903,1,1,0,0,2,3,2,3,2,0,0,0,0,1,1,3,2,0,0,2,0,23
1904,3,3,0,3,2,0,1,3,0,1,1,2,0,1,0,3,1,1,2,0,2,29
1905,3,1,1,1,3,2,0,2,1,3,3,3,2,2,2,1,0,0,0,1,2,33
1906,1,1,1,3,1,0,2,0,0,1,2,2,0,2,2,0,3,0,1,2,2,26
1907,1,0,3,3,1,1,1,2,2,1,1,3,0,2,3,2,3,1,3,0,0,33
1908,0,1,0,1,2,1,0,3,0,1,1,1,0,3,1,2,1,0,1,0,2,21
1909,1,0,2,0,0,0,0,0,1,3,2,1,3,2,3,0,0,3,0,0,2,23
1910,0,1,0,2,1,0,1,3,2,3,0,1,2,3,1,3,1,0,3,2,1,30
1911,1,3,0,1,1,3,3,2,2,3,3,1,1,3,0,3,2,0,2,0,0,34
1912,0,0,2,3,1,0,2,0,1,1,1,1,1,0,2,2,3,2,3,1,2,28
1913,3,2,0,0,0,1,2,3,1,0,0,1,0,0,1,1,0,1,1,2,1,20
1914,3,2,0,3,1,0,0,0,0,0,1,3,3,0,2,3,3,3,0,0,2,29
1915,1,1,3,0,1,2,1,1,3,2,1,1,1,1,1,0,2,3,3,3,3,34
1916,2,3,1,3,2,2,1,3,0,1,0,0,0,2,2,0,3,1,3,2,2,33
1917,3,2,0,0,3,2,3,3,2,0,2,2,3,2,0,1,0,0,1,2,0,31
1918,1,1,2,3,2,1,2,2,2,1,2,1,0,2,0,1,3,0,2,0,2,30
1919,1,2,0,1,1,3,0,1,2,2,2,1,1,0,1,3,3,2,1,1,1,29
1920,3,0,2,2,2,2,1,3,0,2,2,2,3,0,3,1,1,3,0,0,0,32
1921,0,2,2,2,3,2,3,1,3,3,0,3,3,1,0,1,1,3,2,2,0,37
1922,0,0,2,0,3,0,2,2,0,2,0,0,2,2,1,3,0,3,3,3,0,28
1923,3,2,1,2,0,0,1,1,0,2,2,3,3,1,1,0,2,3,2,2,0,31
1924,0,2,1,3,3,0,3,3,3,3,0,2,0,1,0,2,1,3,2,0,2,34
1925,2,0,0,1,3,1,1,3,2,0,0,0,3,0,0,0,3,1,0,0,0,20
1926,2,3,3,3,1,0,2,0,0,2,1,2,3,0,1,1,2,3,0,2,0,31
1927,3,0,3,2,0,0,1,1,2,2,3,1,0,2,1,3,1,1,3,1,1,31
1928,2,1,0,1,3,2,1,1,3,2,3,3,1,3,2,0,0,0,0,2,2,32
1929,2,2,0,3,3,3,1,0,3,3,0,1,1,2,2,0,1,1,0,3,0,31
1930,1,2,3,0,2,2,3,0,0,3,0,2,1,2,2,2,2,2,2,3,2,36
1931,0,2,1,3,0,3,2,0,0,1,2,0,1,0,1,3,3,2,1,1,2,28
1932,0,1,0,3,3,3,0,3,2,1,1,1,3,3,2,1,3,0,1,1,2,34
1933,2,2,2,1,2,1,2,3,2,0,1,0,0,0,3,1,3,2,0,1,2,30
1934,0,2,2,1,2,0,1,2,3,1,3,1,3,1,2,2,1,3,3,0,3,36
1935,2,1,0,1,3,3,2,0,3,0,2,0,2,2,2,2,2,0,3,1,3,34
1936,2,0,2,1,3,3,0,2,0,2,3,1,3,1,0,0,2,3,3,1,3,35
1937,2,0,2,1,2,1,0,0,2,0,0,3,1,3,3,3,0,1,2,2,3,31
1938,0,3,3,3,0,3,0,3,1,2,2,0,3,1,2,1,0,2,2,2,1,34
1939,3,2,1,0,0,2,0,1,0,0,1,3,0,3,0,1,1,2,3,0,0,23
1940,0,1,0,1,3,0,3,3,3,2,2,3,0,2,3,0,0,0,0,3,0,29
1941,0,1,3,2,2,2,1,3,2,3,3,0,2,3,1,2,2,3,2,0,2,39
1942,3,0,0,3,2,3,1,2,1,1,2,2,0,1,3,3,2,2,3,3,2,39
1943,0,0,3,0,2,0,1,1,2,2,0,1,3,3,3,2,0,1,1,2,1,28
1944,3,1,0,1,3,3,3,3,2,0,1,3,1,2,2,3,1,2,1,1,3,39
1945,2,3,0,3,0,0,0,3,1,0,3,0,3,2,0,3,2,3,0,0,2,30
1946,3,0,2,3,2,1,2,1,1,0,0,0,0,3,0,3,3,1,2,2,2,31
1947,0,2,3,0,0,1,1,2,3,0,1,2,2,1,3,0,2,1,0,2,2,28
1948,2,1,3,3,2,3,0,2,3,1,3,1,3,0,1,1,0,3,1,0,0,33
1949,1,3,0,2,1,2,3,3,3,2,3,0,0,3,1,3,2,1,0,0,3,36
1950,0,2,1,2,2,0,1,0,1,1,2,1,3,1,1,3,3,3,3,3,3,36
1951,1,3,2,2,0,3,1,2,3,1,1,1,0,2,0,0,1,0,0,3,1,27
1952,2,3,3,2,1,3,1,2,2,2,3,0,1,3,1,0,0,1,2,1,1,34
1953,2,3,2,1,3,1,0,0,3,3,0,3,3,1,2,3,1,3,3,0,1,38
1954,3,0,0,2,2,2,3,0,3,2,2,3,0,1,3,3,1,2,2,0,0,34
1955,2,1,1,0,0,0,0,0,1,0,0,0,0,0,2,3,3,1,2,3,0,19
1956,1,2,2,0,3,2,1,3,1,3,1,0,0,3,1,0,1,2,0,0,0,26
1957,0,2,2,2,1,2,1,1,3,2,1,2,1,0,2,1,1,3,0,1,1,29
1958,2,3,1,1,0,1,0,1,2,3,0,1,0,1,0,2,3,2,2,0,1,26
1959,0,0,2,1,0,0,1,3,1,2,2,1,0,2,3,1,2,2,1,3,0,27
1960,3,0,1,3,0,3,3,3,3,3,2,2,2,2,0,1,3,2,2,2,2,42
1961,1,0,0,1,2,1,2,2,3,2,3,2,0,0,0,0,3,1,3,1,0,27
1962,0,3,1,3,3,1,0,0,0,0,3,2,3,2,2,0,0,2,3,0,3,31
1963,1,1,0,2,3,0,0,2,3,1,0,1,1,3,2,2,1,0,1,3,1,28
1964,1,2,0,2,3,3,3,3,0,1,2,1,3,3,0,3,3,0,1,3,2,39
1965,1,1,3,0,1,3,1,0,2,0,0,1,1,0,1,3,1,1,1,3,2,26
1966,1,3,3,0,1,2,0,3,3,2,1,1,1,2,2,1,0,1,1,0,2,30
1967,1,2,3,0,2,0,3,3,2,2,2,0,3,0,0,1,2,2,1,3,2,34
1968,0,3,2,3,2,3,1,3,3,2,0,3,1,2,2,1,0,3,2,0,3,39
1969,3,2,1,3,2,2,2,0,0,2,2,2,3,0,0,2,2,3,2,2,1,36
1970,1,2,2,3,0,0,1,0,1,2,1,3,2,2,3,0,2,0,2,0,2,29
1971,0,3,1,1,2,2,3,1,1,0,2,3,2,2,2,1,1,0,3,3,0,33
1972,2,1,2,3,1,1,1,0,0,3,1,0,1,0,2,2,1,2,0,0,1,24
1973,2,3,0,1,3,1,2,3,1,3,2,3,3,1,3,1,0,0,0,0,1,33
1974,2,0,3,3,2,1,2,3,2,2,1,0,0,3,0,0,2,2,2,0,2,32
1975,0,1,2,2,0,1,2,1,3,3,0,1,2,2,2,0,3,1,3,3,0,32
1976,0,1,1,1,1,2,1,1,0,3,0,3,0,1,3,3,0,1,3,0,0,25
1977,2,3,0,0,1,2,3,1,1,1,1,2,3,3,1,1,0,0,1,3,3,32
1978,2,3,3,3,1,0,3,0,0,3,0,0,0,2,2,1,2,2,1,0,1,29
1979,0,1,3,1,0,0,2,3,1,3,2,1,0,2,0,2,0,2,2,2,2,29
1980,0,1,2,0,2,3,0,2,2,1,0,2,0,1,1,0,0,1,0,3,0,21
1981,0,0,3,0,1,0,1,2,3,1,0,1,3,3,1,2,2,1,2,2,2,30
1982,1,3,2,1,2,2,0,1,3,2,2,0,0,2,3,1,3,2,2,0,1,33
1983,1,2,0,0,2,0,2,2,2,2,1,2,0,3,1,3,2,2,0,0,0,27
1984,2,3,3,3,1,2,2,1,3,3,1,0,1,2,1,0,1,2,3,3,1,38
1985,0,1,0,0,1,2,1,3,3,2,0,2,2,2,1,1,3,2,3,3,3,35
1986,1,1,1,1,1,0,1,1,3,2,1,1,0,2,0,0,0,2,2,2,0,22
1987,0,3,3,1,3,1,3,2,2,2,1,0,3,0,2,2,0,3,3,3,0,37
1988,1,3,0,3,3,0,2,2,3,0,0,1,2,2,0,0,3,0,1,2,1,29
1989,0,1,1,2,1,2,1,2,2,2,1,2,3,2,3,1,2,2,0,3,0,33
1990,3,3,2,3,0,3,1,2,1,0,0,1,1,2,0,0,2,0,3,2,1,30
1991,2,2,3,3,0,0,0,1,2,1,1,1,0,3,2,0,2,1,3,2,1,30
1992,1,3,3,1,1,1,1,3,2,2,0,1,2,2,0,3,3,2,3,0,0,34
1993,3,1,0,2,1,2,1,3,0,3,3,2,0,0,0,0,2,1,1,0,2,27
1994,1,1,1,3,0,2,0,2,3,0,2,0,3,2,3,3,0,3,1,3,1,34
1995,0,3,1,1,1,0,1,2,3,0,2,1,1,2,2,2,0,2,1,0,1,26
1996,0,3,0,2,1,2,2,0,2,3,0,2,0,0,0,1,2,0,2,1,1,24
1997,3,3,3,3,2,0,3,1,2,3,2,3,2,1,1,2,1,3,1,3,0,42
1998,0,2,3,1,3,1,3,0,3,3,0,2,0,0,1,2,1,3,0,1,0,29
1999,3,2,2,3,0,2,3,3,2,1,3,3,1,3,1,0,2,0,2,2,1,39
2000,0,2,3,2,1,3,2,3,2,2,2,0,1,0,3,2,0,1,0,0,1,30
2001,0,3,2,1,2,3,2,2,2,0,0,0,3,0,1,2,0,1,0,0,0,24
2002,3,1,3,1,3,2,1,3,3,1,2,1,3,0,2,3,0,0,2,0,1,35
2003,2,2,0,0,0,0,0,0,1,0,3,1,1,0,2,3,3,2,3,1,1,25
2004,0,0,3,3,3,0,3,1,0,0,1,2,1,1,0,0,0,2,3,0,1,24
2005,0,2,2,1,3,0,1,3,1,1,0,2,0,0,3,1,2,0,0,3,0,25
2006,2,1,0,1,3,3,3,0,2,0,3,1,0,0,1,0,1,0,2,0,2,25
2007,1,1,3,0,3,1,0,1,1,3,0,3,0,2,1,2,0,3,0,2,2,29
2008,1,1,1,3,0,1,0,2,3,1,0,3,0,1,3,2,3,2,2,0,0,29
2009,2,0,0,3,1,2,3,2,3,0,3,3,0,2,0,3,2,2,1,3,3,38
2010,1,1,0,3,2,3,3,1,0,1,3,3,0,1,1,2,3,1,1,1,2,33
2011,0,2,3,2,3,0,0,2,3,1,0,3,0,1,0,0,2,2,1,1,0,26
2012,0,0,3,1,0,2,0,3,0,3,2,1,2,2,1,0,2,2,2,1,3,30
2013,3,3,3,0,0,1,0,1,3,0,3,1,2,2,3,3,3,1,3,3,1,39
2014,1,2,2,1,1,3,1,2,3,2,3,2,3,3,3,3,2,0,1,0,1,39
2015,3,0,0,3,3,3,0,1,2,2,0,3,2,2,3,1,2,2,1,2,3,38
2016,0,0,3,2,0,0,0,3,2,1,0,0,1,0,2,2,1,0,0,3,1,21
2017,3,1,1,1,1,1,1,1,3,1,0,2,3,1,3,0,3,0,0,3,2,31
2018,2,1,3,3,2,2,1,2,3,3,1,3,1,3,1,2,1,2,0,1,0,37
2019,0,0,1,1,2,2,2,3,2,1,3,0,0,2,1,2,0,1,2,0,0,25
2020,1,2,3,3,0,3,0,0,2,2,3,2,3,2,1,2,2,0,1,0,2,34
2021,2,1,1,0,1,2,2,0,0,0,0,0,0,2,2,2,2,3,0,2,2,24
2022,1,0,2,3,0,3,2,0,1,3,3,1,2,2,0,2,1,0,0,0,3,29
2023,2,0,0,3,2,3,3,1,0,2,1,3,0,2,0,3,2,0,0,2,1,30
2024,0,0,2,2,1,2,3,2,0,3,2,2,2,2,0,3,2,2,2,0,1,33
2025,2,3,3,2,0,1,3,1,1,3,1,2,3,3,1,0,3,1,1,0,0,34
2026,2,0,0,2,0,3,1,1,2,0,0,0,0,1,2,0,0,3,2,0,1,20
2027,2,2,1,3,2,1,1,0,0,3,2,2,3,0,2,2,1,1,1,0,2,31
2028,0,2,2,3,2,3,2,0,1,1,2,2,0,0,1,2,2,0,3,3,2,33
2029,1,1,3,1,2,3,3,0,2,1,0,2,2,0,0,3,2,1,3,2,3,35
2030,3,3,2,0,0,1,3,1,0,1,2,1,3,2,3,0,3,3,3,2,3,39
2031,3,2,1,0,0,1,2,0,2,0,1,3,0,2,3,2,3,0,2,1,2,30
2032,3,3,1,0,2,1,2,2,1,0,2,0,1,1,2,1,1,3,0,0,3,29
2033,2,2,2,0,0,3,3,0,2,2,3,0,0,0,1,3,0,1,2,2,1,29
2034,3,0,0,0,2,3,3,1,1,1,2,3,1,0,2,0,2,2,2,0,3,31
2035,1,0,2,1,2,0,2,0,3,1,2,0,3,1,0,2,0,0,3,3,3,29
2036,2,0,0,1,3,3,2,1,3,1,1,1,2,2,3,1,0,1,3,2,1,33
2037,0,1,0,0,3,2,3,1,3,3,2,1,0,1,3,2,3,1,0,0,3,32
2038,1,3,2,0,3,3,2,2,3,3,3,3,3,2,1,0,2,1,2,2,1,42
2039,2,2,2,2,0,1,2,3,3,0,2,2,1,3,1,0,1,3,3,3,2,38
2040,3,2,3,1,0,3,0,0,1,3,3,2,0,1,1,1,0,3,1,2,1,31
2041,1,1,0,1,3,3,0,0,2,1,1,2,2,1,0,1,3,2,0,3,2,29
2042,3,2,3,3,3,2,3,0,0,0,0,1,2,1,3,1,1,1,1,2,2,34
2043,1,2,1,2,0,3,2,0,0,0,0,2,0,2,3,0,2,1,0,2,3,26
2044,1,2,0,0,3,1,3,3,2,2,2,1,0,2,3,3,2,0,0,3,2,35
2045,0,3,2,0,1,2,3,3,1,2,0,2,1,2,2,3,3,2,1,3,1,37
2046,0,2,1,3,3,2,2,0,1,1,1,3,0,3,1,2,2,3,1,1,2,34
2047,2,1,0,1,2,2,3,2,0,1,1,0,0,2,0,1,0,0,3,1,3,25
2048,2,0,2,0,0,3,3,2,2,3,2,2,3,1,2,3,1,1,2,0,3,37
2049,2,0,0,1,0,1,3,0,3,1,0,0,2,2,3,0,2,3,1,3,3,30
2050,3,2,3,1,3,2,2,3,3,0,3,0,1,3,2,2,1,1,3,1,0,39
2051,0,3,0,0,3,2,2,3,1,1,1,0,0,0,0,0,0,0,1,0,3,20
2052,3,3,3,3,0,0,3,0,2,2,0,0,0,3,0,1,2,3,0,1,0,29
2053,1,1,0,0,1,0,2,0,2,0,0,0,0,1,2,0,1,1,2,3,0,17
2054,2,0,2,0,1,3,2,2,0,0,3,1,0,2,1,0,1,2,0,1,2,25
2055,1,1,0,0,0,1,1,3,0,1,2,1,3,2,1,3,3,3,0,1,3,30
2056,2,0,2,2,1,3,3,1,2,0,3,2,1,3,2,2,0,3,1,3,1,37
2057,3,1,0,0,1,0,0,0,2,1,1,1,3,3,1,1,1,3,3,2,2,29
2058,2,0,2,2,2,0,0,2,1,1,2,0,1,2,3,3,0,2,1,0,0,26
2059,0,2,0,1,1,3,0,3,3,2,0,1,1,3,1,1,0,2,3,0,3,30
2060,0,1,3,0,1,2,2,0,1,2,2,0,0,0,0,0,2,1,1,0,0,18
2061,2,3,0,1,2,0,0,3,3,1,0,2,1,2,1,3,2,3,2,2,0,33
2062,2,2,2,3,2,3,2,1,0,3,3,0,3,2,2,2,3,2,3,1,3,44
2063,3,1,1,3,0,1,3,2,0,2,3,0,1,3,3,3,3,0,2,0,2,36
2064,2,3,3,1,2,0,3,0,0,2,1,2,3,2,1,0,0,2,0,0,3,30
2065,3,0,0,3,3,0,0,3,3,2,3,3,2,2,3,3,0,3,0,1,3,40
2066,0,2,1,0,3,0,0,0,3,2,1,1,1,0,1,2,2,3,1,3,1,27
2067,3,1,2,0,2,0,3,2,2,1,0,0,0,3,0,3,3,0,0,2,3,30
2068,1,3,2,3,1,3,2,1,2,2,0,0,3,3,3,3,2,0,2,3,0,39
2069,2,2,2,2,1,3,1,3,1,3,0,0,0,2,0,0,2,0,3,0,3,30
2070,3,0,1,3,1,0,1,1,0,3,2,0,0,2,1,3,3,3,1,3,1,32
2071,1,3,0,2,0,2,1,1,2,3,3,3,2,1,3,3,2,0,2,2,1,37
2072,2,1,0,2,1,3,2,3,2,1,2,3,0,1,0,1,1,0,2,1,3,31
2073,2,1,3,3,0,0,1,2,0,0,1,3,1,2,3,1,2,3,2,1,0,31
2074,2,2,1,3,2,2,2,1,3,1,3,2,3,2,1,0,2,3,2,1,1,39
2075,2,1,1,2,2,3,2,0,1,3,0,3,3,0,1,0,0,2,2,2,1,31
2076,1,0,2,1,1,1,2,3,2,2,1,0,2,2,0,1,0,0,2,2,2,27
2077,1,2,3,1,3,0,1,0,2,2,3,3,0,1,2,0,3,2,3,0,1,33
2078,3,3,1,0,1,0,2,3,3,2,3,3,1,3,1,3,1,0,2,0,2,37
2079,3,1,3,0,2,2,0,1,2,1,0,2,0,0,0,0,1,0,0,3,0,21
2080,3,2,0,0,0,1,3,1,0,1,3,2,2,2,0,3,1,1,0,2,0,27
2081,2,3,1,1,3,3,3,1,2,2,3,1,0,1,1,0,0,2,2,1,1,33
2082,2,3,0,0,0,2,3,3,2,3,1,0,0,0,3,2,2,2,2,1,0,31
2083,3,1,1,0,2,1,0,2,1,0,0,3,2,3,0,3,3,3,1,3,2,34
2084,3,2,0,2,1,2,1,0,3,3,3,2,2,0,1,3,3,3,1,0,0,35
2085,3,3,2,0,2,1,1,2,2,3,0,1,1,3,3,1,1,1,0,3,2,35
2086,0,1,2,1,0,1,3,2,1,2,0,0,3,2,1,2,2,2,3,1,1,30
2087,2,1,2,3,2,0,1,0,2,2,0,0,0,1,1,0,2,0,2,1,0,22
2088,2,2,2,0,1,3,2,1,1,3,1,0,2,0,2,2,0,1,3,3,2,33
2089,3,1,0,2,0,0,1,1,0,3,1,1,0,1,0,3,1,0,0,3,1,22
2090,3,2,3,2,3,3,1,1,2,0,3,2,3,0,2,3,0,2,0,2,0,37
2091,1,0,3,2,1,0,1,0,1,2,2,3,2,0,1,1,3,2,1,3,3,32
2092,1,2,3,1,0,1,3,3,2,2,3,0,0,3,1,0,2,0,0,1,1,29
2093,2,3,1,0,1,2,1,2,1,2,1,0,0,2,1,2,3,2,1,1,3,31
2094,3,1,1,1,1,0,1,0,2,3,1,3,1,1,0,3,0,0,0,1,1,24
2095,0,3,3,1,0,1,0,2,1,0,1,0,1,1,0,1,0,0,0,2,2,19
2096,2,0,0,2,3,3,3,1,1,2,1,1,3,0,1,3,1,2,3,0,3,35
2097,3,3,0,2,1,1,2,0,2,3,1,2,3,0,0,1,1,3,3,1,1,33
2098,2,1,3,0,2,2,3,0,0,0,2,3,1,1,2,3,1,1,2,1,1,31
2099,1,3,2,3,2,2,2,3,2,0,2,2,3,0,1,2,0,1,1,0,2,34
2100,3,0,0,0,2,3,1,2,0,3,1,0,1,2,0,1,1,0,1,1,0,22
2101,1,2,3,3,3,2,0,2,3,1,0,2,2,3,1,3,2,1,3,3,2,42
2102,0,0,1,1,1,0,2,1,0,1,3,0,3,2,0,2,3,2,3,3,1,29
2103,1,3,2,2,3,3,2,3,3,2,2,1,1,0,0,0,3,3,2,2,1,39
2104,3,3,3,1,2,0,2,0,3,0,3,2,2,2,3,1,2,0,1,2,1,36
2105,0,1,2,2,1,2,0,3,3,2,1,2,1,1,2,2,3,2,3,0,3,36
2106,3,0,2,1,1,1,0,2,2,3,2,1,3,0,2,3,2,1,2,1,2,34
2107,0,1,1,0,2,0,0,2,3,0,2,2,1,3,0,2,2,2,3,1,3,30
2108,3,0,3,2,1,1,3,2,1,3,0,0,2,0,0,2,3,1,3,0,3,33
2109,0,0,0,1,2,3,1,3,0,1,1,2,1,1,2,3,1,3,0,0,0,25
2110,3,3,0,3,0,2,0,3,1,2,0,2,3,2,2,0,1,3,3,3,0,36
2111,3,0,1,1,1,3,3,0,1,2,3,0,1,1,3,1,0,1,3,0,1,29
2112,1,3,3,3,0,3,1,0,0,1,2,2,1,2,0,0,0,1,3,0,0,26
2113,2,3,1,3,0,3,1,3,1,0,2,2,3,2,2,3,3,1,0,3,0,38
2114,3,2,2,0,0,3,2,1,3,3,3,2,3,3,1,0,1,0,2,1,1,36
2115,0,2,3,1,3,3,1,1,2,0,3,2,0,3,3,2,3,1,3,0,3,39
2116,0,1,3,0,2,2,1,3,0,2,0,1,3,3,1,1,1,0,3,0,2,29
2117,2,2,2,1,3,0,3,0,0,1,0,1,2,1,1,0,3,0,0,2,1,25
2118,0,2,2,2,0,1,2,3,0,2,0,1,1,0,2,0,1,1,0,2,0,22
2119,2,2,1,0,1,0,3,3,2,1,1,3,1,0,3,1,1,3,1,2,3,34
2120,3,0,0,2,1,3,3,2,1,3,0,3,0,0,0,2,1,2,1,1,3,31
2121,2,3,0,1,2,1,1,1,2,1,2,1,0,1,1,1,1,2,0,3,1,27
2122,3,3,2,1,3,2,2,0,3,2,2,0,0,0,2,3,2,2,3,2,2,39
2123,2,3,2,2,2,0,1,1,3,3,0,3,1,0,0,3,3,1,3,2,3,38
2124,0,3,1,1,1,1,2,2,3,3,0,0,3,3,3,1,3,2,1,1,2,36
2125,2,2,0,2,1,0,2,2,2,1,0,0,3,0,0,3,2,0,3,1,2,28
2126,2,3,2,0,2,0,0,2,0,1,1,3,1,1,1,2,2,2,1,0,0,26
2127,2,1,1,0,2,2,2,1,1,1,0,3,2,0,1,1,1,1,1,3,1,27
2128,0,0,2,2,0,3,2,1,1,3,0,0,1,0,0,3,0,2,2,0,2,24
2129,3,3,3,2,2,0,1,1,3,2,2,2,1,2,3,2,2,2,1,2,1,40
2130,0,2,1,1,0,0,0,1,0,3,1,2,2,0,2,1,1,1,3,0,3,24
2131,3,1,3,0,3,0,2,1,3,3,3,1,3,2,1,3,2,0,2,2,2,40
2132,2,3,1,2,0,1,1,0,0,0,0,3,1,1,3,0,2,2,1,2,1,26
2133,1,0,0,0,0,1,0,2,2,3,0,3,2,0,2,2,0,1,2,2,0,23
2134,2,3,2,1,1,0,2,1,3,1,1,1,1,2,0,2,0,0,1,0,1,25
2135,0,2,1,0,3,0,0,1,1,2,1,0,3,0,3,3,2,1,1,2,1,27
2136,1,3,0,3,1,3,1,0,1,0,2,3,2,3,3,3,2,3,1,1,3,39
2137,0,0,1,1,2,0,2,0,1,1,3,1,2,2,2,3,0,2,0,1,1,25
2138,1,3,1,2,1,2,2,1,2,2,0,1,0,1,2,3,0,1,3,0,1,29
2139,1,2,3,2,0,1,2,1,3,0,0,0,3,1,3,3,2,2,2,0,2,33
2140,2,0,3,0,0,1,2,1,1,3,1,2,3,3,2,0,1,3,0,3,2,33
2141,0,1,1,2,0,0,0,1,0,2,0,1,3,0,3,0,1,2,2,1,0,20
2142,1,1,0,2,0,3,3,3,2,2,3,3,3,0,3,1,0,0,1,0,1,32
2143,3,1,0,2,0,1,0,2,1,2,3,1,3,0,2,3,0,3,0,3,2,32
2144,3,0,2,3,2,2,0,3,0,2,2,3,3,0,2,2,3,2,2,2,3,41
2145,3,2,1,0,1,3,3,3,3,0,1,3,1,2,0,1,2,3,1,2,3,38
2146,2,2,0,3,2,3,0,0,2,1,2,1,2,0,2,0,1,0,2,3,0,28
2147,0,0,3,2,0,3,1,1,0,2,1,2,1,2,2,1,3,0,1,3,3,31
2148,2,3,2,2,3,2,3,3,2,0,0,2,1,1,1,0,1,3,2,1,0,34
2149,1,3,3,2,1,0,0,2,0,2,1,2,1,0,1,2,3,2,1,3,3,33
2150,1,0,3,0,3,1,2,2,0,3,1,3,3,1,0,1,0,2,1,3,1,31
2151,0,2,0,3,3,2,3,1,0,0,3,1,1,3,1,2,2,2,2,2,3,36
2152,2,2,1,0,2,2,2,2,3,1,3,3,0,3,0,2,1,1,0,3,0,33
2153,3,3,2,2,1,1,3,3,0,0,1,0,1,1,0,2,2,1,0,3,0,29
2154,2,2,1,3,2,1,0,1,3,3,3,0,2,3,0,3,3,3,2,0,3,40
2155,1,2,1,1,2,3,3,0,3,2,0,3,2,2,3,1,2,3,1,0,1,36
2156,2,0,3,2,1,1,3,3,3,1,3,1,3,1,1,1,2,0,1,3,1,36
2157,3,3,2,3,2,2,1,0,3,1,0,3,3,2,0,3,0,1,1,1,1,35
2158,3,0,3,0,3,0,1,1,1,0,1,1,0,0,0,3,1,2,1,2,3,26
2159,2,3,3,0,0,2,1,3,1,2,1,0,1,0,1,2,3,2,2,0,2,31
2160,1,0,1,2,1,2,2,3,0,1,0,0,3,3,3,1,2,0,0,3,0,28
2161,3,3,0,1,0,0,2,0,3,1,2,3,3,1,0,3,0,0,1,3,1,30
2162,1,0,1,1,2,2,3,2,2,3,2,1,3,2,0,3,0,2,0,3,0,33
2163,1,2,2,2,0,3,3,3,3,1,3,1,2,2,3,2,1,0,1,1,2,38
2164,3,2,3,1,1,0,2,0,2,0,3,3,2,2,3,3,1,3,0,1,2,37
2165,2,1,3,1,3,1,1,0,2,3,1,1,0,2,2,1,0,1,3,3,2,33
2166,3,1,2,1,0,1,3,2,3,0,1,3,1,0,3,0,3,0,0,0,1,28
2167,0,3,0,0,0,0,0,1,2,0,3,2,2,3,1,2,1,2,3,0,2,27
2168,3,1,2,3,2,3,1,2,0,1,2,3,3,0,0,0,0,1,3,2,3,35
2169,3,2,3,3,2,0,2,2,0,2,2,2,1,1,1,1,0,1,2,3,0,33
2170,0,2,1,1,1,1,1,2,3,2,0,0,3,3,2,0,3,0,0,3,1,29
2171,2,3,1,2,0,1,2,1,3,1,1,2,2,2,0,3,1,3,0,0,3,33
2172,3,2,3,3,3,1,3,0,0,0,3,0,0,0,3,0,2,1,0,2,3,32
2173,2,2,1,3,0,1,1,0,1,3,2,3,2,3,0,2,1,3,1,1,3,35
2174,0,3,0,3,0,2,3,2,3,0,1,0,2,0,3,0,2,2,3,2,2,33
2175,0,0,1,3,0,2,0,0,2,0,3,0,3,3,2,2,3,2,1,2,1,30
2176,3,1,2,3,1,2,1,0,1,1,3,2,3,1,3,3,0,3,3,0,3,39
2177,1,1,0,0,3,3,1,2,3,1,1,0,2,2,2,3,2,0,2,1,0,30
2178,1,1,2,3,3,1,2,0,3,3,3,2,3,0,0,2,2,3,2,1,0,37
2179,0,1,0,3,2,3,0,0,2,2,2,3,3,0,3,3,2,3,3,3,2,40
2180,1,1,3,1,3,2,3,2,2,0,1,0,3,2,0,2,0,3,3,2,3,37
2181,2,1,1,0,0,1,3,1,2,3,0,0,2,2,3,3,3,2,3,1,2,35
2182,2,1,1,2,1,0,2,1,1,0,3,0,1,1,1,0,1,2,3,2,2,27
2183,1,1,0,2,1,2,2,1,3,3,3,1,1,2,1,2,3,0,0,1,0,30
2184,1,1,3,0,2,3,3,1,0,1,0,1,0,1,3,2,1,2,3,1,0,29
2185,1,2,2,0,3,2,0,0,1,0,2,0,3,0,3,2,1,1,2,2,2,29
2186,1,2,0,3,2,2,1,3,2,3,1,0,3,2,1,0,2,0,0,2,1,31
2187,2,0,1,2,3,3,0,3,2,1,0,1,3,0,2,3,0,1,2,3,1,33
2188,3,0,3,0,3,2,2,3,2,1,1,3,2,0,2,2,2,2,3,3,1,40
2189,0,1,3,1,1,0,2,2,0,1,3,0,3,2,1,2,1,0,0,1,3,27
2190,2,0,3,3,0,3,2,0,0,3,0,2,3,3,2,1,0,0,0,2,1,30
2191,2,2,2,0,3,1,0,3,0,2,3,1,1,2,3,0,1,0,0,1,1,28
2192,0,1,2,0,1,2,1,3,2,2,2,0,0,3,1,1,0,1,1,3,0,26
2193,3,0,2,0,1,1,0,2,1,1,1,2,2,3,3,2,3,2,0,0,3,32
2194,1,1,0,2,3,0,3,2,3,1,2,0,1,0,3,2,2,0,0,3,1,30
2195,0,1,1,2,3,1,0,2,2,3,0,3,2,2,1,3,2,2,3,0,1,34
2196,1,0,1,1,3,1,1,1,2,0,1,1,3,0,3,2,2,1,0,2,0,26
2197,2,3,3,2,2,1,3,3,0,3,2,1,0,0,3,2,1,3,0,1,1,36
2198,1,1,3,3,0,1,2,2,1,1,0,2,2,2,3,0,3,1,0,2,3,33
2199,2,0,2,3,1,1,2,0,2,3,3,3,2,2,1,3,0,3,0,3,3,39
2200,0,0,2,2,0,3,2,0,2,0,1,3,1,0,0,3,2,0,0,3,3,27
2201,1,0,2,0,1,3,2,1,0,3,0,3,2,3,1,2,3,3,1,1,2,34
2202,3,3,3,1,0,2,3,1,1,2,3,0,2,0,0,0,0,0,2,3,2,31
2203,1,2,2,3,0,0,0,1,0,3,2,0,2,1,1,3,2,1,3,0,0,27
2204,2,2,0,3,0,3,3,1,0,0,2,0,0,0,1,1,1,3,2,3,0,27
2205,1,3,2,3,1,0,1,3,1,3,3,0,3,3,2,0,2,0,2,2,3,38
2206,0,3,2,0,2,0,0,3,3,2,2,0,1,3,3,1,0,1,3,1,2,32
2207,1,3,1,2,0,2,2,2,0,3,3,3,3,1,2,1,3,0,1,0,3,36
2208,3,1,3,1,2,3,2,3,2,0,3,1,3,2,1,3,1,1,1,3,1,40
2209,2,0,3,3,3,2,2,1,0,0,1,1,0,1,0,0,0,0,1,0,2,22
2210,3,2,1,1,0,1,1,1,0,2,1,0,2,0,3,0,3,3,1,0,1,26
2211,3,0,1,3,0,1,2,2,3,1,0,3,3,3,1,2,0,3,1,3,0,35
2212,1,0,3,0,1,0,1,0,1,1,3,3,2,2,2,3,3,3,3,0,1,33
2213,3,3,1,0,1,2,2,1,0,0,0,2,0,2,3,0,3,3,2,1,1,30
2214,0,0,2,0,0,3,3,2,0,0,0,2,1,2,2,2,1,2,2,3,2,29
2215,3,3,0,3,1,2,1,2,1,2,1,2,3,1,2,0,2,0,0,2,1,32
2216,0,1,3,1,1,0,2,0,1,3,3,2,1,1,3,1,0,3,0,2,0,28
2217,1,2,0,0,1,2,0,2,0,0,0,1,3,0,1,3,2,2,2,1,1,24
2218,0,1,2,0,1,1,0,0,1,0,1,2,3,3,3,0,1,2,0,2,0,23
2219,0,1,0,0,2,2,1,3,2,2,3,3,3,0,2,1,2,1,1,2,1,32
2220,2,1,3,3,0,3,0,3,1,0,1,2,3,0,2,0,3,1,3,2,1,34
2221,3,1,1,3,2,2,3,0,0,2,2,0,0,2,1,3,0,1,2,1,0,29
2222,1,1,1,0,0,0,3,1,3,3,3,3,1,1,1,0,1,2,3,1,1,30
2223,1,0,0,1,3,2,3,2,0,0,2,3,2,3,0,0,0,3,0,0,2,27
2224,0,3,0,3,2,0,0,3,1,1,2,3,0,1,3,3,0,3,2,1,0,31
2225,3,3,0,0,0,2,3,3,1,0,3,0,0,1,3,3,0,0,1,3,3,32
2226,1,3,0,0,1,0,3,3,3,3,1,2,1,1,3,0,3,1,1,0,0,30
2227,1,2,1,0,2,2,2,0,2,2,1,0,2,3,1,1,1,1,1,2,0,27
2228,0,0,3,3,2,3,3,2,1,3,3,2,1,2,2,0,1,2,0,0,3,36
2229,2,0,1,1,2,0,1,2,2,1,1,3,1,1,3,2,1,3,3,2,1,33
2230,3,2,3,3,1,0,1,1,3,3,0,3,1,2,2,1,3,2,0,0,2,36
2231,1,0,0,2,0,2,3,3,3,0,2,1,0,3,0,0,3,1,2,1,2,29
2232,1,2,2,1,0,2,1,1,2,3,1,1,0,3,0,2,1,2,1,0,2,28
2233,2,3,3,3,3,0,2,0,0,0,3,2,0,2,2,2,2,2,1,0,0,32
2234,2,1,0,2,2,3,1,2,3,2,3,1,2,0,3,3,2,2,1,2,1,38
2235,0,3,2,2,1,0,1,0,0,3,0,1,2,3,1,1,1,0,0,2,2,25
2236,2,3,2,1,1,1,3,2,1,0,0,0,3,2,0,0,0,2,3,1,1,28
2237,0,2,0,3,3,2,1,0,3,2,1,1,2,0,1,1,1,3,2,3,2,33
2238,3,0,0,0,2,3,2,3,3,2,3,0,1,0,1,3,3,0,2,2,2,35
2239,1,3,3,0,2,1,1,3,3,0,3,0,1,3,0,0,0,1,2,1,0,28
2240,3,3,0,2,0,0,1,3,2,1,0,0,1,0,3,2,2,2,1,3,1,30
2241,0,3,2,2,1,1,1,3,2,0,1,1,0,1,1,2,1,0,0,1,0,23
2242,3,1,3,2,1,0,0,2,0,3,3,3,1,0,0,0,0,3,3,1,1,30
2243,0,1,0,1,0,1,3,0,2,3,3,0,2,0,2,3,0,2,1,2,1,27
2244,2,1,0,3,2,2,1,1,1,1,1,0,0,1,0,2,3,2,1,1,1,26
2245,3,2,2,1,3,3,1,3,3,3,1,3,3,2,2,1,3,2,0,2,3,46
2246,2,3,0,2,1,0,3,3,0,0,3,3,2,1,2,1,3,3,1,3,2,38
2247,1,0,2,2,3,0,3,3,3,0,1,3,2,2,1,0,3,2,2,1,2,36
2248,1,3,3,3,0,3,3,3,1,0,3,0,1,2,3,3,0,2,1,1,2,38
2249,1,3,0,2,3,3,1,3,3,0,2,1,1,0,3,2,0,2,1,1,1,33
2250,2,1,0,2,0,2,3,0,1,3,3,2,2,2,1,1,3,1,2,1,0,32
2251,1,3,3,0,3,1,0,2,3,2,2,0,1,1,2,1,3,0,1,2,2,33
2252,2,0,0,3,2,2,0,0,3,0,1,3,2,1,1,0,1,1,0,0,2,24
2253,3,1,2,1,3,3,1,0,1,3,1,3,3,2,1,3,0,0,3,0,1,35
2254,0,2,3,0,3,2,3,3,1,2,1,1,2,0,2,3,2,3,2,1,0,36
2255,0,0,2,0,0,0,0,0,3,3,1,1,3,1,0,2,2,0,2,1,0,21
2256,3,3,0,1,3,2,1,3,1,3,1,1,3,1,1,0,0,0,1,0,3,31
2257,3,1,0,1,1,0,2,3,0,1,3,3,0,0,0,2,3,2,2,0,3,30
2258,2,1,0,1,2,3,3,0,2,2,1,2,2,2,0,0,3,3,0,0,1,30
2259,0,1,1,3,3,1,2,2,2,0,1,1,1,3,0,3,2,0,0,3,2,31
2260,3,3,1,3,3,0,0,1,0,0,0,0,3,3,2,3,0,1,3,2,2,33
2261,0,1,1,0,2,1,1,3,0,2,2,1,3,3,1,1,1,1,3,0,3,30
2262,0,0,2,3,3,1,2,0,2,0,2,3,1,3,2,3,0,3,3,0,3,36
2263,3,0,1,2,0,1,2,2,3,3,0,0,0,2,1,2,0,3,3,0,3,31
2264,2,3,2,0,1,0,0,3,1,0,0,0,0,2,1,1,0,3,1,0,1,21
2265,0,1,0,0,0,2,3,3,2,2,2,1,2,0,0,3,0,1,1,1,2,26
2266,3,0,2,0,3,1,0,0,3,1,1,1,1,2,2,2,3,1,1,2,3,32
2267,0,0,3,0,3,1,2,2,3,3,2,0,3,0,2,2,0,3,3,0,1,33
2268,1,1,0,2,3,0,2,1,0,0,3,3,0,1,0,2,3,2,0,0,2,26
2269,2,0,2,0,3,2,1,3,1,2,3,1,2,0,3,1,3,0,0,3,3,35
2270,3,0,1,1,2,2,3,0,1,3,3,3,3,2,2,2,2,3,3,1,3,43
2271,0,1,2,1,2,3,1,1,1,3,3,2,3,1,3,1,2,2,3,0,1,36
2272,1,1,1,0,1,2,3,0,3,2,1,0,2,3,1,2,1,3,0,2,1,30
2273,3,3,0,3,0,1,2,3,2,1,0,1,2,2,0,0,2,1,2,0,0,28
2274,3,3,0,0,2,1,1,2,3,3,0,1,3,2,3,1,0,0,3,3,3,37
2275,3,0,3,3,3,3,1,0,1,1,3,1,2,1,2,1,1,0,1,1,0,31
2276,3,3,2,2,1,0,1,3,3,0,1,1,2,3,1,3,3,2,1,3,2,40
2277,3,3,3,1,3,3,2,2,2,2,0,1,1,3,3,1,0,2,1,3,1,40
2278,0,1,3,2,1,0,0,0,2,2,2,3,2,1,3,2,1,2,1,2,2,32
2279,3,0,0,2,2,3,2,3,0,2,2,0,0,0,3,3,3,3,3,1,3,38
2280,2,2,3,0,1,0,1,2,2,3,3,0,0,3,3,1,0,2,1,2,2,33
2281,3,3,3,1,2,0,1,1,2,1,2,0,1,1,1,0,2,0,1,1,2,28
2282,1,3,2,1,3,2,0,3,3,1,3,1,1,1,0,0,0,1,2,3,0,31
2283,3,2,1,0,3,1,2,3,2,1,1,3,2,0,1,0,2,1,3,0,3,34
2284,1,3,0,3,3,0,2,0,0,1,0,2,3,3,3,0,0,1,3,1,0,29
2285,3,2,0,2,1,3,1,0,1,3,3,3,0,0,3,3,1,1,2,0,2,34
2286,1,1,2,0,1,1,2,3,3,0,0,1,0,2,3,3,0,0,1,2,1,27
2287,0,2,1,0,1,2,0,0,2,3,3,1,2,0,2,2,1,3,3,3,3,34
2288,0,1,2,3,0,0,1,1,2,2,2,3,1,1,1,3,1,0,2,2,0,28
2289,2,3,1,0,2,2,3,0,1,1,2,2,2,3,2,2,0,2,3,2,2,37
2290,3,3,3,3,2,1,2,1,3,1,3,0,3,0,0,3,1,1,1,2,2,38
2291,0,0,3,2,0,1,2,0,0,0,1,3,1,3,0,3,1,1,0,3,1,25
2292,1,1,2,2,3,3,1,3,3,1,3,0,2,3,0,1,2,3,3,1,2,40
2293,0,1,3,1,3,1,3,1,0,2,0,1,3,1,1,1,2,0,3,2,2,31
2294,0,2,0,3,0,0,0,1,2,3,1,1,1,1,3,3,2,3,0,1,3,30
2295,0,3,3,3,1,1,0,0,2,3,0,2,2,1,1,3,3,1,0,2,3,34
2296,3,0,3,2,1,0,3,2,1,0,1,2,3,1,3,1,2,1,3,2,1,35
2297,1,3,2,3,0,2,0,0,2,0,1,1,1,3,1,2,1,1,0,1,3,28
2298,3,1,3,3,0,2,0,2,2,1,2,0,3,3,2,2,1,1,3,3,2,39
2299,3,0,2,0,3,2,1,2,3,2,2,1,3,2,3,1,2,2,1,1,0,36
2300,2,3,1,3,0,3,3,1,0,1,2,3,2,3,2,2,2,0,2,2,2,39
2301,2,1,2,2,2,2,3,1,1,3,1,1,1,1,2,3,0,1,1,3,1,34
2302,2,1,2,2,1,2,0,1,2,1,1,0,3,2,0,0,3,0,2,2,0,27
2303,0,3,3,3,1,1,0,0,3,3,1,0,0,0,3,3,2,3,0,2,3,34
2304,1,3,3,1,3,3,2,1,1,3,3,1,3,3,3,3,1,2,2,2,0,44
2305,0,0,2,0,2,1,3,0,3,3,3,1,1,1,1,1,3,2,0,1,2,30
2306,1,1,2,2,2,0,0,2,2,0,0,3,2,2,1,2,2,1,0,0,0,25
2307,1,2,1,1,3,2,2,3,2,1,1,3,2,1,0,1,2,1,1,0,3,33
2308,0,3,3,1,1,0,1,2,0,1,3,3,2,3,2,1,1,0,3,3,2,35
2309,0,0,1,0,0,3,2,3,0,3,0,1,0,1,0,1,2,0,0,3,2,22
2310,1,1,1,3,1,1,3,0,3,2,1,0,0,2,2,2,0,1,2,3,2,31
2311,2,3,2,1,3,2,0,0,0,2,1,2,0,2,0,1,0,3,2,2,0,28
2312,1,0,1,3,3,0,1,3,1,1,2,1,0,2,2,0,0,1,1,1,0,24
2313,2,3,2,3,0,3,1,3,1,1,2,2,3,1,1,1,3,0,1,1,3,37
2314,0,3,3,2,1,2,3,3,2,2,2,2,0,2,1,0,3,1,0,0,3,35
2315,1,3,0,3,0,2,2,3,1,3,3,0,3,0,3,2,2,3,1,1,1,37
2316,2,3,2,1,3,1,2,1,2,2,0,1,3,1,2,0,1,2,0,3,0,32
2317,0,0,2,1,0,1,2,1,1,1,1,2,0,2,3,0,2,2,2,1,0,24
2318,1,0,2,0,1,1,1,1,0,2,3,0,2,1,3,1,3,0,1,0,2,25
2319,1,1,3,3,1,1,3,3,1,2,1,3,3,2,1,2,1,3,0,2,3,40
2320,3,3,1,2,3,3,3,1,2,3,2,2,3,2,1,1,0,0,2,2,1,40
2321,0,0,0,1,0,0,1,1,1,1,3,2,0,0,1,0,1,1,1,2,3,19
2322,1,3,1,3,2,0,1,3,2,3,0,3,1,1,0,2,0,2,2,2,3,35
2323,0,2,2,0,1,2,0,0,3,1,2,3,0,1,2,2,3,0,2,3,2,31
2324,3,3,0,1,1,1,0,0,0,3,1,3,1,2,0,2,1,1,0,3,2,28
2325,2,2,2,0,2,2,3,3,0,0,0,3,2,2,2,0,1,0,3,0,1,30
2326,3,1,1,0,1,2,3,2,2,0,0,0,2,1,3,0,2,2,3,3,0,31
2327,1,2,0,1,2,2,1,2,2,1,3,2,0,0,2,1,0,2,3,0,2,29
2328,2,3,2,2,3,0,2,2,3,3,1,2,2,1,2,1,0,2,0,0,2,35
2329,0,3,2,2,2,0,1,1,1,1,0,3,1,3,0,3,2,2,3,1,0,31
2330,0,1,3,1,3,0,3,3,3,2,0,3,1,2,0,0,0,1,1,3,3,33
2331,3,1,0,3,1,0,3,3,2,0,0,2,2,3,0,3,1,3,3,1,1,35
2332,1,3,2,3,1,3,2,0,2,0,0,2,3,0,1,0,0,2,2,2,0,29
2333,3,1,2,0,0,1,2,2,2,2,3,1,0,1,3,3,2,0,1,2,0,31
2334,3,1,0,1,2,1,1,2,0,2,3,0,1,3,3,0,3,0,2,0,1,29
2335,1,2,3,0,2,1,1,2,0,2,2,2,3,2,0,2,0,1,2,0,0,28
2336,2,0,0,1,2,2,0,0,2,0,2,2,1,0,0,2,1,0,1,2,3,23
2337,0,2,3,1,1,2,0,0,2,3,0,1,1,3,3,1,3,2,0,0,0,28
2338,3,2,1,1,1,3,2,1,2,0,2,1,1,1,1,0,1,0,3,1,1,28
2339,3,0,2,2,2,3,0,0,0,1,2,0,3,3,2,3,3,3,1,3,3,39
2340,3,0,0,2,0,0,1,2,1,1,3,0,1,2,3,3,0,1,2,2,2,29
2341,2,1,3,2,1,3,2,0,2,1,3,1,3,2,2,0,1,1,2,2,2,36
2342,3,2,0,0,2,1,1,2,3,3,2,0,1,0,2,3,1,1,3,1,3,34
2343,2,0,3,0,0,1,1,2,0,3,1,0,0,2,3,1,1,1,1,3,2,27
2344,0,0,0,2,3,0,1,2,0,2,1,2,3,0,2,0,3,3,0,1,1,26
2345,1,0,1,0,3,3,3,3,1,1,0,1,2,3,3,2,2,2,0,2,1,34
2346,0,3,2,0,0,3,0,2,0,3,3,2,2,2,3,3,1,2,0,0,2,33
2347,0,0,2,2,0,2,3,1,3,0,0,2,0,1,3,1,2,3,0,0,0,25
2348,3,0,2,3,1,3,3,3,3,2,0,2,3,1,2,2,3,0,1,1,0,38
2349,3,0,1,1,2,3,0,3,2,2,2,2,1,3,2,0,3,2,0,3,0,35
2350,1,2,1,0,0,1,1,3,2,1,1,0,2,2,0,1,0,2,3,0,3,26
2351,2,2,0,3,3,1,0,0,0,0,0,0,1,3,3,3,2,2,2,1,0,28
2352,3,3,1,2,0,2,0,3,0,1,0,3,2,0,3,3,0,2,2,1,3,34
2353,2,3,3,2,1,3,1,3,3,1,1,2,1,0,2,0,1,2,3,1,2,37
2354,0,2,0,0,1,3,3,2,0,1,3,3,2,3,0,1,3,1,2,1,2,33
2355,2,3,2,3,2,0,2,3,1,0,3,2,3,1,1,0,1,1,1,2,2,35
2356,1,2,0,3,2,2,0,3,0,0,0,2,1,1,3,0,3,2,1,3,2,31
2357,0,1,0,1,2,2,2,1,3,1,2,2,3,2,1,1,2,3,1,1,2,33
2358,2,0,3,1,1,0,0,2,1,2,1,0,0,0,0,3,2,3,1,2,0,24
2359,0,1,1,2,0,0,3,1,0,1,1,2,1,3,0,1,2,3,1,0,1,24
2360,1,1,2,0,1,2,3,1,1,3,0,3,0,3,2,0,0,3,2,1,0,29
2361,2,1,0,3,0,2,0,2,2,1,1,3,0,0,3,3,3,1,2,3,0,32
2362,0,2,0,3,1,3,1,1,2,1,2,0,0,2,1,3,2,2,1,0,1,28
2363,0,1,1,1,0,1,0,2,0,3,3,0,2,2,0,0,3,3,1,3,3,29
2364,2,2,0,0,0,1,2,2,3,1,0,2,0,1,3,3,2,1,0,2,1,28
2365,3,2,3,1,3,2,3,3,2,2,3,2,3,1,3,0,2,3,2,2,0,45
2366,0,2,2,1,1,1,3,3,3,3,2,0,2,0,3,3,1,3,1,2,3,39
2367,0,2,0,3,2,1,0,3,0,2,0,2,3,1,3,3,1,3,3,2,2,36
2368,3,3,3,2,1,2,0,1,3,1,0,0,0,3,0,1,2,2,1,2,3,33
2369,1,1,3,2,2,1,0,2,2,0,2,0,1,3,0,3,0,3,3,0,1,30
2370,3,1,1,0,3,2,2,1,3,0,2,0,0,2,0,0,1,1,2,0,0,24
2371,2,3,3,3,0,3,1,3,0,1,2,0,0,2,1,2,3,3,0,2,3,37
2372,0,3,1,2,2,1,1,1,1,0,0,3,0,1,1,0,3,2,3,1,3,29
2373,1,2,1,0,1,2,1,0,2,0,0,0,0,2,0,3,2,2,0,2,0,21
2374,1,1,1,1,3,0,3,3,3,2,1,2,3,2,2,0,3,3,0,2,3,39
2375,0,2,1,1,2,2,0,1,0,2,1,2,3,1,1,2,1,3,2,3,3,33
2376,2,1,1,0,1,1,3,0,1,1,0,2,1,3,1,0,2,1,2,0,2,25
2377,1,3,3,3,1,2,1,3,3,2,0,1,1,1,3,0,2,3,0,3,2,38
2378,3,1,0,1,0,0,3,3,1,1,2,1,3,3,1,2,0,3,3,2,3,36
2379,2,3,2,0,1,2,3,3,3,2,0,2,1,1,1,2,1,2,1,3,3,38
2380,2,2,2,1,0,3,1,0,2,3,1,0,1,2,0,2,0,1,3,2,1,29
2381,3,3,2,0,0,3,1,2,1,2,3,2,3,0,2,2,0,1,1,2,3,36
2382,1,3,0,0,1,1,0,0,3,3,1,1,0,1,3,2,0,2,3,0,2,27
2383,2,3,1,0,1,0,0,2,3,0,1,1,2,0,2,2,2,1,0,1,2,26
2384,1,3,1,1,2,3,3,2,1,1,2,0,3,2,3,3,3,2,0,0,1,37
2385,1,1,1,2,0,0,3,3,3,2,1,1,3,2,1,0,0,3,3,2,0,32
2386,1,2,2,0,3,2,1,2,0,3,3,0,1,2,2,2,2,3,0,0,1,32
2387,0,0,2,2,2,3,1,2,3,2,2,1,1,0,3,2,3,2,2,3,1,37
2388,0,0,3,2,3,1,1,2,3,2,0,0,1,3,3,1,1,3,2,2,2,35
2389,0,0,3,1,1,0,0,0,0,1,2,1,1,3,3,1,2,3,0,3,2,27
2390,2,2,3,0,0,3,0,2,3,3,0,0,3,0,2,2,1,1,3,1,0,31
2391,3,1,3,3,1,3,0,2,0,2,2,3,2,2,3,2,2,3,3,3,2,45
2392,3,2,1,3,0,0,0,2,1,0,3,1,1,2,1,2,2,3,0,0,3,30
2393,1,1,3,1,2,2,1,3,1,2,2,0,3,3,1,2,1,3,0,2,3,37
2394,0,2,3,3,0,3,3,1,0,2,3,2,1,0,1,0,2,3,0,1,0,30
2395,3,3,1,1,1,1,0,1,1,1,0,1,2,2,1,1,2,0,3,3,2,30
2396,1,1,1,3,3,0,0,3,0,0,0,3,1,1,3,2,0,2,1,1,1,27
2397,3,1,2,3,3,0,3,3,1,1,3,3,1,1,2,3,1,3,2,0,3,42
2398,0,3,3,3,1,0,2,3,0,3,3,3,2,0,1,0,1,3,3,1,2,37
2399,2,2,3,2,3,0,0,3,3,0,1,0,3,2,3,1,0,3,3,2,1,37
2400,2,2,2,3,1,2,0,1,1,3,1,2,2,2,3,3,0,2,3,0,3,38
2401,1,0,3,1,3,2,0,2,3,3,2,2,0,0,1,2,1,0,0,1,0,27
2402,3,2,0,1,2,3,1,3,3,3,0,0,1,2,3,3,0,1,3,2,2,38
2403,2,3,3,2,3,0,0,0,2,3,2,1,2,3,0,2,1,1,0,1,3,34
2404,1,1,2,1,0,1,0,0,1,2,1,3,3,2,3,1,1,3,2,0,1,29
2405,0,2,0,1,1,3,2,2,1,3,1,3,1,0,3,3,1,3,1,0,2,33
2406,1,3,1,2,3,1,3,3,2,1,1,3,0,2,3,3,0,2,3,2,1,40
2407,2,3,1,2,0,3,2,0,1,2,1,2,3,2,0,1,2,3,1,3,1,35
2408,0,0,2,0,1,1,1,0,0,1,3,1,2,1,2,3,2,2,2,0,1,25
2409,3,1,1,2,1,2,2,1,3,0,3,1,2,0,3,2,2,2,3,2,0,36
2410,3,0,1,0,3,2,2,1,0,0,2,0,1,2,3,2,3,1,2,1,3,32
2411,3,2,3,1,0,1,0,0,1,2,1,1,2,0,3,3,0,3,0,0,0,26
2412,0,2,3,2,3,1,3,0,3,0,3,2,0,0,2,0,1,2,2,2,3,34
2413,0,0,3,3,3,0,1,0,0,0,3,1,1,0,3,2,1,2,2,3,0,28
2414,0,1,0,1,1,1,2,3,1,0,3,2,3,1,0,2,0,0,2,0,0,23
2415,1,2,0,1,3,0,0,1,3,1,3,0,3,0,2,0,0,3,0,0,0,23
2416,1,3,2,0,0,0,3,1,1,2,2,1,0,2,1,1,2,1,3,2,0,28
2417,1,1,0,3,0,0,1,0,3,3,2,0,3,0,1,2,1,1,0,3,1,26
2418,1,2,1,3,1,1,3,2,1,3,1,3,3,3,0,0,0,0,3,2,3,36
2419,1,3,2,2,0,3,3,2,0,0,1,2,2,3,2,1,1,0,0,1,3,32
2420,0,2,1,3,2,1,0,1,3,0,0,3,0,0,3,3,0,2,2,0,3,29
2421,1,0,2,3,1,0,1,1,0,0,2,2,0,3,1,1,1,0,3,3,2,27
2422,0,0,1,0,2,3,1,1,0,2,0,1,2,2,0,3,2,1,0,1,2,24
2423,2,3,0,3,3,0,3,0,1,1,0,0,3,3,0,3,0,1,1,1,2,30
2424,0,1,1,0,3,2,1,1,2,3,0,1,1,2,0,0,0,3,1,3,2,27
2425,3,1,3,2,1,1,0,2,1,0,0,2,0,0,1,2,1,3,1,1,0,25
2426,2,0,1,3,2,0,2,3,3,2,3,2,3,3,3,1,2,2,1,2,1,41
2427,2,1,1,3,0,0,1,2,1,3,0,1,2,2,1,2,0,2,3,0,3,30
2428,0,1,3,2,3,3,3,2,2,0,0,2,2,2,2,3,2,2,1,1,2,38
2429,1,0,1,3,1,3,0,1,0,0,0,0,2,3,3,2,0,2,3,2,0,27
2430,3,0,1,3,2,0,3,1,0,1,2,2,0,0,3,2,2,3,3,0,1,32
2431,3,2,0,0,2,0,0,2,0,1,2,1,0,2,0,3,0,0,2,1,2,23
2432,3,3,1,3,1,2,2,0,2,2,1,0,3,0,3,2,1,0,3,1,1,34
2433,0,0,0,1,0,1,2,0,3,3,1,0,2,2,0,1,2,2,2,2,0,24
2434,0,1,1,2,2,3,3,2,3,0,3,3,0,0,1,2,2,0,0,1,1,30
2435,0,3,1,1,2,2,3,2,0,0,2,3,3,1,3,3,1,1,0,0,3,34
2436,3,1,2,3,2,1,2,1,2,1,0,0,1,2,1,3,3,3,3,3,2,39
2437,0,0,3,2,3,0,0,1,3,2,3,0,2,2,0,1,1,0,1,2,2,28
2438,1,0,2,2,1,2,1,0,3,3,1,3,2,2,0,3,2,2,0,3,0,33
2439,3,0,3,0,3,0,0,3,0,2,3,3,2,2,0,2,3,1,0,0,0,30
2440,3,3,3,2,3,1,3,0,3,3,1,0,0,2,1,3,1,1,0,2,1,36
2441,1,3,1,2,1,3,2,3,1,0,2,3,3,2,3,1,3,2,1,3,2,42
2442,3,0,3,0,0,0,2,3,1,1,1,0,3,0,2,2,3,3,1,0,0,28
2443,1,1,3,2,1,2,2,0,1,0,3,1,3,2,3,1,1,3,1,2,1,34
2444,3,0,0,1,0,1,2,1,3,3,1,1,1,3,1,2,0,1,1,0,1,26
2445,1,1,3,1,1,0,1,3,0,3,3,0,1,3,1,3,3,0,0,2,2,32
2446,3,0,2,2,1,0,1,1,3,2,1,3,0,2,0,2,1,2,0,1,2,29
2447,3,1,2,1,3,3,3,0,2,3,2,2,0,1,2,1,1,3,0,1,3,37
2448,0,3,2,0,1,0,0,2,0,3,0,2,1,2,0,2,1,2,1,3,2,27
2449,3,1,3,2,2,1,1,0,1,2,2,0,1,1,1,1,0,3,2,0,3,30
2450,1,1,1,0,1,3,1,2,0,2,2,1,2,3,2,1,0,0,2,0,0,25
2451,0,3,0,3,3,3,0,0,1,0,1,0,2,0,1,1,2,2,0,3,0,25
2452,0,0,0,0,3,3,2,2,2,1,1,2,0,1,1,3,0,2,2,2,0,27
2453,0,1,2,3,2,0,3,3,3,0,0,2,2,1,1,2,0,0,2,3,0,30
2454,2,1,2,3,0,3,1,2,1,2,0,1,3,0,3,3,2,3,1,2,0,35
2455,0,2,3,1,3,0,3,1,2,2,0,1,3,0,3,0,0,2,1,1,2,30
2456,0,2,0,1,2,0,3,2,2,0,2,1,2,2,0,0,3,1,2,0,2,27
2457,1,2,0,0,0,3,2,0,1,0,0,0,3,0,0,3,0,2,1,2,0,20
2458,3,0,2,0,2,0,1,3,2,2,3,2,2,0,1,1,3,1,0,2,2,32
2459,3,3,2,0,0,1,1,3,3,1,3,2,2,1,3,0,2,1,3,2,2,38
2460,0,0,0,3,0,1,3,0,2,0,1,2,1,2,1,1,0,2,3,1,3,26
2461,2,2,3,3,1,0,0,3,3,3,2,3,0,3,2,2,0,0,1,2,1,36
2462,3,2,1,1,2,2,3,1,3,0,0,1,0,0,1,1,2,1,0,0,1,25
2463,1,2,3,2,1,0,1,0,3,0,1,3,2,0,2,3,3,3,1,1,0,32
2464,3,3,1,3,1,3,2,3,0,0,2,2,2,0,0,2,1,1,0,0,1,30
2465,0,1,0,3,2,3,1,2,2,0,0,1,3,1,0,2,0,1,1,0,3,26
2466,0,1,3,3,2,1,2,3,3,0,0,1,1,3,1,0,0,3,0,1,2,30
2467,2,2,2,2,3,3,1,3,3,2,1,3,3,3,0,2,2,0,2,3,3,45
2468,1,3,0,1,0,1,3,3,3,0,1,1,3,1,2,3,2,2,0,0,2,32
2469,2,0,3,1,0,2,3,0,0,3,0,0,0,0,0,3,2,3,0,0,2,24
2470,3,0,3,0,3,3,3,3,3,0,1,3,3,0,0,2,3,0,2,0,2,37
2471,0,3,1,2,2,0,2,1,2,1,2,2,3,0,3,2,2,1,1,1,3,34
2472,0,1,1,2,2,1,3,3,1,1,2,1,0,2,2,1,1,1,2,1,3,31
2473,3,3,1,1,1,1,1,1,0,2,0,0,2,0,2,3,1,2,3,1,0,28
2474,0,2,1,1,0,2,2,3,1,2,0,0,1,2,3,1,1,1,0,3,1,27
2475,0,2,0,0,2,3,2,1,1,2,3,2,3,0,1,0,0,3,2,2,3,32
2476,2,3,2,2,0,0,1,0,0,2,0,3,2,2,0,0,1,3,0,2,3,28
2477,1,1,1,1,2,3,1,3,2,0,1,2,2,0,1,2,3,3,3,0,1,33
2478,2,2,2,2,0,2,1,1,0,2,1,0,0,2,1,1,2,3,0,2,1,27
2479,3,1,3,3,0,1,3,1,2,1,1,0,3,3,1,2,1,1,1,0,3,34
2480,3,3,3,1,2,2,0,0,1,3,0,0,1,2,2,0,0,1,1,0,3,28
2481,0,0,1,0,2,3,3,1,2,2,1,0,3,2,0,2,0,0,3,3,2,30
2482,2,0,3,2,3,3,0,0,1,2,1,1,1,2,3,0,2,1,3,3,3,36
2483,3,1,2,0,2,2,1,1,2,3,3,3,0,3,2,3,0,0,2,2,3,38
2484,2,2,0,2,2,0,1,3,3,1,3,3,0,0,0,0,1,0,3,0,3,29
2485,1,0,2,1,3,3,2,0,1,2,1,3,3,3,1,3,2,1,2,1,0,35
2486,3,1,1,3,2,1,1,3,1,3,1,3,0,0,1,2,0,0,3,0,2,31
2487,3,2,2,2,3,1,1,1,1,0,0,0,0,2,0,2,2,0,2,2,2,28
2488,1,1,1,3,3,1,3,2,0,2,2,3,3,0,1,3,2,2,0,3,0,36
2489,1,0,1,1,3,1,3,3,2,3,3,0,3,0,3,0,1,3,1,2,0,34
2490,3,1,2,0,3,0,3,1,1,3,2,1,2,2,3,3,2,3,2,0,3,40
2491,0,0,3,1,1,1,1,1,1,2,2,0,3,0,0,0,0,3,3,3,0,25
2492,0,0,2,0,3,1,1,3,0,1,1,2,1,0,2,2,0,1,0,0,3,23
2493,2,1,0,3,2,2,3,1,0,2,0,3,3,1,3,2,1,1,3,2,3,38
2494,1,1,2,0,1,2,0,0,2,1,2,3,3,2,1,1,1,3,3,2,0,31
2495,3,2,3,2,3,3,3,1,3,1,1,0,0,2,0,2,3,2,0,2,1,37
2496,1,1,2,3,0,1,3,3,2,2,3,2,2,3,0,3,1,3,3,0,0,38
2497,2,2,3,3,3,2,2,2,2,2,1,0,3,1,2,1,2,3,3,3,2,44
2498,0,0,2,2,3,0,1,0,3,1,2,2,2,3,3,2,2,0,1,2,3,34
2499,1,0,1,0,1,0,2,0,2,0,2,0,3,0,2,1,0,1,2,2,3,23
2500,0,0,1,1,0,0,2,2,0,0,1,0,1,0,1,2,2,1,1,1,1,17
2501,0,3,0,0,3,2,1,3,0,2,1,1,0,3,3,1,3,1,2,2,3,34
2502,0,2,3,0,2,0,3,1,1,0,3,1,1,2,1,2,0,3,3,0,3,31
2503,2,3,1,0,0,0,1,0,3,1,0,2,0,0,2,1,1,3,1,3,3,27
2504,0,0,0,2,1,3,0,2,0,2,0,1,0,3,0,2,3,3,0,2,1,25
2505,2,0,2,0,0,1,1,1,2,0,3,1,2,3,0,0,0,0,0,1,2,21
2506,3,3,3,3,1,2,2,0,2,2,0,0,0,2,1,2,1,3,1,2,1,34
2507,0,3,2,0,0,0,1,0,2,3,3,0,1,2,1,1,1,2,0,1,1,24
2508,1,0,0,0,3,2,0,1,0,2,3,1,3,1,0,1,2,3,2,0,1,26
2509,2,0,1,2,0,2,2,0,0,1,2,2,3,3,3,2,2,1,2,1,1,32
2510,3,0,1,0,0,2,1,3,0,0,3,2,2,3,2,3,1,2,0,1,3,32
2511,1,3,3,0,3,1,2,0,3,0,1,2,0,0,2,1,3,2,0,0,1,28
2512,2,1,1,2,2,3,0,0,0,0,1,0,1,0,3,0,0,1,2,0,2,21
2513,3,2,1,3,0,2,1,0,2,1,2,1,0,0,2,3,2,3,3,0,3,34
2514,2,1,2,1,3,2,0,1,0,1,0,0,3,2,1,1,1,2,0,2,0,25
2515,3,2,1,2,1,1,1,2,1,1,0,0,3,0,3,0,3,1,3,0,1,29
2516,1,0,0,2,0,0,1,0,3,0,0,0,2,2,0,1,1,1,3,0,0,17
2517,2,1,1,1,1,3,0,1,2,1,0,1,1,1,0,3,1,2,0,2,0,24
2518,3,3,0,1,2,1,1,1,0,0,0,3,0,1,3,0,2,0,3,3,3,30
2519,2,2,0,2,2,0,0,1,1,1,3,0,1,0,1,0,3,2,3,1,1,26
2520,1,3,0,2,3,2,0,2,3,3,2,2,0,0,0,3,1,1,3,0,2,33
2521,3,0,1,2,2,1,1,1,3,3,2,3,2,0,3,0,0,2,2,3,3,37
2522,0,3,1,0,1,0,1,3,1,2,1,2,1,0,1,2,0,0,0,3,1,23
2523,3,1,2,1,0,2,0,2,2,3,1,3,3,2,2,2,1,0,3,3,1,37
2524,1,3,2,2,3,0,2,1,3,0,2,1,0,1,3,2,3,2,0,0,1,32
2525,1,3,2,2,0,3,1,3,0,2,1,0,1,3,3,1,3,1,0,0,0,30
2526,1,1,0,3,1,2,0,0,2,1,3,3,3,0,0,0,0,1,2,0,1,24
2527,1,2,2,1,3,3,2,2,1,3,3,1,0,1,2,1,1,2,2,2,2,37
2528,3,2,2,2,2,2,2,2,2,0,0,3,3,0,1,3,0,2,2,1,2,36
2529,2,3,2,0,3,1,3,2,0,3,0,0,0,0,0,1,3,1,3,3,2,32
2530,2,0,0,0,2,3,0,2,3,3,2,2,2,3,0,0,2,1,3,0,2,32
2531,3,3,0,3,3,2,3,1,2,3,0,3,1,3,1,2,2,2,1,3,1,42
2532,0,2,3,3,0,0,2,0,0,3,0,0,2,2,3,0,0,3,1,1,1,26
2533,3,1,1,1,2,3,1,1,1,0,3,0,3,3,1,3,1,1,1,2,3,35
2534,3,2,1,2,1,0,2,3,1,2,2,0,2,1,3,0,0,3,3,3,2,36
2535,3,1,3,1,1,1,2,1,0,0,2,2,2,3,2,2,1,1,3,3,3,37
2536,2,3,3,0,1,3,2,2,1,3,2,2,0,3,3,3,3,1,1,1,3,42
2537,1,1,0,1,1,0,1,1,0,0,0,3,1,0,0,2,3,2,3,1,3,24
2538,3,1,1,0,2,1,0,2,0,2,1,1,1,2,3,0,0,1,0,1,0,22
2539,1,2,1,1,1,0,0,1,0,3,1,0,2,3,2,1,0,3,1,1,2,26
2540,2,1,1,3,2,0,2,1,1,0,0,2,0,1,1,2,0,0,3,0,0,22
2541,1,3,3,0,1,1,0,3,1,0,0,3,1,3,0,3,3,3,0,3,0,32
2542,0,2,1,2,0,1,0,2,3,2,2,1,1,1,2,0,1,3,0,2,3,29
2543,1,0,0,2,1,1,2,1,0,3,1,0,0,2,0,1,2,3,2,3,1,26
2544,0,0,0,2,0,1,2,1,0,3,3,1,0,0,3,2,3,0,2,1,0,24
2545,0,2,1,2,2,2,2,3,2,0,3,0,2,0,3,0,0,1,2,1,2,30
2546,1,0,1,2,3,3,2,2,1,0,2,3,0,0,1,3,3,3,1,2,3,36
2547,0,1,3,3,0,0,2,1,2,2,3,2,0,1,1,3,0,0,2,1,0,27
2548,3,1,3,3,2,2,2,3,2,3,2,1,1,3,3,2,3,1,3,3,2,48
2549,0,0,0,3,3,1,1,2,0,2,0,3,1,3,3,0,2,2,3,0,1,30
2550,3,1,2,1,0,2,2,1,0,1,1,3,3,1,2,1,3,2,1,2,0,32
2551,1,0,3,3,2,0,2,1,1,1,3,1,1,1,3,0,3,0,0,0,2,28
2552,1,2,0,2,3,0,2,0,0,0,2,2,0,0,2,3,3,2,3,2,1,30
2553,1,2,0,2,0,2,3,1,1,1,1,2,1,1,1,2,1,0,0,3,3,28
2554,3,2,1,1,1,2,1,1,3,1,2,3,2,0,0,1,1,1,0,0,2,28
2555,3,0,1,1,0,0,2,3,0,1,0,3,1,1,0,3,1,1,2,3,3,29
2556,2,1,3,0,0,2,2,1,1,2,0,1,1,1,0,2,1,0,0,1,2,23
2557,2,0,1,3,2,3,0,1,2,2,1,0,2,2,2,1,3,2,2,1,2,34
2558,3,1,3,2,2,1,1,2,1,0,1,2,0,0,0,3,0,0,2,1,1,26
2559,2,3,2,2,2,1,1,1,3,3,0,1,3,3,0,3,3,1,3,1,3,41
2560,3,0,3,1,3,3,2,2,3,0,0,2,1,0,0,3,0,3,2,3,2,36
2561,3,3,3,1,2,3,1,0,2,3,0,3,1,2,3,0,0,2,3,1,1,37
2562,3,3,2,3,1,0,2,3,0,2,2,0,3,3,2,2,2,2,0,0,2,37
2563,0,3,2,0,3,3,3,3,0,2,3,2,3,1,3,2,1,3,0,2,3,42
2564,2,0,1,2,0,0,3,1,2,1,0,3,2,1,1,3,2,3,1,2,3,33
2565,1,2,2,0,0,2,3,3,3,3,3,2,1,3,0,3,3,1,2,3,0,40
2566,0,0,1,3,1,0,3,0,1,1,3,1,2,3,3,1,1,0,2,3,0,29
2567,3,2,0,1,3,3,0,3,1,3,3,0,1,0,1,3,1,3,1,0,2,34
2568,0,1,0,2,2,1,1,3,0,0,1,2,2,0,3,3,3,2,1,3,3,33
2569,3,1,1,2,1,3,0,1,2,0,1,0,1,0,1,1,3,0,2,2,3,28
2570,3,3,0,2,3,0,3,2,2,2,2,3,0,2,2,0,0,3,0,1,3,36
2571,0,0,2,1,1,3,3,0,0,0,1,2,0,3,1,0,0,2,1,0,2,22
2572,0,0,2,2,1,0,0,2,0,0,2,3,3,2,3,0,0,1,1,1,3,26
2573,1,1,2,2,2,2,1,0,0,0,0,1,1,0,2,2,0,3,2,1,2,25
2574,0,0,0,2,1,1,2,1,3,2,2,1,3,0,1,3,3,3,1,2,1,32
2575,0,2,0,3,0,1,1,1,3,3,1,1,0,1,3,3,3,2,3,0,3,34
2576,2,2,2,2,1,2,2,3,0,3,2,0,2,2,3,2,0,0,2,1,0,33
2577,1,3,3,0,0,3,1,0,3,1,0,2,0,0,0,2,2,1,0,0,3,25
2578,3,1,0,0,2,1,3,0,1,1,0,0,0,2,1,1,1,0,0,1,1,19
2579,1,0,1,3,1,0,3,3,2,2,3,3,1,3,2,3,2,2,1,2,2,40
2580,1,0,3,2,0,0,1,1,2,2,0,1,1,2,3,1,2,3,3,1,3,32
2581,2,1,3,2,0,1,2,0,2,0,3,3,1,3,1,3,2,2,3,3,1,38
2582,1,0,3,1,2,2,0,3,3,1,3,3,1,0,3,1,1,2,1,2,3,36
2583,1,3,0,2,0,1,3,3,2,0,2,3,3,2,2,1,2,2,2,1,1,36
2584,1,1,2,2,0,1,3,1,2,0,1,1,1,2,3,2,3,3,3,0,0,32
2585,2,2,0,0,0,2,0,0,3,0,0,1,3,3,1,2,0,1,1,0,2,23
2586,3,0,2,0,3,1,1,2,2,1,3,3,0,0,3,1,3,0,1,2,1,32
2587,2,2,1,2,1,0,3,1,1,0,1,1,3,1,1,0,1,0,1,1,3,26
2588,0,1,1,0,3,1,1,0,0,2,1,2,0,3,3,3,0,3,2,1,3,30
2589,2,2,3,2,1,2,2,0,0,2,0,1,2,3,3,2,0,2,3,3,3,38
2590,0,1,0,3,3,3,3,1,2,3,3,3,3,1,3,1,1,1,0,0,0,35
2591,2,1,1,3,3,0,3,1,1,3,0,0,1,0,3,2,2,1,1,1,2,31
2592,1,1,0,2,2,1,3,2,2,3,1,3,0,1,3,3,1,2,0,2,0,33
2593,1,1,3,1,2,3,2,2,2,1,1,2,0,1,3,0,0,1,0,0,2,28
2594,2,2,1,3,3,1,2,3,1,0,0,3,3,0,3,1,2,3,0,3,2,38
2595,2,3,0,3,3,3,0,1,3,2,0,2,2,0,2,1,1,1,3,2,3,37
2596,2,3,1,2,2,3,2,2,0,2,1,3,0,2,0,0,3,3,0,1,3,35
2597,3,2,1,2,1,3,1,3,3,3,0,1,3,3,1,0,2,3,1,0,2,38
2598,3,2,1,3,0,0,2,0,2,2,1,0,0,1,3,2,1,3,2,3,1,32
2599,2,2,2,2,1,3,3,1,0,3,3,0,2,1,2,2,2,1,0,0,0,32
2600,3,2,0,3,2,3,0,3,0,1,1,0,3,3,3,2,3,0,0,0,1,33
2601,1,2,2,0,0,3,1,2,0,0,3,2,1,3,3,0,0,1,1,1,0,26
2602,3,2,2,2,0,3,0,0,2,3,0,2,1,3,2,2,3,1,0,0,1,32
2603,2,3,3,3,1,2,0,2,3,3,0,3,0,1,1,2,2,1,2,1,3,38
2604,1,2,3,1,2,3,1,1,1,1,1,3,2,1,3,0,1,2,1,0,2,32
2605,0,0,1,3,3,0,2,3,0,2,2,1,0,0,0,2,3,3,2,1,2,30
2606,1,2,0,2,0,1,2,0,1,0,0,1,1,1,0,1,1,1,2,1,2,20
2607,0,0,1,2,2,1,1,1,2,0,1,0,3,2,0,1,1,0,3,2,0,23
2608,1,1,2,3,2,2,2,3,1,3,2,1,0,1,0,2,3,2,3,1,2,37
2609,2,1,0,1,3,1,3,2,2,1,2,3,0,3,3,1,2,0,3,2,0,35
2610,0,3,2,3,2,0,0,0,3,1,2,3,3,0,1,3,1,2,2,3,2,36
2611,1,1,3,0,2,1,2,3,1,1,3,0,0,2,2,1,0,3,3,1,1,31
2612,3,0,1,3,2,0,0,1,2,1,2,1,2,0,1,1,1,2,1,0,3,27
2613,1,0,3,0,3,2,2,2,2,1,3,3,1,2,1,0,0,2,1,1,0,30
2614,2,2,3,3,3,0,2,3,0,2,1,2,1,2,2,1,0,0,0,3,0,32
2615,3,3,2,1,3,0,1,3,3,2,0,2,3,3,2,2,3,2,0,0,3,41
2616,3,3,2,2,0,2,2,0,3,2,2,3,1,3,1,1,1,0,0,3,1,35
2617,3,0,3,0,2,2,1,3,0,3,1,0,0,1,2,3,3,0,3,3,2,35
2618,2,0,3,3,1,0,1,3,1,2,3,3,3,1,0,0,2,1,1,0,1,31
2619,3,3,3,2,1,2,3,2,1,2,3,0,3,0,0,2,0,0,0,3,1,34
2620,2,2,2,3,3,1,0,0,3,3,3,1,1,3,1,3,3,1,3,2,3,43
2621,2,2,1,0,2,3,3,3,2,0,2,3,1,1,0,0,1,2,3,2,2,35
2622,0,1,2,1,0,2,1,1,1,2,0,0,1,2,2,3,1,1,2,2,1,26
2623,0,2,0,2,2,1,3,1,1,3,1,2,2,1,3,2,1,2,2,2,2,35
2624,0,2,2,2,2,2,2,0,0,3,3,3,2,1,2,2,0,2,1,2,0,33
2625,1,2,2,3,3,3,3,3,1,2,3,3,0,2,3,2,2,0,1,1,3,43
2626,0,2,0,2,3,3,2,2,3,0,1,1,2,3,0,0,0,3,0,1,1,29
2627,1,2,2,2,0,0,2,3,3,1,3,2,2,1,2,2,2,1,3,2,3,39
2628,0,3,2,1,0,3,3,3,1,0,1,3,1,2,3,0,3,2,2,3,0,36
2629,2,1,2,3,3,0,1,0,3,2,3,1,0,3,1,2,1,3,1,0,2,34
2630,3,0,2,3,2,0,2,3,0,1,0,2,2,3,1,1,2,0,1,1,0,29
2631,3,3,0,0,1,1,3,1,2,1,1,2,2,3,2,2,1,0,2,0,3,33
2632,2,2,3,1,0,2,0,1,1,1,3,3,1,0,0,0,2,2,0,0,0,24
2633,3,1,1,2,2,0,2,1,2,1,3,1,2,0,0,1,0,2,0,3,0,27
2634,3,3,3,2,0,2,1,1,3,0,1,0,0,2,1,0,0,0,3,0,1,26
2635,3,3,0,1,1,0,1,1,2,1,3,0,1,2,2,2,2,0,1,3,2,31
2636,0,3,2,3,0,2,0,0,2,0,0,0,1,0,0,2,3,1,3,1,0,23
2637,1,1,2,1,2,0,3,0,0,1,2,2,1,2,2,2,1,3,2,0,1,29
2638,2,0,1,0,3,2,0,2,2,2,2,2,1,2,3,3,2,0,2,0,0,31
2639,0,0,3,3,0,0,3,1,0,0,2,2,3,0,2,0,0,0,0,1,1,21
2640,1,0,1,1,0,3,1,2,3,2,3,1,2,1,1,3,2,0,2,2,0,31
2641,1,2,3,2,2,1,2,2,0,2,2,1,3,3,2,1,1,0,2,1,2,35
2642,3,1,3,1,1,0,1,2,0,0,1,0,0,2,3,2,0,1,0,3,1,25
2643,1,2,2,1,3,1,1,2,2,1,3,0,2,1,1,3,1,2,1,3,3,36
2644,3,0,0,0,2,2,3,2,2,0,0,0,0,2,2,1,0,0,0,1,3,23
2645,0,1,3,3,1,3,1,3,0,1,3,1,2,1,1,2,1,2,2,3,2,36
2646,3,3,3,2,0,1,2,2,3,3,0,0,0,0,2,3,1,2,2,3,0,35
2647,3,1,0,3,0,3,0,0,0,3,2,3,0,2,3,0,1,3,0,2,3,32
2648,3,3,1,3,1,3,3,3,2,1,1,3,2,2,3,0,1,0,2,0,0,37
2649,1,1,1,2,3,3,2,3,0,3,1,0,2,1,3,2,2,1,2,2,1,36
2650,1,1,2,1,1,1,0,2,1,3,2,2,0,0,2,2,3,1,3,2,1,31
2651,3,0,3,1,0,3,1,1,1,2,1,1,2,2,2,1,3,3,2,0,1,33
2652,3,0,2,3,0,0,3,2,3,0,0,2,1,1,0,0,0,1,1,3,3,28
2653,2,3,0,2,2,1,2,2,2,3,2,1,2,1,2,2,0,1,2,3,2,37
2654,2,2,3,3,1,0,0,2,2,3,3,0,0,3,1,2,1,0,0,2,1,31
2655,2,1,1,0,1,1,2,0,3,1,3,2,3,0,1,0,0,2,3,1,3,30
2656,2,3,2,1,2,0,0,3,3,2,2,2,0,2,0,3,1,0,1,2,0,31
2657,1,3,2,0,3,1,1,1,2,3,1,1,3,1,3,3,3,1,1,2,2,38
2658,2,3,3,1,0,1,2,1,1,3,0,1,0,3,3,1,2,1,2,3,0,33
2659,1,1,3,2,2,3,3,2,2,2,2,2,3,0,0,2,0,0,3,2,1,36
2660,1,1,3,3,3,1,0,2,1,2,3,2,0,1,2,3,2,1,3,1,2,37
2661,3,3,3,0,0,3,1,1,3,0,0,2,3,2,3,3,1,2,0,1,2,36
2662,0,2,3,0,0,0,2,3,0,1,2,1,2,3,3,1,0,0,0,0,3,26
2663,2,3,0,0,2,1,2,0,2,1,1,3,3,0,3,1,3,3,0,3,2,35
2664,0,0,1,0,1,3,2,1,3,1,0,1,1,0,3,0,3,2,3,0,3,28
2665,2,0,2,2,2,1,3,1,3,1,1,1,1,0,2,2,1,0,2,1,1,29
2666,3,3,3,1,1,2,2,1,3,1,1,0,2,2,1,3,0,3,0,0,1,33
2667,1,1,0,1,0,3,2,1,3,2,1,2,1,3,2,3,3,3,1,1,0,34
2668,0,1,2,3,1,0,1,0,3,0,3,3,1,2,0,2,1,2,1,0,2,28
2669,1,2,0,2,0,0,2,1,1,2,3,3,2,0,3,3,2,2,0,3,2,34
2670,2,2,1,1,1,3,0,1,0,3,2,1,1,3,2,1,0,0,1,0,0,25
2671,1,2,2,3,2,3,2,3,2,2,1,2,0,2,1,0,1,1,1,3,2,36
2672,3,3,1,3,1,2,3,2,1,1,0,3,3,0,0,2,0,3,3,2,2,38
2673,2,3,3,2,0,3,3,3,0,0,1,2,3,1,1,2,2,0,3,3,3,40
2674,3,1,2,1,3,2,1,0,3,3,1,1,0,1,2,1,0,3,1,0,0,29
2675,0,2,0,1,1,1,0,1,3,2,1,2,1,1,0,1,3,0,3,2,3,28
2676,0,1,1,0,1,3,1,0,1,3,1,2,0,1,0,1,0,2,2,3,1,24
2677,1,2,0,2,2,3,2,2,3,0,3,1,1,1,3,2,0,0,0,2,3,33
2678,1,3,3,1,0,3,3,3,1,2,0,1,3,2,1,1,2,1,0,0,3,34
2679,1,3,0,1,2,2,2,0,0,1,2,2,2,3,0,0,1,1,3,0,3,29
2680,0,2,3,0,0,1,0,3,0,3,0,1,2,3,0,3,3,0,1,3,0,28
2681,1,0,1,2,0,2,1,3,0,2,2,3,3,0,3,0,2,3,0,1,2,31
2682,1,0,0,2,2,3,1,2,0,1,0,1,0,1,3,0,0,3,0,2,3,25
2683,0,3,0,2,1,3,1,0,1,0,1,3,0,1,0,0,0,2,0,0,3,21
2684,3,1,3,3,0,1,2,0,0,0,0,1,3,0,1,2,0,2,1,1,1,25
2685,1,0,0,1,0,3,3,3,2,2,0,1,2,1,2,2,1,3,2,3,1,33
2686,3,2,3,1,1,2,2,3,2,2,1,0,1,3,3,1,0,1,2,3,1,37
2687,1,0,1,2,0,0,3,0,3,2,0,1,2,2,2,1,0,0,1,1,3,25
2688,0,0,2,0,1,2,3,1,2,3,0,0,3,0,2,1,1,1,3,3,3,31
2689,3,1,0,0,1,0,2,1,3,2,1,2,1,1,3,0,3,0,2,1,0,27
2690,3,2,3,0,0,2,0,3,1,3,2,3,2,1,2,1,1,2,0,3,2,36
2691,0,1,2,0,2,3,0,1,0,3,1,1,1,2,3,0,0,0,1,3,2,26
2692,0,0,3,1,1,3,3,0,0,1,2,0,2,1,1,0,1,1,0,0,3,23
2693,2,3,1,3,0,3,0,0,0,3,3,3,0,2,2,1,1,1,3,2,3,36
2694,0,2,3,2,0,1,1,1,2,0,1,3,3,1,0,3,2,3,1,1,0,30
2695,1,3,0,2,3,0,1,0,0,2,1,2,2,0,3,3,1,3,0,3,0,30
2696,1,3,2,1,2,2,0,2,0,3,2,0,2,2,3,1,3,2,0,2,0,33
2697,1,0,0,2,2,3,2,0,2,3,3,0,2,1,3,3,1,0,3,2,1,34
2698,2,3,2,0,3,2,0,3,0,0,2,1,3,1,0,1,2,1,2,1,1,30
2699,3,1,2,1,3,3,2,3,2,1,1,3,3,0,0,2,2,0,1,1,1,35
2700,3,1,0,1,0,1,3,3,0,1,0,0,3,0,2,1,3,1,3,1,0,27
2701,3,1,0,0,0,2,2,1,0,0,3,0,2,0,0,3,3,2,0,0,2,24
2702,1,0,3,1,3,3,3,1,1,1,2,3,1,3,2,3,1,3,1,0,1,37
2703,0,3,1,3,2,1,0,2,0,2,1,0,2,0,0,1,1,3,0,0,0,22
2704,1,1,0,3,3,2,1,2,1,1,2,0,0,2,2,1,1,1,0,0,2,26
2705,1,0,0,1,1,1,1,1,0,1,3,1,3,2,0,0,1,3,3,2,2,27
2706,1,2,3,2,2,0,1,0,3,1,3,3,0,0,1,1,3,1,0,1,0,28
2707,3,3,2,2,3,1,2,2,3,0,3,1,0,3,3,0,0,3,1,0,2,37
2708,2,2,1,2,0,1,3,2,3,0,2,3,0,2,0,1,0,3,1,2,3,33
2709,1,3,3,1,1,1,0,3,1,3,0,2,0,2,0,2,0,3,1,3,2,32
2710,1,2,1,1,2,2,3,0,0,2,0,3,1,3,0,2,0,2,2,2,0,29
2711,1,2,0,0,1,3,2,0,3,0,3,3,3,3,1,3,0,1,1,3,3,36
2712,1,2,2,3,3,0,1,3,0,3,2,3,2,3,1,0,3,1,1,0,2,36
2713,3,0,0,3,1,0,3,3,1,2,2,1,0,2,1,1,1,3,2,2,0,31
2714,3,3,2,0,2,1,2,3,2,2,1,3,2,2,1,1,1,0,1,1,1,34
2715,3,0,3,1,1,2,0,3,3,2,2,3,2,0,2,1,0,1,3,1,0,33
2716,0,1,1,0,1,2,2,3,0,2,1,0,1,2,3,3,3,3,3,1,1,33
2717,1,1,0,0,0,3,0,2,3,2,1,3,2,3,0,2,3,2,3,3,1,35
2718,0,2,2,1,1,0,2,3,0,3,2,1,1,1,3,1,2,0,0,1,0,26
2719,0,1,1,3,0,2,3,3,3,0,2,2,3,3,0,1,2,0,1,2,0,32
2720,3,1,3,0,1,2,2,1,0,0,1,3,0,3,3,2,1,3,3,1,3,36
2721,1,3,3,3,1,2,1,2,1,1,3,1,2,2,1,2,0,2,2,3,3,39
2722,2,1,1,3,0,0,0,0,1,1,3,1,1,2,3,3,0,0,0,1,2,25
2723,3,2,3,1,3,3,3,3,3,1,0,3,3,1,2,2,3,3,0,3,3,48
2724,3,2,1,3,3,3,1,3,2,2,3,1,1,1,1,2,1,1,1,2,0,37
2725,2,1,3,0,0,0,3,1,2,2,3,0,0,2,3,1,2,3,0,1,0,29
2726,2,0,3,3,2,1,0,1,3,0,3,3,0,3,1,0,0,2,2,2,3,34
2727,3,3,3,1,1,0,2,3,3,1,1,1,1,0,2,0,1,1,0,3,1,31
2728,0,1,2,3,1,2,1,1,3,0,1,2,3,2,0,1,1,1,2,3,1,31
2729,0,3,3,0,3,3,0,0,0,1,3,1,3,2,2,0,3,2,1,1,1,32
2730,3,3,0,3,2,2,1,2,1,1,3,1,0,2,1,1,0,3,3,0,2,34
2731,0,1,0,2,0,0,1,2,2,1,0,3,0,0,3,0,0,1,3,0,3,22
2732,0,3,0,2,0,0,3,0,2,3,3,3,3,3,2,3,0,3,3,2,2,40
2733,0,3,3,3,1,0,2,1,1,3,2,3,0,1,1,2,3,3,2,0,3,37
2734,2,2,1,3,1,0,1,2,0,1,0,2,1,3,2,2,1,2,0,0,0,26
2735,1,1,2,1,1,0,1,1,3,1,1,2,3,0,2,0,2,2,0,3,1,28
2736,2,0,2,3,3,2,2,1,0,2,2,0,1,3,2,3,0,0,3,3,1,35
2737,1,3,3,3,0,3,1,2,1,3,3,2,3,2,3,3,2,3,0,1,3,45
2738,2,0,2,0,0,2,0,2,1,1,3,1,0,0,0,3,1,2,3,2,3,28
2739,1,2,0,0,2,1,1,2,3,2,1,3,3,1,1,0,1,0,1,0,0,25
2740,3,3,2,2,2,0,2,1,0,1,2,3,0,0,1,2,3,3,1,2,1,34
2741,3,3,0,0,3,1,1,3,2,1,3,1,3,3,3,3,0,1,3,1,2,40
2742,0,1,1,0,3,2,1,3,2,0,3,0,2,0,2,0,3,2,3,3,0,31
2743,1,3,0,1,1,0,2,3,0,0,3,3,2,2,2,3,2,3,2,0,2,35
2744,2,2,2,1,0,2,3,0,1,2,0,3,0,3,0,3,0,2,2,3,2,33
2745,1,2,0,2,2,3,0,2,0,3,2,0,2,2,0,2,2,2,1,3,2,33
2746,3,0,0,2,2,0,2,0,3,0,0,2,0,3,2,0,1,0,1,2,0,23
2747,1,0,3,1,0,0,1,2,3,3,0,1,2,3,0,0,2,2,1,2,2,29
2748,0,2,3,0,3,2,2,2,2,0,1,2,2,2,3,3,0,1,0,1,0,31
2749,0,3,0,2,1,1,0,1,1,1,2,2,1,0,0,1,3,1,2,0,2,24
2750,3,0,1,0,3,0,1,3,1,2,1,3,3,1,0,1,3,0,0,1,0,27
2751,2,0,1,0,2,2,2,2,2,3,1,2,2,0,3,0,3,2,3,3,1,36
2752,3,0,1,0,2,0,3,0,2,2,3,1,2,1,1,1,3,0,1,3,3,32
2753,0,0,2,3,2,0,0,2,1,3,1,0,3,2,3,3,2,1,1,2,0,31
2754,2,2,1,3,3,1,1,1,2,3,0,0,1,3,1,3,3,0,1,1,1,33
2755,1,2,1,0,1,2,3,3,3,1,2,1,0,3,0,1,2,0,2,2,0,30
2756,2,1,2,1,0,3,1,0,1,3,3,2,2,0,1,0,3,3,0,3,0,31
2757,1,0,2,1,2,2,2,0,2,3,0,3,0,1,3,3,3,3,3,0,2,36
2758,2,1,3,1,3,3,1,0,2,1,0,3,2,2,2,0,0,1,1,0,2,30
2759,0,1,2,0,1,2,3,2,0,1,0,2,0,2,3,2,1,2,1,3,2,30
2760,2,0,3,1,1,3,3,2,3,0,3,2,2,1,2,2,1,1,3,2,2,39
2761,3,1,2,2,2,1,3,2,3,3,2,1,2,3,2,0,1,1,1,0,1,36
2762,0,1,2,1,2,0,2,1,2,1,0,3,3,0,2,3,1,1,2,3,1,31
2763,3,1,1,3,2,2,0,3,0,0,3,2,0,1,1,2,2,0,2,1,3,32
2764,3,2,3,0,3,0,0,0,1,3,0,1,0,1,0,2,1,1,3,1,3,28
2765,3,2,0,2,1,3,0,1,2,1,2,2,3,2,1,0,3,1,3,1,3,36
2766,1,2,3,3,2,0,1,1,1,2,1,0,2,0,3,1,2,1,3,3,0,32
2767,1,0,1,2,0,3,3,0,1,1,2,1,1,1,2,3,1,2,2,2,0,29
2768,3,0,0,0,3,1,0,2,0,0,2,2,2,1,0,2,0,0,0,3,1,22
2769,1,0,0,1,1,0,2,3,0,0,1,2,3,1,3,0,3,1,3,2,0,27
2770,0,3,1,0,2,3,1,2,0,2,1,2,2,1,0,2,2,2,0,3,3,32
2771,1,2,3,1,2,2,2,0,3,1,3,3,2,3,2,0,1,1,1,1,3,37
2772,3,2,0,3,0,2,1,0,2,0,1,3,2,1,2,3,1,0,0,3,2,31
2773,1,1,0,0,3,1,3,3,2,2,0,3,3,3,0,3,2,3,3,0,2,38
2774,3,0,2,3,2,1,1,2,1,1,3,2,3,1,3,2,3,1,1,2,1,38
2775,0,2,0,3,1,0,0,2,3,2,0,1,0,3,2,0,1,0,0,0,0,20
2776,1,3,0,1,3,3,1,3,2,0,2,2,2,0,2,3,1,0,0,1,1,31
2777,3,3,3,1,0,1,0,2,2,3,3,1,0,2,3,3,0,3,2,1,0,36
2778,1,1,0,1,1,2,0,2,1,1,1,3,0,1,2,3,2,1,0,1,2,26
2779,2,0,2,0,0,2,2,0,3,1,3,3,0,3,0,2,2,1,3,3,0,32
2780,1,3,0,1,0,3,3,3,2,1,1,3,3,3,2,0,0,1,2,3,2,37
2781,2,0,1,3,1,3,0,2,0,1,1,0,2,3,1,3,2,1,2,3,2,33
2782,2,1,1,0,3,1,3,3,3,3,3,1,0,3,3,1,2,2,2,2,0,39
2783,1,3,2,2,1,2,2,3,0,1,0,1,2,1,2,3,3,3,0,1,0,33
2784,3,2,3,0,0,0,1,0,2,3,2,0,3,0,2,2,0,1,2,1,3,30
2785,3,1,2,2,0,2,3,1,1,2,2,2,3,0,2,1,2,1,1,2,0,33
2786,0,3,3,1,0,2,3,0,2,0,0,0,3,0,2,2,1,1,0,1,1,25
2787,1,1,0,2,0,0,2,2,1,2,0,0,0,2,1,3,2,1,3,2,3,28
2788,1,1,0,0,1,2,3,3,0,0,3,2,0,0,0,0,0,3,1,3,0,23
2789,1,0,3,1,2,1,0,2,0,3,3,0,2,1,3,3,0,1,1,0,0,27
2790,1,3,2,2,2,3,0,1,2,1,2,2,3,0,3,2,1,3,0,0,3,36
2791,2,0,1,2,3,2,2,1,1,1,1,1,3,3,3,3,3,2,0,2,0,36
2792,3,0,1,0,3,3,0,0,0,3,1,3,2,1,0,0,2,1,1,3,0,27
2793,3,0,2,3,2,0,1,0,0,1,3,3,3,3,3,2,0,0,3,0,3,35
2794,3,1,0,2,2,2,3,2,3,1,0,0,2,0,2,1,1,1,3,2,0,31
2795,0,3,1,0,1,3,3,3,3,3,3,0,3,2,1,1,3,2,1,0,2,38
2796,0,2,0,2,1,3,2,3,1,2,3,0,0,3,3,1,3,1,3,0,0,33
2797,2,2,0,2,2,3,1,3,0,3,1,2,1,2,3,0,3,1,3,0,0,34
2798,1,2,1,0,0,0,3,2,0,3,3,1,2,3,2,1,0,2,2,2,3,33
2799,1,1,1,3,2,1,3,3,0,3,2,0,0,0,1,3,0,1,2,0,1,28
2800,1,1,3,1,0,3,0,0,1,3,1,2,2,1,2,2,3,2,3,2,2,35
2801,2,0,3,0,3,1,0,1,3,2,0,3,2,0,0,3,0,0,0,1,1,25
2802,2,0,1,1,3,3,2,0,3,1,1,2,2,2,0,1,1,0,2,0,3,30
2803,3,2,2,3,0,3,2,2,1,0,1,0,0,0,0,0,0,3,3,3,3,31
2804,0,3,2,2,0,2,3,0,2,1,1,0,3,0,3,1,1,0,1,3,1,29
2805,2,0,2,2,0,1,3,3,2,0,1,3,3,0,3,0,0,2,3,0,3,33
2806,2,0,0,1,2,3,1,1,0,3,2,2,3,3,3,2,2,1,1,3,3,38
2807,2,1,3,0,3,2,3,3,1,0,3,2,3,0,3,3,0,2,2,0,3,39
2808,0,1,0,2,3,3,3,1,1,3,0,3,3,0,1,0,0,0,1,2,2,29
2809,2,3,1,1,3,3,3,1,2,0,1,2,2,3,1,2,0,2,2,3,1,38
2810,3,2,0,3,1,1,2,3,0,0,3,1,2,0,2,3,1,3,1,1,2,34
2811,0,3,0,0,3,2,2,0,0,1,0,1,3,3,1,1,2,2,3,2,3,32
2812,3,0,3,0,1,2,2,0,3,2,0,2,2,2,2,1,1,0,0,0,1,27
2813,3,1,2,0,3,0,1,1,3,0,0,0,0,0,1,2,0,1,1,1,3,23
2814,0,1,2,0,0,2,1,2,0,1,0,0,0,0,0,1,2,0,1,2,2,17
2815,0,1,0,2,2,3,2,1,3,1,2,3,3,3,2,2,0,1,0,3,2,36
2816,3,3,2,3,3,0,2,1,1,0,1,0,3,3,0,2,1,1,0,1,0,30
2817,3,3,0,0,1,2,0,2,0,0,1,1,0,2,3,2,2,0,1,0,2,25
2818,1,2,3,3,2,3,3,3,2,3,3,2,3,3,1,1,0,0,2,2,2,44
2819,1,3,2,3,1,3,2,3,1,3,1,2,3,0,3,3,0,1,1,0,0,36
2820,2,1,3,0,2,3,3,0,3,2,2,0,0,0,0,1,0,3,3,0,1,29
2821,3,2,1,1,1,1,0,2,3,1,0,1,2,1,3,3,2,1,3,0,3,34
2822,2,3,2,0,2,2,1,3,1,1,3,1,3,3,1,1,0,3,1,2,0,35
2823,3,1,1,2,1,3,1,3,3,3,3,1,1,2,1,3,1,2,2,0,3,40
2824,1,3,1,2,1,0,1,0,3,3,2,0,3,2,3,3,1,0,0,0,0,29
2825,2,0,3,3,3,1,3,2,2,2,1,2,0,0,2,1,0,0,3,3,2,35
2826,0,0,3,1,1,0,0,2,1,2,2,2,0,3,1,0,1,3,1,2,3,28
2827,2,0,2,2,3,0,1,2,2,1,3,1,2,1,0,0,0,2,3,3,0,30
2828,0,2,3,2,2,3,3,2,0,3,2,2,3,0,2,0,0,3,1,0,0,33
2829,2,0,2,1,0,3,3,1,2,0,3,1,3,3,2,1,3,2,2,2,2,38
2830,1,2,3,2,3,2,0,0,1,0,0,0,2,1,0,2,3,3,1,1,0,27
2831,3,0,2,0,0,1,3,3,0,2,1,3,1,3,2,3,1,2,3,1,3,37
2832,2,1,2,2,3,1,1,2,2,2,2,0,2,2,2,1,0,3,3,1,2,36
2833,1,1,2,2,3,1,2,3,3,2,3,0,0,3,2,1,2,2,2,0,2,37
2834,3,2,3,3,2,3,1,2,1,1,3,1,1,1,0,3,1,3,0,2,3,39
2835,3,3,1,2,2,1,3,1,3,3,1,2,3,3,3,0,3,2,1,3,2,45
2836,0,1,3,2,0,0,1,1,0,1,3,2,0,3,2,3,3,0,1,1,0,27
2837,0,2,3,1,2,1,1,1,0,1,1,1,1,1,1,1,1,0,3,3,1,26
2838,0,3,3,0,3,2,1,1,0,0,0,3,0,1,1,3,2,2,2,0,1,28
2839,1,2,0,2,0,3,1,0,3,1,1,0,1,1,0,1,2,3,0,3,2,27
2840,2,0,0,3,1,2,0,1,1,1,0,3,0,2,1,1,3,2,2,0,3,28
2841,3,3,2,0,1,0,3,3,2,3,0,2,0,1,2,3,3,1,1,1,1,35
2842,0,0,3,2,2,1,1,3,3,3,2,3,3,0,0,0,3,0,2,2,3,36
2843,3,3,0,0,3,2,0,0,1,0,0,3,2,0,3,0,0,0,1,1,3,25
2844,0,3,0,2,0,0,1,2,2,3,0,2,1,0,1,2,0,1,0,2,2,24
2845,1,1,3,3,0,1,0,0,3,2,1,0,0,3,0,1,2,1,2,3,0,27
2846,0,2,1,2,3,3,0,2,2,0,0,2,2,2,0,1,1,2,1,0,1,27
2847,0,3,1,0,2,3,3,2,2,2,0,0,3,3,2,0,0,0,2,3,3,34
2848,3,1,1,3,0,0,3,0,1,2,1,0,0,1,2,3,2,3,1,0,3,30
2849,3,3,2,1,1,1,2,3,1,0,2,3,0,0,1,2,0,3,1,0,0,29
2850,1,3,0,1,2,0,1,2,3,3,1,3,0,1,1,3,2,2,1,0,0,30
2851,2,3,1,0,3,2,0,1,3,1,2,2,3,3,3,1,2,3,0,2,2,39
2852,3,2,0,2,0,2,1,0,2,3,0,1,1,3,0,2,3,3,3,1,2,34
2853,0,3,2,3,2,0,3,0,3,2,0,3,3,3,0,3,1,3,0,0,1,35
2854,1,1,2,3,1,3,3,2,2,3,1,2,3,2,0,2,0,1,3,3,0,38
2855,2,0,1,1,0,0,0,3,1,1,0,2,3,2,1,2,1,1,2,0,1,24
2856,2,0,0,0,3,2,1,3,3,1,3,1,3,3,0,1,2,3,3,2,2,38
2857,2,3,3,0,1,3,0,1,3,3,1,0,1,1,3,1,0,2,3,3,0,34
2858,0,1,0,2,3,3,2,0,1,0,3,1,0,3,1,3,3,2,2,1,0,31
2859,2,1,0,3,3,3,1,3,2,2,0,3,3,0,2,3,3,2,2,3,0,41
2860,3,2,1,2,3,3,2,1,2,1,3,1,3,1,3,3,2,2,2,3,1,44
2861,3,0,3,1,0,3,0,3,1,1,1,3,2,2,2,1,0,1,1,0,2,30
2862,2,3,3,0,3,3,1,2,0,2,3,0,3,1,3,0,3,3,2,0,1,38
2863,1,0,2,2,2,0,2,2,0,1,1,1,1,2,2,0,2,1,3,2,0,27
2864,3,1,1,0,1,2,0,3,3,0,2,3,1,3,2,3,2,0,1,2,1,34
2865,3,3,0,2,0,1,3,1,1,2,1,1,3,1,2,2,0,1,1,1,2,31
2866,3,0,0,2,3,3,3,3,2,3,2,1,0,3,3,2,3,3,3,3,2,47
2867,0,1,2,3,0,0,1,1,2,1,1,1,1,0,0,3,0,3,2,1,2,25
2868,3,3,0,0,3,1,3,3,3,3,3,2,1,0,0,0,0,1,3,3,1,36
2869,1,1,0,0,1,1,1,1,3,1,0,0,1,1,1,0,3,1,3,0,2,22
2870,0,3,3,2,0,0,1,1,1,0,0,1,1,0,1,2,1,3,3,1,0,24
2871,1,3,2,1,3,3,0,1,2,0,1,3,2,1,1,2,0,2,1,1,3,33
2872,3,1,3,0,1,3,0,2,2,3,0,1,0,1,0,1,2,2,0,3,0,28
2873,2,2,2,3,0,0,2,3,0,3,0,2,1,1,2,3,2,2,2,2,0,34
2874,0,1,0,3,2,2,0,3,3,2,2,2,1,2,3,2,1,3,0,0,2,34
2875,1,0,3,1,2,2,1,3,0,1,1,0,2,1,3,1,1,3,2,0,2,30
2876,0,2,3,1,0,0,1,3,2,1,1,1,1,1,0,3,3,3,3,0,3,32
2877,2,2,3,1,2,1,3,1,1,2,2,0,2,1,0,3,1,2,0,1,3,33
2878,0,2,3,1,0,3,3,1,2,1,2,0,3,0,0,1,1,0,0,0,1,24
2879,1,2,3,3,1,1,2,2,1,0,0,3,3,0,2,0,1,2,0,1,0,28
2880,1,1,2,3,3,0,3,2,0,3,2,3,2,1,0,0,2,0,2,3,1,34
2881,1,2,1,3,0,2,3,0,3,0,1,3,2,3,3,0,2,2,1,3,2,37
2882,2,3,0,1,0,2,1,3,1,2,3,1,0,0,1,1,1,0,0,3,0,25
2883,1,2,2,2,2,1,1,1,2,2,3,1,0,2,1,1,2,1,3,1,3,34
2884,2,2,3,3,2,3,2,1,1,1,3,1,1,2,1,2,0,0,1,1,3,35
2885,2,0,1,0,0,1,0,2,2,0,1,2,3,3,2,1,1,3,1,3,1,29
2886,2,2,1,1,1,3,1,1,3,2,3,3,1,3,0,0,3,2,0,0,2,34
2887,0,0,1,2,1,0,2,1,0,3,1,0,1,1,0,1,1,2,2,3,1,23
2888,2,1,3,3,2,3,1,2,2,1,1,3,0,2,1,0,3,3,2,1,2,38
2889,0,0,1,3,2,1,2,0,0,2,3,1,2,3,1,1,2,0,3,1,1,29
2890,0,3,0,3,1,1,0,0,3,2,1,2,1,1,2,2,2,1,2,2,0,29
2891,1,1,3,2,3,2,1,3,1,0,3,3,3,2,0,3,0,3,0,0,0,34
2892,3,0,0,0,1,2,1,3,3,0,1,1,0,1,1,2,2,1,3,0,1,26
2893,2,2,2,0,2,2,3,0,2,2,1,1,1,3,2,0,2,0,1,2,3,33
2894,1,0,3,0,1,3,3,1,3,1,2,2,0,1,0,1,3,3,0,0,2,30
2895,3,3,3,1,0,0,3,3,0,2,0,3,0,0,1,0,0,1,0,3,2,28
2896,0,1,0,1,1,2,2,0,2,2,1,2,3,3,3,1,3,0,1,3,1,32
2897,3,2,2,3,0,0,3,2,3,0,3,1,0,1,1,3,2,0,2,0,2,33
2898,2,0,1,0,1,1,3,2,2,3,0,2,3,1,3,1,2,3,1,3,0,34
2899,1,0,0,2,0,1,1,1,0,3,0,1,1,3,3,1,2,0,2,3,0,25
2900,0,1,1,3,3,1,2,1,0,0,1,2,3,0,0,1,2,0,2,3,1,27
2901,0,3,0,0,1,0,1,2,2,0,3,1,3,2,1,1,1,2,3,0,2,28
2902,3,2,2,2,3,1,0,2,1,2,0,2,0,3,2,1,1,0,3,3,2,35
2903,0,1,2,1,2,3,0,3,3,3,3,3,0,3,0,0,0,3,1,3,0,34
2904,3,0,3,1,0,0,0,2,3,3,0,1,1,1,3,3,3,0,1,2,3,33
2905,3,3,3,1,2,2,1,3,2,3,2,3,3,0,2,1,2,1,2,2,3,44
2906,0,2,1,2,0,3,1,1,1,1,1,0,2,1,2,3,0,0,2,0,3,26
2907,0,1,1,1,2,2,0,1,2,1,2,1,0,0,1,0,0,0,1,2,2,20
2908,1,2,1,3,1,0,1,3,2,1,1,1,3,2,0,0,0,0,0,2,0,24
2909,3,1,2,0,1,0,0,3,0,2,0,1,2,3,2,3,0,2,2,2,0,29
2910,1,3,0,3,3,3,2,2,0,1,3,1,3,0,1,0,2,0,3,1,3,35
2911,1,0,1,2,2,3,0,1,2,3,1,1,0,2,2,2,2,2,2,0,3,32
2912,0,2,2,0,0,0,3,0,0,2,1,1,1,2,3,1,3,3,2,3,0,29
2913,0,0,1,1,2,0,2,0,2,2,3,0,2,1,1,1,0,2,0,2,3,25
2914,2,2,2,2,2,2,0,2,2,3,3,3,3,2,0,3,1,3,3,0,2,42
2915,1,3,3,1,1,3,2,3,0,0,1,3,3,1,3,3,1,2,2,1,0,37
2916,1,2,0,1,1,1,1,0,0,0,2,0,1,0,3,3,0,0,2,2,1,21
2917,1,1,0,0,1,3,3,2,3,1,3,2,1,1,3,3,3,3,1,3,3,41
2918,2,3,3,2,2,0,0,2,0,0,0,2,3,2,2,2,3,0,1,1,3,33
2919,0,3,1,0,2,2,2,2,3,3,1,0,3,0,0,3,1,1,2,3,3,35
2920,2,0,1,1,2,3,0,0,1,0,3,1,2,3,2,0,1,2,0,1,3,28
2921,0,3,2,1,3,2,3,3,3,2,0,0,2,3,3,0,3,3,3,3,0,42
2922,2,0,2,0,2,2,0,0,1,1,0,1,0,1,3,2,2,3,1,2,1,26
2923,3,1,2,2,0,1,2,1,2,0,0,2,0,2,3,0,3,3,1,3,1,32
2924,3,2,2,3,2,0,0,0,0,3,3,2,2,1,0,1,1,0,1,1,3,30
2925,0,3,0,3,1,3,0,3,0,3,1,3,3,1,1,1,0,0,2,2,2,32
2926,2,0,1,0,1,3,1,2,3,0,1,3,0,1,2,2,1,0,2,1,2,28
2927,0,3,3,3,2,0,3,3,1,1,2,1,3,3,1,3,3,0,3,2,3,43
2928,1,1,0,3,3,2,0,1,0,0,0,0,0,2,0,2,3,0,3,3,0,24
2929,3,0,1,1,0,1,1,0,2,0,3,2,2,3,3,3,1,2,1,2,1,32
2930,2,3,1,2,0,0,0,3,0,2,3,2,2,2,2,3,0,1,3,3,0,34
2931,2,2,0,0,3,3,0,0,0,2,2,1,2,2,3,2,3,2,1,3,2,35
2932,0,0,1,2,1,1,1,0,2,3,3,3,2,2,3,2,3,0,0,3,1,33
2933,0,0,0,3,1,1,0,3,0,0,0,1,1,0,3,0,0,3,3,1,1,21
2934,3,1,0,3,1,1,1,0,2,2,3,2,3,3,3,0,0,2,3,2,0,35
2935,0,2,0,3,2,1,1,0,3,0,2,0,0,2,3,0,1,2,1,2,1,26
2936,2,3,3,3,0,1,1,0,0,2,2,1,0,2,2,3,2,3,3,0,3,36
2937,0,2,2,2,0,3,1,2,0,0,0,1,1,0,2,2,2,2,0,3,3,28
2938,0,1,0,3,0,0,0,2,2,0,1,3,0,0,1,0,2,0,2,1,0,18
2939,0,3,3,1,2,3,0,0,1,2,0,1,1,1,3,2,2,0,0,1,1,27
2940,0,3,1,3,2,2,2,0,0,1,1,0,3,0,2,3,1,1,1,0,1,27
2941,3,3,0,2,2,1,2,3,2,0,0,1,0,0,1,1,0,0,0,2,1,24
2942,1,1,3,3,3,2,2,3,0,0,3,0,3,3,0,3,1,0,0,3,1,35
2943,2,2,3,0,3,2,1,1,0,1,2,1,2,1,0,0,0,0,1,3,0,25
2944,0,3,0,0,2,3,1,1,1,1,1,2,2,3,3,3,3,1,1,0,3,34
2945,2,3,3,1,1,3,3,1,3,2,2,3,1,2,1,3,3,0,0,1,1,39
2946,2,1,1,1,1,1,1,1,0,0,0,0,3,2,3,3,0,2,1,0,1,24
2947,1,3,0,2,2,3,2,3,2,1,0,1,1,0,1,2,0,2,1,1,3,31
2948,0,1,3,3,3,3,3,1,3,3,2,3,0,1,2,1,0,2,1,1,0,36
2949,3,1,0,2,2,0,3,3,3,2,1,0,3,1,0,1,3,3,0,0,0,31
2950,1,0,2,3,3,2,1,0,3,2,2,2,0,3,3,1,1,1,2,0,2,34
2951,3,1,1,0,2,2,1,1,3,1,1,0,1,3,3,1,1,3,0,0,3,31
2952,0,2,0,0,2,2,2,1,1,1,0,3,0,3,3,1,2,0,3,3,3,32
2953,2,2,3,0,3,2,1,3,2,1,2,2,3,3,3,3,2,3,3,2,3,48
2954,0,0,0,0,1,2,3,1,0,0,1,0,1,0,2,2,0,2,1,0,2,18
2955,3,0,0,1,2,3,1,0,1,3,1,1,2,1,2,1,0,2,2,0,0,26
2956,3,0,1,1,1,1,2,2,1,3,0,2,1,0,3,3,3,0,2,1,0,30
2957,3,3,3,3,2,2,3,3,2,3,0,3,0,1,2,0,0,2,3,2,1,41
2958,3,3,2,2,2,3,2,3,0,0,2,1,2,1,0,2,1,0,1,2,1,33
2959,1,0,3,0,3,0,3,1,1,2,3,1,1,2,2,2,0,3,1,1,1,31
2960,2,2,3,2,2,0,1,1,3,1,3,2,2,1,2,3,0,0,1,1,1,33
2961,0,1,1,0,1,1,1,2,2,1,2,2,1,3,3,3,1,3,2,3,0,33
2962,0,3,2,1,0,2,0,2,2,2,0,1,3,1,2,0,2,3,3,0,2,31
2963,2,3,0,1,0,3,1,3,1,0,2,1,1,2,2,0,1,3,2,0,0,28
2964,3,1,2,3,2,2,2,0,0,0,0,1,2,1,1,2,0,1,0,1,1,25
2965,3,2,1,1,0,3,3,0,2,2,2,3,3,3,3,2,1,0,3,0,2,39
2966,2,3,2,2,0,2,2,2,3,3,1,3,0,0,1,2,2,0,2,0,2,34
2967,0,3,3,3,3,3,2,0,3,2,0,0,2,2,0,1,2,1,1,1,3,35
2968,1,0,2,3,3,2,2,3,0,3,3,3,0,1,2,1,3,3,1,1,1,38
2969,3,1,2,2,0,0,1,2,3,1,1,1,0,2,0,1,2,2,2,1,1,28
2970,0,3,1,3,2,1,1,1,0,2,1,0,1,0,3,2,2,1,0,3,1,28
2971,0,3,2,0,3,3,2,3,2,2,0,2,1,0,3,1,1,2,2,3,2,37
2972,1,0,2,1,3,1,1,1,1,1,3,3,1,1,1,1,2,1,2,2,3,32
2973,1,3,3,0,0,1,1,1,1,0,0,1,2,3,1,3,2,0,1,0,0,24
2974,0,0,3,3,0,0,0,0,3,2,2,3,0,0,1,3,2,2,3,3,3,33
2975,3,1,0,3,2,0,2,1,1,3,3,1,0,2,0,1,1,2,0,1,0,27
2976,0,2,0,0,3,1,3,1,3,1,1,2,1,0,3,3,2,3,1,1,2,33
2977,0,0,1,2,3,0,2,3,3,2,1,3,2,1,0,3,3,0,3,0,2,34
2978,3,1,3,3,3,3,2,0,3,2,1,2,2,2,0,3,2,1,2,0,3,41
2979,3,0,3,3,3,2,1,2,3,3,3,3,2,3,1,3,3,2,0,2,0,45
2980,0,2,2,0,0,1,1,1,2,1,0,0,2,1,1,3,0,1,2,2,3,25
2981,2,1,0,2,1,3,3,0,1,0,3,2,0,3,0,3,3,2,3,3,2,37
2982,0,3,2,1,1,3,1,2,0,2,1,3,3,1,2,0,1,3,2,1,0,32
2983,3,3,2,2,0,0,3,3,3,3,2,2,3,1,1,3,1,0,0,1,2,38
2984,3,0,2,1,2,0,1,2,0,2,1,3,1,0,2,0,3,2,0,0,1,26
2985,0,3,0,2,3,2,3,2,1,1,3,0,0,0,0,3,3,1,1,1,3,32
2986,2,2,3,3,0,0,0,0,3,2,0,2,3,0,2,0,2,2,1,2,3,32
2987,3,2,1,1,1,0,2,1,1,3,1,0,2,3,0,3,0,3,2,0,0,29
2988,0,0,2,1,0,2,0,2,1,3,0,0,1,0,0,2,1,1,3,1,1,21
2989,3,2,3,2,1,3,0,2,3,2,1,1,2,3,0,0,0,3,0,0,1,32
2990,2,1,1,0,1,3,3,0,2,1,1,3,3,0,2,1,2,2,1,2,1,32
2991,2,0,3,1,1,3,3,3,2,2,2,0,2,3,3,2,0,1,2,1,2,38
2992,3,2,1,2,0,0,0,2,1,1,1,2,2,2,1,1,2,2,3,0,0,28
2993,3,3,3,2,1,3,3,3,3,3,2,1,1,1,1,1,1,2,1,3,3,44
2994,2,0,0,0,3,0,1,1,0,2,0,0,3,2,0,0,2,2,2,2,2,24
2995,2,3,2,3,2,0,2,2,3,1,0,0,3,3,1,0,2,3,2,3,0,37
2996,1,2,1,3,3,0,1,3,3,3,2,0,3,0,3,0,0,1,2,0,3,34
2997,0,3,2,1,3,3,0,2,3,1,1,2,0,0,2,1,3,2,2,2,3,36
2998,0,3,0,1,2,2,3,0,2,1,3,0,2,2,3,0,1,3,0,3,0,31
2999,0,2,1,3,3,0,3,1,3,0,1,3,2,2,0,1,2,1,3,1,2,34
3000,3,0,0,0,0,2,0,1,2,1,2,2,2,3,0,0,1,3,3,3,0,28
3001,0,0,1,2,1,3,2,1,2,0,3,3,2,1,2,0,3,1,1,1,0,29
3002,2,3,2,0,0,2,3,1,3,0,1,2,0,1,2,3,0,2,2,2,2,33
3003,0,3,3,3,3,0,0,2,1,1,2,1,2,1,1,1,3,2,2,3,1,35
3004,0,2,1,2,3,1,0,2,1,2,3,3,1,1,2,1,0,0,1,3,3,32
3005,1,2,1,1,3,0,1,0,3,2,0,1,2,2,0,1,1,0,3,2,1,27
3006,2,3,3,0,2,1,3,3,0,3,1,1,3,2,2,0,2,1,1,3,1,37
3007,1,0,1,0,3,2,1,1,0,1,3,1,2,3,1,2,1,2,1,3,1,30
3008,3,2,2,3,1,0,0,2,0,0,1,3,1,2,1,1,1,1,3,1,3,31
3009,1,0,3,0,1,0,3,1,1,3,1,2,3,1,1,1,2,3,1,1,1,30
3010,0,0,2,3,1,2,3,3,0,3,0,0,2,0,2,3,2,3,2,2,3,36
3011,0,3,1,1,2,3,3,3,2,2,2,2,2,1,1,3,1,2,1,3,1,39
3012,2,3,3,1,1,1,0,3,3,2,0,0,0,0,2,1,0,0,3,1,2,28
3013,0,0,0,1,0,1,2,1,1,2,2,2,3,3,3,2,0,0,0,0,1,24
3014,0,2,2,1,0,2,1,2,0,0,3,3,2,2,0,2,1,2,2,3,3,33
3015,2,0,2,0,3,1,3,2,0,2,2,1,1,0,3,3,3,2,3,1,0,34
3016,3,3,3,1,0,1,2,3,0,0,3,1,2,1,2,0,2,0,0,0,0,27
3017,2,0,2,0,3,0,1,2,0,3,3,1,1,2,2,0,3,3,3,2,3,36
3018,0,3,1,0,0,2,2,0,2,0,2,3,2,2,3,3,3,2,3,0,3,36
3019,1,3,3,3,3,0,1,1,1,2,2,3,0,0,3,2,0,3,0,3,0,34
3020,1,0,3,2,3,0,3,3,2,3,2,1,2,1,0,2,1,2,0,0,0,31
3021,0,1,1,1,3,0,3,2,2,3,1,2,1,0,2,0,2,2,1,2,0,29
3022,1,1,2,1,3,1,0,2,2,1,0,3,3,3,3,3,0,1,2,3,3,38
3023,1,0,3,1,2,3,3,2,0,3,2,3,1,0,3,0,3,0,2,1,3,36
3024,3,1,3,2,3,2,3,2,2,1,0,1,2,3,3,2,0,1,1,2,1,38
3025,1,2,2,1,2,2,0,0,1,1,1,0,3,2,0,2,2,3,0,2,1,28
3026,1,3,3,2,2,3,0,2,0,1,1,0,1,3,1,0,0,3,0,0,0,26
3027,3,2,1,0,0,2,2,2,3,1,2,1,1,0,0,0,0,1,1,3,3,28
3028,3,1,2,0,1,3,2,0,1,1,3,2,0,3,1,0,1,3,1,1,2,31
3029,0,2,3,3,3,1,1,2,3,1,2,3,3,0,2,2,2,0,3,0,1,37
3030,0,3,3,0,1,3,1,2,1,1,1,1,3,2,2,2,2,2,0,2,3,35
3031,0,2,0,2,0,3,3,3,3,0,3,1,1,2,3,0,0,0,3,1,2,32
3032,0,1,3,2,1,1,3,2,3,0,1,1,2,2,0,2,3,0,2,3,2,34
3033,0,3,2,0,3,2,0,1,2,3,1,3,2,0,0,2,1,1,2,0,1,29
3034,1,0,0,3,2,3,1,1,1,1,2,2,1,2,2,3,1,2,1,1,1,31
3035,3,3,1,1,3,3,2,3,1,3,0,3,0,2,1,3,0,0,1,1,2,36
3036,3,0,2,0,1,1,2,2,3,0,3,0,3,3,0,1,1,2,2,0,1,30
3037,0,2,2,1,1,2,1,1,2,1,3,0,1,0,1,1,1,1,3,3,1,28
3038,2,2,1,3,3,2,0,3,1,3,1,3,0,1,3,2,3,3,3,3,1,43
3039,3,2,3,3,1,3,3,2,0,2,0,2,3,0,2,0,2,1,0,1,1,34
3040,1,0,2,1,1,3,3,3,0,2,3,0,1,3,2,2,0,0,2,1,3,33
3041,2,1,0,0,0,0,3,1,3,0,0,2,3,2,0,1,3,0,3,3,3,30
3042,3,3,1,3,2,1,3,3,1,3,1,3,1,3,1,1,1,0,3,2,1,40
3043,2,1,3,2,2,1,1,0,0,2,0,2,1,1,1,3,1,1,3,1,1,29
3044,1,0,3,1,1,1,1,1,2,1,1,2,3,0,2,1,1,3,1,1,2,29
3045,2,0,1,0,1,3,1,0,3,2,3,1,3,0,2,3,3,1,0,3,0,32
3046,1,3,3,3,1,2,3,0,0,2,1,2,3,1,2,3,0,1,2,1,1,35
3047,2,3,0,0,3,3,2,0,0,2,0,2,3,2,1,2,0,3,2,2,0,32
3048,3,3,1,1,0,0,3,3,2,3,1,0,3,3,0,0,0,0,1,2,2,31
3049,0,0,0,1,1,1,3,1,3,2,1,1,2,1,1,3,3,1,2,3,3,33
3050,1,1,1,1,0,0,2,2,1,3,1,3,1,0,0,0,0,0,1,0,2,20
3051,1,1,3,3,1,1,2,2,3,2,3,0,1,2,2,0,3,3,3,0,3,39
3052,2,0,1,1,3,3,1,2,3,1,1,0,2,3,2,1,0,0,3,1,0,30
3053,2,2,3,0,0,3,1,3,0,1,1,3,1,2,0,0,2,1,0,2,2,29
3054,2,2,2,2,1,0,1,3,3,1,0,0,0,0,0,3,0,3,2,1,3,29
3055,3,1,2,2,1,1,2,1,3,1,0,0,1,0,2,2,0,3,0,2,1,28
3056,1,3,0,0,2,1,2,3,2,1,1,3,0,0,1,1,2,3,0,0,2,28
3057,2,0,2,2,3,1,1,1,0,2,3,2,3,3,1,3,2,3,3,1,3,41
3058,0,2,2,2,1,3,1,3,3,0,0,0,3,0,0,0,2,1,2,2,3,30
3059,2,0,1,1,3,3,0,1,0,1,3,0,3,3,2,0,2,2,2,1,3,33
3060,2,3,1,1,1,2,0,3,1,3,2,0,3,1,0,0,1,2,3,0,2,31
3061,2,2,2,0,0,3,0,1,1,1,1,2,3,3,2,0,1,1,1,0,1,27
3062,0,2,3,0,0,1,0,0,1,0,1,1,3,0,2,2,1,2,1,2,0,22
3063,0,1,3,1,0,1,2,2,1,3,0,3,2,1,0,2,0,1,3,3,1,30
3064,1,3,2,0,0,1,2,3,2,0,1,3,2,0,0,2,1,0,2,2,2,29
3065,0,1,2,0,0,2,3,3,2,3,1,2,3,3,3,3,2,0,1,3,0,37
3066,1,0,0,0,1,1,0,0,2,3,1,2,3,3,2,1,1,0,1,2,0,24
3067,0,1,1,2,0,3,1,1,1,1,2,3,2,2,3,1,1,0,1,1,2,29
3068,2,0,2,0,3,3,3,1,3,3,3,2,2,1,3,0,1,0,3,0,1,36
3069,1,1,1,1,0,1,3,2,1,2,2,0,3,1,2,1,3,3,3,0,2,33
3070,3,2,2,3,2,1,2,3,2,1,3,3,2,1,2,1,3,0,1,0,0,37
3071,2,3,0,3,0,1,0,2,0,3,3,3,1,1,2,0,1,1,0,3,3,32
3072,0,3,3,3,0,2,1,2,2,2,1,3,0,2,2,0,1,1,3,1,1,33
3073,0,2,0,2,3,0,0,1,0,0,2,0,0,3,3,0,2,0,1,3,2,24
3074,2,3,2,3,1,1,3,3,1,0,2,3,1,2,2,3,2,3,2,0,0,39
3075,0,2,1,1,3,3,3,2,3,2,2,3,3,0,0,0,0,0,2,0,0,30
3076,3,3,3,0,3,0,2,3,2,0,1,3,2,0,0,3,2,0,2,2,2,36
3077,2,1,3,3,1,1,2,2,0,3,3,1,1,3,0,0,1,2,3,2,3,37
3078,0,3,2,0,1,1,2,0,2,2,2,2,3,3,2,1,3,2,1,1,1,34
3079,0,1,3,2,2,0,0,2,1,2,1,1,2,1,3,1,1,2,2,3,3,33
3080,0,2,0,0,2,3,1,1,0,0,0,3,0,0,1,0,0,3,0,0,2,18
3081,2,1,3,3,3,0,1,3,1,1,3,0,0,1,0,3,3,0,1,2,2,33
3082,1,0,3,3,2,1,2,1,0,3,2,3,2,3,0,3,3,1,0,3,2,38
3083,2,0,0,1,3,3,3,2,0,0,0,1,2,0,3,2,2,3,0,1,3,31
3084,3,0,3,0,1,3,3,2,1,3,3,2,1,1,2,1,2,3,0,0,2,36
3085,3,1,3,1,1,1,0,0,1,3,3,0,0,0,2,3,2,1,3,0,1,29
3086,1,0,0,0,1,1,2,3,3,2,3,0,2,0,0,2,3,2,2,0,2,29
3087,0,3,1,0,3,3,0,3,1,2,3,0,0,0,1,1,3,2,3,3,0,32
3088,2,0,0,1,0,1,2,1,2,0,0,0,2,0,2,3,3,2,2,0,1,24
3089,2,2,2,3,0,1,0,3,0,1,2,2,3,0,0,3,0,1,2,2,2,31
3090,2,0,0,2,3,2,3,2,2,1,1,3,0,1,1,0,1,2,1,0,3,30
3091,2,1,2,2,2,1,1,3,0,3,1,1,2,1,2,3,0,2,1,0,2,32
3092,0,0,3,1,2,0,1,1,2,2,0,0,1,1,2,3,0,3,3,0,3,28
3093,0,2,2,2,1,3,3,0,1,2,1,3,2,3,0,1,1,3,0,2,3,35
3094,1,0,0,2,2,1,3,1,2,2,3,1,1,1,1,3,2,0,2,3,1,32
3095,1,0,3,3,3,2,2,3,0,1,2,2,1,0,2,3,1,3,2,3,3,40
3096,2,3,3,1,3,2,3,1,2,0,0,1,0,3,2,2,0,0,2,1,1,32
3097,2,0,1,1,2,0,1,1,3,3,2,3,2,0,3,0,0,2,0,0,1,27
3098,3,1,0,1,0,3,0,2,3,3,1,1,1,0,2,0,2,0,3,2,2,30
3099,2,1,0,0,3,2,0,2,2,0,0,0,1,0,1,1,2,0,1,3,0,21
3100,0,3,3,0,1,2,0,0,1,2,2,1,3,2,0,2,3,1,1,0,2,29
3101,3,3,2,1,0,1,1,0,0,2,1,1,2,1,3,3,1,0,0,3,0,28
3102,1,3,3,2,1,3,1,2,3,1,1,2,3,2,2,0,0,0,3,0,0,33
3103,1,0,1,1,0,1,2,2,0,0,2,3,1,3,2,2,3,0,3,2,1,30
3104,2,2,1,1,1,2,3,1,3,2,0,2,3,1,3,0,0,2,1,2,0,32
3105,3,2,1,0,0,1,2,1,3,2,2,1,1,2,3,2,2,3,3,1,3,38
3106,0,3,2,1,0,0,0,0,2,1,0,3,1,0,2,0,1,3,0,3,3,25
3107,3,2,3,2,2,3,3,3,1,1,0,1,0,3,2,2,2,3,3,0,1,40
3108,2,2,1,3,0,3,3,1,1,1,3,2,2,3,0,0,3,0,3,0,3,36
3109,1,2,3,0,0,0,2,3,1,0,0,2,3,3,3,0,0,1,3,2,1,30
3110,0,3,3,2,2,3,3,2,2,1,2,2,1,2,0,3,2,0,0,3,0,36
3111,0,3,0,0,0,2,2,3,2,3,1,0,2,2,1,1,0,3,0,2,3,30
3112,3,3,2,0,1,2,0,1,1,0,0,0,3,2,3,3,3,1,2,3,0,33
3113,0,1,1,2,0,0,0,2,0,2,2,1,1,0,1,0,1,3,0,2,0,19
3114,3,3,2,1,3,2,0,1,1,0,3,3,0,1,0,0,0,0,2,3,1,29
3115,1,2,3,3,2,3,0,3,0,0,2,2,1,1,0,3,3,3,0,1,2,35
3116,0,1,3,1,2,2,2,3,0,1,1,3,0,2,2,3,2,3,1,0,2,34
3117,3,3,3,3,1,3,3,1,1,2,1,1,2,0,2,0,0,0,2,1,1,33
3118,1,2,2,0,3,2,3,2,3,1,1,3,3,2,2,2,3,2,0,0,1,38
3119,0,3,0,2,0,0,0,1,2,3,3,2,3,0,1,1,3,3,0,0,1,28
3120,1,3,1,3,0,2,2,2,1,1,3,3,2,3,0,3,2,0,0,1,2,35
3121,0,1,2,3,2,0,2,2,2,3,1,3,0,0,2,2,2,0,0,0,0,27
3122,2,1,1,3,3,2,1,0,0,2,3,1,3,2,0,1,2,1,2,3,1,34
3123,1,2,2,1,0,2,1,0,2,2,2,1,1,0,0,0,0,2,0,1,1,21
3124,3,1,3,1,0,2,2,0,2,2,1,2,2,2,1,0,2,2,2,2,3,35
3125,3,0,2,1,0,3,3,0,0,3,2,0,0,0,1,0,0,0,3,1,3,25
3126,3,2,1,0,0,1,1,2,2,0,2,3,1,2,0,2,0,0,1,3,2,28
3127,0,0,2,0,3,3,0,2,2,3,2,1,2,0,0,2,2,1,3,3,3,34
3128,1,0,3,1,2,3,0,2,1,1,3,3,3,2,3,0,2,0,2,1,3,36
3129,2,2,3,1,0,2,0,2,0,1,3,3,1,3,1,0,0,2,3,2,1,32
3130,2,0,2,0,3,2,0,1,1,0,0,0,3,0,2,0,0,3,0,2,0,21
3131,1,3,1,2,3,0,0,2,3,3,1,1,0,0,1,2,0,0,2,2,3,30
3132,0,0,3,2,1,0,3,0,0,3,0,0,3,2,2,1,2,0,2,3,2,29
3133,0,1,1,3,2,3,1,3,1,1,2,2,0,0,2,3,2,1,0,0,0,28
3134,1,0,1,2,1,1,2,3,1,0,1,2,3,0,1,3,3,1,3,3,0,32
3135,0,2,0,2,3,0,3,0,3,2,3,0,0,1,0,3,1,0,2,3,1,29
3136,3,2,3,3,1,2,2,1,0,1,2,1,1,2,0,2,3,1,2,2,2,36
3137,1,0,3,3,1,2,0,3,0,1,1,0,0,0,2,2,1,0,2,1,1,24
3138,0,0,3,3,2,1,2,3,1,3,0,3,1,2,2,0,1,1,2,0,3,33
3139,2,2,0,1,0,3,2,2,0,1,2,1,3,3,2,2,1,0,0,3,3,33
3140,2,2,1,0,0,2,2,1,2,0,3,1,2,3,1,3,3,3,0,2,1,34
3141,3,2,1,3,2,2,1,0,1,1,2,2,2,0,3,3,2,3,0,0,3,36
3142,1,3,2,3,1,3,3,1,2,2,0,3,3,0,1,2,3,3,1,1,1,39
3143,0,2,0,0,2,3,3,1,0,3,0,3,3,2,0,1,0,2,2,1,3,31
3144,2,2,1,3,1,2,2,2,1,3,3,2,0,2,0,0,0,2,2,0,2,32
3145,2,3,0,3,2,1,3,3,1,2,1,2,3,0,0,1,1,2,1,1,0,32
3146,3,1,1,0,1,1,2,0,2,2,1,0,2,2,3,1,0,0,2,1,2,27
3147,3,0,2,2,3,0,3,2,2,0,1,3,1,1,0,1,0,2,1,1,1,29
3148,3,1,3,3,1,2,3,0,0,3,1,0,1,3,3,2,1,1,0,1,3,35
3149,2,0,2,0,0,3,1,1,1,1,0,1,3,1,0,1,1,0,0,3,2,23
3150,2,1,1,1,0,2,2,1,2,1,2,2,3,3,0,0,3,2,3,3,0,34
3151,3,3,0,2,3,0,2,3,2,2,0,3,1,0,0,0,1,2,0,3,3,33
3152,1,0,1,1,1,1,0,2,2,3,3,3,2,1,1,2,1,3,2,3,3,36
3153,1,1,2,0,0,2,0,3,1,0,3,0,2,2,2,1,0,1,1,0,2,24
3154,0,2,3,0,3,2,1,3,3,1,2,0,0,2,1,2,2,2,1,2,0,32
3155,0,0,0,3,1,3,1,2,0,0,1,3,3,1,0,0,1,2,1,1,2,25
3156,1,3,3,2,3,2,1,0,2,1,3,3,3,0,2,2,2,2,0,0,2,37
3157,3,0,1,3,1,0,1,2,1,1,0,1,1,1,2,0,0,2,1,2,0,23
3158,0,1,1,1,2,2,1,0,3,1,1,0,1,2,3,3,3,1,1,2,1,30
3159,3,1,2,0,0,1,0,1,2,3,3,2,1,1,0,0,0,2,3,2,3,30
3160,0,2,0,2,2,3,2,2,2,1,3,0,0,0,2,3,1,1,0,2,2,30
3161,2,0,2,2,3,1,3,2,2,1,2,0,0,2,2,2,2,1,2,3,1,35
3162,2,3,3,2,1,1,0,3,3,2,3,2,3,2,0,3,3,3,3,1,3,46
3163,3,3,0,0,2,1,0,0,2,1,3,2,2,2,2,2,2,1,0,2,1,31
3164,2,2,0,1,0,0,0,0,2,2,1,3,3,1,1,0,2,1,0,2,1,24
3165,0,3,3,3,2,1,1,2,1,2,2,2,2,1,3,2,3,3,2,3,0,41
3166,0,3,1,1,3,2,1,1,1,1,1,2,1,3,1,2,1,0,3,3,2,33
3167,1,1,3,0,3,3,2,1,2,3,0,0,2,2,3,2,3,0,1,2,1,35
3168,3,0,2,1,3,1,0,1,0,3,0,1,0,2,3,3,2,2,3,2,2,34
3169,2,1,2,1,2,2,1,1,0,2,3,1,3,3,1,0,2,3,2,2,2,36
3170,0,2,2,1,3,2,3,2,3,0,1,0,0,0,2,0,0,3,0,3,2,29
3171,0,2,2,3,0,2,2,0,2,1,2,2,3,1,2,1,0,3,3,1,1,33
3172,2,3,1,1,3,1,1,2,1,2,2,0,2,1,0,1,0,3,1,3,3,33
3173,2,3,3,0,2,3,3,2,0,0,2,3,2,3,1,1,2,2,0,3,3,40
3174,3,3,2,3,0,3,1,2,2,1,3,3,3,2,3,3,3,3,3,1,3,50
3175,1,3,2,2,2,2,2,0,2,0,3,2,2,2,2,0,3,1,0,1,3,35
3176,1,0,0,2,1,3,3,3,3,1,0,3,3,0,3,3,3,2,3,2,0,39
3177,1,3,3,0,3,0,1,3,2,2,1,2,2,2,1,1,2,1,0,0,0,30
3178,3,3,2,1,3,0,0,1,3,1,0,2,2,1,3,3,3,3,0,0,0,34
3179,3,0,2,2,0,0,0,3,0,2,2,2,2,1,1,0,1,1,2,1,0,25
3180,0,1,0,3,3,3,0,1,0,1,2,2,2,1,3,0,0,0,3,2,3,30
3181,0,3,0,1,2,2,1,1,2,2,3,2,0,3,2,1,3,3,1,0,3,35
3182,1,3,1,1,0,2,2,0,0,0,2,2,3,0,0,1,3,3,3,2,2,31
3183,1,1,1,3,1,3,3,1,3,0,3,3,2,3,3,2,1,2,3,0,3,42
3184,1,1,0,1,2,3,1,0,0,0,3,3,2,3,1,3,1,0,1,0,1,27
3185,0,0,0,3,0,0,1,2,0,0,2,0,0,2,3,2,2,0,2,2,1,22
3186,0,3,0,2,0,2,2,3,2,1,1,1,0,3,3,0,1,2,2,3,2,33
3187,1,0,3,1,0,1,1,1,0,0,2,3,1,0,1,1,3,0,3,1,1,24
3188,2,1,3,0,3,3,1,1,1,2,0,3,3,0,1,1,1,1,3,3,1,34
3189,1,1,0,1,1,2,3,2,1,1,2,2,2,0,0,3,1,1,2,1,3,30
3190,2,0,2,0,1,0,0,1,1,1,3,0,2,2,1,0,2,3,2,1,2,26
3191,0,0,2,1,2,0,2,1,0,2,0,0,3,1,3,0,3,2,3,1,1,27
3192,3,1,0,1,3,2,0,3,0,3,2,0,3,0,3,2,3,2,2,2,3,38
3193,0,3,3,2,3,0,3,1,1,3,1,3,0,3,2,2,0,3,0,3,3,39
3194,3,1,3,0,2,2,0,3,1,2,1,3,2,1,2,0,0,1,3,0,1,31
3195,0,2,1,0,3,2,1,1,1,1,3,2,1,2,3,2,3,3,1,3,1,36
3196,0,2,0,0,0,0,3,0,0,1,0,2,0,2,3,3,0,0,1,1,1,19
3197,0,3,1,1,0,2,3,2,2,1,0,2,1,0,0,1,1,3,3,2,2,30
3198,3,0,0,1,1,0,2,3,0,0,3,1,1,0,0,2,2,0,1,0,3,23
3199,2,3,0,2,1,3,3,3,1,3,2,3,0,1,1,2,3,3,1,0,1,38
3200,2,0,1,0,3,2,2,1,3,0,1,1,0,0,3,0,0,1,2,2,2,26
3201,0,2,0,0,1,3,3,1,3,2,1,3,3,2,1,2,2,3,3,0,1,36
3202,0,3,0,2,2,3,0,1,2,1,2,0,3,3,2,3,2,1,0,2,2,34
3203,3,1,1,3,3,0,2,1,0,3,1,2,1,1,3,1,1,3,0,3,1,34
3204,2,2,2,3,2,1,1,2,2,1,3,0,3,1,0,3,2,1,1,1,1,34
3205,3,1,1,1,3,0,2,3,1,2,1,2,3,3,1,3,3,1,2,2,0,38
3206,0,2,0,0,1,0,0,1,3,2,1,3,3,0,1,0,1,0,0,3,2,23
3207,1,0,3,0,0,0,0,2,0,3,0,3,0,3,3,2,3,0,2,3,2,30
3208,3,2,0,2,1,0,1,0,1,2,1,1,1,0,2,1,3,1,3,3,0,28
3209,1,0,1,1,1,3,1,1,2,0,2,3,3,0,3,0,3,1,2,3,1,32
3210,0,1,1,1,3,2,3,1,3,0,1,0,2,0,0,1,1,3,0,2,3,28
3211,1,1,0,3,2,0,1,3,1,0,2,3,3,1,2,1,3,1,0,3,3,34
3212,3,2,2,0,2,2,0,2,2,1,3,2,2,2,0,3,2,3,0,2,1,36
3213,3,0,2,0,2,3,2,3,0,2,0,0,2,0,1,1,2,0,0,2,3,28
3214,1,2,2,1,1,2,3,1,3,3,2,1,3,1,2,1,1,3,3,1,1,38
3215,0,1,0,2,0,3,3,2,0,0,2,0,2,2,1,2,2,0,0,2,2,26
3216,1,2,1,3,2,0,1,1,0,2,2,0,2,2,3,3,2,3,3,1,0,34
3217,1,1,2,0,2,3,2,3,0,1,3,0,3,0,2,0,2,0,1,1,2,29
3218,2,0,2,3,1,0,0,1,1,0,2,2,3,3,2,2,0,0,2,3,2,31
3219,3,2,3,3,1,2,1,0,1,1,1,1,3,1,0,1,0,2,1,1,2,30
3220,1,0,2,2,1,2,1,0,3,2,0,2,3,3,1,2,2,2,0,2,3,34
3221,2,1,3,1,0,3,3,1,3,2,3,0,2,3,2,0,1,1,0,3,1,35
3222,3,2,1,1,2,0,2,3,2,0,1,1,3,3,0,0,3,0,2,1,3,33
3223,3,2,2,3,3,3,2,3,1,0,1,3,0,0,0,2,0,1,1,2,2,34
3224,3,3,1,1,3,2,2,1,1,1,2,0,3,1,1,0,2,3,0,0,0,30
3225,2,1,1,0,1,1,3,0,2,3,1,0,3,2,3,2,3,2,0,0,0,30
3226,0,3,3,2,2,3,0,2,1,0,1,0,2,2,0,1,3,0,0,3,3,31
3227,2,1,1,2,0,1,0,0,2,0,3,2,1,1,2,1,1,3,2,2,3,30
3228,2,3,1,2,1,2,1,0,2,2,2,0,0,1,1,2,0,0,0,2,2,26
3229,0,1,0,2,0,0,3,3,2,0,1,0,2,1,1,3,2,2,0,2,0,25
3230,2,0,3,2,0,2,1,2,1,0,1,1,3,3,1,0,3,1,1,2,2,31
3231,3,0,0,3,3,1,3,3,0,2,3,3,0,1,1,0,0,0,2,2,3,33
3232,0,0,0,3,0,3,0,1,2,3,3,3,2,2,0,3,1,2,0,0,2,30
3233,3,0,1,0,2,1,1,2,1,3,3,1,3,0,1,0,2,1,2,1,1,29
3234,2,3,2,1,0,2,3,2,1,2,2,0,1,2,3,3,3,2,3,2,0,39
3235,3,2,1,2,1,3,2,0,2,3,0,3,1,3,3,0,0,1,1,1,2,34
3236,2,2,1,0,3,0,3,0,2,0,1,1,0,0,1,1,1,3,0,0,0,21
3237,0,3,0,3,3,2,2,2,2,0,3,2,2,0,1,2,2,1,2,2,1,35
3238,2,2,1,3,1,0,0,2,1,0,2,0,3,3,3,3,0,3,2,2,1,34
3239,1,2,0,2,2,1,2,3,1,2,0,1,0,0,3,3,3,3,2,0,0,31
3240,1,3,1,0,0,1,1,3,2,2,1,1,2,0,2,2,3,3,0,0,0,28
3241,1,3,1,1,3,2,0,1,0,1,0,0,2,2,0,2,3,1,0,2,3,28
3242,3,1,2,2,2,3,0,0,1,0,0,1,3,3,1,2,3,1,1,1,0,30
3243,3,3,2,1,1,1,1,0,0,2,3,1,3,2,0,3,0,2,2,1,3,34
3244,0,3,0,0,3,2,2,2,3,1,0,1,1,1,2,3,0,3,0,3,3,33
3245,3,0,2,3,3,2,3,3,2,3,2,1,2,1,0,0,3,3,1,3,2,42
3246,3,0,1,2,0,3,2,3,1,0,0,0,3,1,3,3,0,3,0,0,0,28
3247,0,2,2,1,0,3,3,3,1,0,2,0,1,1,2,1,1,2,2,1,3,31
3248,0,0,0,3,3,2,1,1,2,1,0,0,0,2,3,1,2,2,2,1,1,27
3249,3,1,0,0,3,1,2,1,1,0,2,1,0,1,1,1,2,0,3,3,3,29
3250,2,3,2,3,1,0,1,0,0,2,3,1,0,0,0,2,0,3,1,2,2,28
3251,3,1,0,0,2,0,1,2,0,2,1,2,2,2,1,2,2,3,1,2,3,32
3252,0,1,2,3,3,2,3,1,2,0,2,3,3,2,2,2,0,0,0,3,0,34
3253,3,2,1,2,0,3,2,1,0,0,0,2,3,3,3,3,2,1,0,3,1,35
3254,3,0,2,3,2,3,1,0,2,0,0,1,2,1,1,0,0,1,1,0,1,24
3255,2,0,2,0,1,3,1,1,3,0,1,3,1,0,0,0,0,0,1,0,1,20
3256,3,0,1,3,1,3,0,1,3,0,2,0,0,0,1,2,0,2,1,0,3,26
3257,0,0,0,3,1,3,0,2,0,1,0,0,0,0,3,0,0,0,1,0,2,16
3258,1,3,2,0,2,0,2,0,0,1,2,0,3,3,0,2,3,3,3,2,1,33
3259,3,3,1,1,1,1,1,0,1,3,3,3,3,3,3,2,0,2,3,0,3,40
3260,1,3,2,1,3,0,2,1,2,0,2,1,0,0,2,1,3,1,3,1,0,29
3261,1,1,1,2,0,1,2,1,2,3,0,2,2,3,0,0,0,2,2,3,0,28
3262,2,0,2,3,0,3,0,3,3,3,0,3,3,1,2,1,3,1,1,1,2,37
3263,2,3,1,1,3,0,1,3,0,0,2,3,3,2,0,3,2,3,2,0,2,36
3264,3,1,2,0,1,0,1,0,2,0,0,1,2,1,2,2,1,0,3,3,3,28
3265,3,0,2,1,1,1,0,1,3,0,1,2,3,3,1,0,1,3,0,3,3,32
3266,3,3,0,2,3,1,2,3,2,0,2,1,1,3,3,1,3,3,1,1,3,41
3267,2,2,3,1,0,3,3,0,0,1,2,3,1,1,1,0,1,3,2,0,1,30
3268,1,3,0,0,0,3,2,0,1,1,3,0,0,0,1,1,2,0,0,1,3,22
3269,1,3,3,2,2,3,3,3,3,3,3,2,1,2,1,3,3,1,0,0,1,43
3270,1,0,1,1,1,0,1,1,3,3,3,3,3,1,3,3,1,0,2,2,0,33
3271,3,0,3,2,3,2,3,3,1,0,1,1,0,0,2,0,3,2,1,2,1,33
3272,3,1,3,2,1,1,1,3,3,1,3,2,2,2,2,3,0,3,1,1,3,41
3273,3,0,2,2,3,3,0,1,0,1,1,3,1,0,1,1,3,2,1,2,0,30
3274,2,1,0,2,2,0,0,2,2,1,1,3,2,3,3,3,1,2,0,0,3,33
3275,1,2,2,0,1,2,3,1,3,2,0,0,2,0,1,1,0,1,0,2,2,26
3276,2,0,1,3,3,1,2,3,3,1,3,3,1,0,1,2,3,2,3,2,2,41
3277,3,0,3,1,3,0,2,0,2,1,1,3,0,0,1,1,1,0,2,3,0,27
3278,0,3,0,1,0,3,3,1,0,2,0,3,3,2,1,0,0,2,0,1,1,26
3279,1,3,1,2,3,1,0,2,3,2,0,2,2,0,2,1,1,2,3,3,0,34
3280,3,2,3,3,1,3,1,1,3,3,3,1,3,3,1,1,0,2,3,0,0,40
3281,0,3,1,1,2,0,1,2,0,3,1,2,3,1,1,3,2,2,2,0,1,31
3282,0,3,2,0,1,3,3,1,3,0,3,0,3,2,3,1,0,1,0,3,3,35
3283,1,1,1,0,1,3,3,2,3,2,1,2,0,2,0,2,1,1,0,0,0,26
3284,1,3,3,0,2,3,2,2,1,3,2,3,2,2,1,3,2,1,3,1,0,40
3285,1,1,1,2,0,0,1,2,0,0,2,0,0,0,3,3,2,1,1,0,3,23
3286,0,0,3,0,0,2,2,0,0,2,1,0,1,3,0,1,0,0,0,2,3,20
3287,3,3,3,3,1,2,2,1,0,2,1,1,1,3,1,3,2,1,1,0,0,34
3288,0,3,0,3,3,2,1,3,2,3,2,3,2,0,0,1,3,2,0,2,1,36
3289,1,2,3,0,1,1,1,1,1,0,1,2,2,3,2,0,2,0,2,0,1,26
3290,1,3,0,2,1,1,1,3,3,3,0,0,3,1,1,2,2,2,1,1,3,34
3291,0,3,3,3,3,2,2,0,1,3,3,3,3,1,2,2,1,0,0,2,3,40
3292,1,2,0,2,1,1,2,1,0,3,0,3,1,1,1,3,2,1,3,2,2,32
3293,3,2,3,1,3,2,0,2,2,2,3,0,1,3,0,0,3,1,1,2,1,35
3294,3,0,1,3,1,3,2,2,0,1,0,2,3,2,3,3,1,3,3,0,0,36
3295,2,3,0,3,3,0,3,3,3,2,3,2,2,1,3,2,0,0,2,2,3,42
3296,1,2,0,2,0,1,2,0,0,0,1,3,0,2,3,2,0,3,3,2,0,27
3297,2,0,1,3,1,0,0,0,3,3,3,0,2,2,0,3,3,1,1,1,2,31
3298,2,3,0,0,1,0,1,0,3,1,1,2,2,3,1,2,3,2,0,2,1,30
3299,0,2,2,0,0,3,2,3,2,3,3,1,0,2,1,1,2,1,0,3,2,33
3300,2,0,1,1,3,3,2,3,3,2,2,2,2,2,1,0,0,0,3,0,2,34
3301,1,1,2,2,3,0,2,1,2,3,2,2,3,0,1,3,0,3,0,0,0,31
3302,1,3,3,3,3,1,1,2,0,3,2,0,0,3,0,3,1,0,2,2,2,35
3303,0,0,3,0,3,0,0,2,0,1,3,2,1,0,1,2,1,2,2,3,2,28
3304,1,0,3,1,3,2,0,1,2,1,2,1,1,2,3,0,0,0,1,3,2,29
3305,1,1,0,1,3,2,1,3,2,0,2,0,1,2,0,0,0,0,1,1,0,21
3306,0,0,2,0,3,0,3,2,1,2,1,3,1,0,2,0,1,3,1,0,0,25
3307,3,2,2,1,1,3,3,3,1,1,3,2,0,3,0,1,2,3,0,1,0,35
3308,2,2,2,3,2,2,0,3,0,0,3,1,2,0,1,0,1,2,2,3,0,31
3309,3,0,2,2,2,0,2,0,3,3,0,2,1,3,3,1,3,3,1,2,1,37
3310,1,2,3,1,3,3,2,2,0,2,1,0,0,3,1,3,0,2,3,1,3,36
3311,3,3,1,0,3,2,0,0,3,0,3,2,0,2,1,3,1,1,0,3,1,32
3312,3,2,3,2,2,0,0,3,3,1,0,1,0,0,0,3,2,2,2,1,1,31
3313,3,1,2,3,2,3,3,2,1,3,2,3,1,0,3,3,2,3,0,0,1,41
3314,3,0,0,1,1,2,0,1,0,2,0,0,1,1,1,2,2,0,3,2,1,23
3315,3,0,2,0,3,0,1,2,0,3,0,2,1,1,0,0,0,3,1,1,0,23
3316,1,1,1,3,2,0,1,0,3,0,1,1,2,1,0,3,2,1,3,1,3,30
3317,2,1,0,2,1,0,0,3,3,1,1,1,3,3,1,1,2,2,1,2,3,33
3318,1,0,0,0,1,0,2,0,3,3,3,3,1,3,3,1,1,1,2,2,0,30
3319,1,2,0,3,0,3,0,0,0,0,1,2,3,2,1,0,3,3,0,3,0,27
3320,1,0,1,0,3,1,0,1,2,1,3,0,2,1,1,3,3,0,2,3,2,30
3321,3,0,2,3,2,0,0,3,3,1,0,3,3,2,2,0,3,1,0,3,0,34
3322,2,2,2,0,2,1,1,2,2,0,1,0,0,0,2,3,2,3,0,0,0,25
3323,2,0,1,2,0,0,3,2,1,2,2,2,2,0,1,1,3,3,2,1,1,31
3324,3,2,2,1,3,2,0,3,2,0,2,2,2,1,0,2,3,3,3,3,1,40
3325,2,2,2,0,1,0,0,3,2,3,3,3,0,3,3,3,3,2,2,3,2,42
3326,3,0,2,2,3,3,2,2,1,2,1,3,2,2,3,3,1,3,2,1,0,41
3327,3,2,0,0,2,1,1,2,3,3,2,0,2,0,2,1,3,1,0,0,3,31
3328,1,0,2,0,2,1,0,0,3,0,1,0,0,0,2,0,0,3,3,2,2,22
3329,2,3,3,1,3,2,1,3,2,1,2,3,3,2,3,1,2,0,0,3,3,43
3330,2,3,2,3,3,2,2,2,3,0,1,1,2,3,1,0,3,2,1,3,0,39
3331,0,0,0,2,2,0,3,1,1,1,0,3,2,0,1,0,3,3,1,3,0,26
3332,3,3,0,0,1,2,2,2,1,2,1,0,2,0,2,1,1,3,2,1,1,30
3333,0,1,1,2,3,3,1,2,0,1,3,0,1,0,0,0,2,0,2,2,1,25
3334,1,3,2,3,3,3,2,1,2,2,3,0,3,1,3,0,1,3,3,3,3,45
3335,0,1,1,2,0,1,2,2,3,2,0,1,2,2,2,0,1,0,1,3,1,27
3336,3,3,0,3,3,0,0,0,2,2,1,2,3,0,1,2,2,3,2,3,3,38
3337,0,0,3,1,2,0,1,3,0,3,3,2,0,1,1,2,2,1,2,0,0,27
3338,0,0,3,0,1,1,0,3,2,0,0,2,0,1,1,3,0,0,3,2,0,22
3339,2,3,0,1,0,1,0,1,1,2,3,1,2,2,0,2,0,3,3,0,2,29
3340,0,3,3,3,0,3,1,0,3,2,2,2,3,0,0,2,3,0,3,0,3,36
3341,0,0,0,0,1,1,3,1,2,1,2,0,3,1,1,1,1,3,0,3,1,25
3342,1,2,1,3,2,3,3,1,1,3,1,1,3,1,0,3,3,2,3,3,2,42
3343,0,0,1,3,1,0,0,3,2,3,3,2,3,1,0,0,1,2,2,2,1,30
3344,0,2,3,2,3,0,3,1,2,0,1,3,3,0,3,1,1,0,3,2,0,33
3345,1,2,3,1,3,0,1,2,3,1,0,3,0,0,1,1,3,2,3,0,1,31
3346,0,2,0,2,2,2,0,2,1,0,1,3,2,2,2,3,1,0,2,0,2,29
3347,1,0,1,0,3,0,1,2,2,3,3,0,1,0,1,1,1,2,1,0,1,24
3348,3,2,1,3,2,2,3,1,3,1,1,3,2,1,2,3,0,3,2,2,2,42
3349,1,2,2,2,1,1,0,3,2,2,3,0,1,3,1,3,3,1,0,1,2,34
3350,0,3,1,3,2,1,2,3,3,3,0,2,0,2,1,0,0,1,1,2,3,33
3351,1,0,0,2,3,2,0,0,2,2,0,0,0,2,2,1,2,2,2,0,0,23
3352,2,0,2,0,3,0,3,0,1,3,2,0,2,0,1,3,2,3,2,3,2,34
3353,3,2,1,0,3,2,3,0,3,1,1,0,3,0,0,0,1,0,3,0,3,29
3354,3,3,2,3,2,2,0,0,0,2,2,3,0,0,0,3,1,1,0,2,1,30
3355,3,2,3,2,1,3,2,2,0,2,2,1,3,3,2,2,2,1,3,3,3,45
3356,0,1,3,2,1,3,2,3,3,3,2,1,1,0,0,3,0,2,2,1,0,33
3357,1,1,1,1,1,1,2,2,0,0,3,3,3,0,2,1,1,2,1,1,2,29
3358,1,3,1,2,0,0,0,1,2,3,0,1,3,2,1,2,2,1,2,0,2,29
3359,2,0,3,2,1,1,2,3,0,1,1,2,3,2,2,2,3,0,1,2,1,34
3360,1,2,2,0,1,0,3,2,3,2,3,0,2,2,1,3,1,2,3,3,0,36
3361,2,3,3,2,2,1,0,3,1,1,2,0,1,1,3,0,3,0,3,0,0,31
3362,2,2,2,0,1,1,1,3,2,0,1,2,2,0,0,3,1,1,1,0,2,27
3363,3,2,2,3,3,0,2,3,2,3,0,2,2,1,3,1,2,2,3,3,0,42
3364,1,3,3,2,0,1,0,3,1,1,0,1,3,1,1,1,3,3,1,2,3,34
3365,2,1,3,0,3,1,0,3,1,0,2,1,1,2,0,3,0,2,3,1,3,32
3366,0,0,2,0,1,2,0,3,0,0,2,1,2,0,1,2,0,3,0,2,0,21
3367,0,2,2,1,0,0,2,0,1,0,3,2,3,1,1,1,0,3,3,3,2,30
3368,2,2,3,3,3,2,0,3,1,2,2,3,2,0,2,2,2,1,2,1,3,41
3369,0,0,1,3,3,3,3,1,1,3,0,2,2,3,2,3,3,0,3,3,2,41
3370,0,2,3,3,0,2,3,1,0,2,0,2,2,3,2,1,1,3,1,1,1,33
3371,1,1,3,1,0,0,2,0,2,2,0,2,2,1,2,0,3,3,2,0,0,27
3372,3,0,3,2,3,0,1,3,1,0,1,2,2,0,2,3,0,1,0,2,1,30
3373,0,0,0,0,3,1,3,3,2,0,3,1,3,3,1,0,3,0,2,1,2,31
3374,0,3,1,2,1,2,3,1,0,2,2,2,3,2,2,3,1,3,3,3,2,41
3375,1,0,1,1,1,3,0,0,1,0,1,3,1,0,2,0,0,2,3,1,2,23
3376,0,3,0,1,0,2,0,2,0,2,2,3,3,2,3,0,2,3,2,2,2,34
3377,2,3,1,1,2,0,2,0,3,3,1,3,3,0,1,1,3,1,3,0,2,35
3378,2,1,0,2,0,2,1,2,2,2,2,3,2,0,3,0,0,3,2,2,3,34
3379,1,0,0,1,3,0,1,3,1,1,1,3,0,0,1,3,3,2,2,0,2,28
3380,1,2,2,1,3,3,2,2,2,2,2,0,2,3,2,1,3,3,1,3,1,41
3381,0,0,1,1,1,3,2,2,0,1,2,1,2,2,3,0,2,0,0,2,1,26
3382,3,2,0,3,0,1,3,2,2,1,0,3,0,0,3,0,0,3,2,2,0,30
3383,3,1,0,1,3,3,0,1,1,1,2,3,1,0,0,3,2,0,0,1,0,26
3384,2,1,1,3,0,2,2,0,2,1,3,1,3,3,1,0,0,3,3,0,2,33
3385,0,2,1,1,0,0,3,1,3,3,2,1,1,0,1,1,3,1,1,3,3,31
3386,1,1,0,0,0,0,0,2,0,0,2,1,3,2,3,2,0,3,3,0,2,25
3387,2,3,0,2,1,2,2,2,3,3,1,0,0,2,1,0,1,2,0,0,1,28
3388,0,0,1,0,1,1,0,1,2,3,0,3,1,0,0,1,1,1,0,0,3,19
3389,0,3,2,2,2,2,2,1,3,0,1,0,0,0,0,1,0,2,3,0,3,27
3390,3,2,2,1,0,1,2,3,0,2,1,2,0,1,2,2,0,3,1,3,2,33
3391,2,3,1,2,3,2,0,3,2,2,0,1,0,1,0,2,1,3,1,3,2,34
3392,0,2,0,0,1,1,0,2,3,2,0,2,1,1,0,0,2,0,0,0,3,20
3393,0,1,1,2,0,1,0,2,0,3,2,1,2,3,2,2,2,1,3,0,3,31
3394,2,0,3,0,3,2,2,0,2,0,1,2,1,1,1,3,2,3,2,1,1,32
3395,0,1,3,3,2,3,0,2,2,1,0,3,3,0,0,3,2,0,2,3,1,34
3396,0,2,3,0,1,3,3,1,0,1,3,2,2,1,1,2,0,0,2,3,1,31
3397,1,2,0,1,3,2,1,2,1,1,0,3,3,1,3,1,3,1,0,1,1,31
3398,0,3,2,0,3,3,1,0,1,2,1,0,1,3,3,0,0,3,2,1,0,29
3399,2,2,1,0,3,0,3,0,3,0,1,2,1,3,1,1,0,3,3,2,2,33
3400,3,1,0,0,0,0,1,3,1,0,3,3,0,3,1,1,0,3,2,3,0,28
3401,0,0,3,3,0,3,3,1,1,1,1,0,2,0,0,2,0,0,3,3,1,27
3402,2,2,2,3,3,2,3,1,1,1,1,3,2,1,1,0,3,1,1,1,3,37
3403,3,3,0,2,2,1,0,0,0,1,1,2,3,2,3,0,2,0,0,0,1,26
3404,0,0,0,2,0,2,2,0,0,0,2,0,2,1,1,1,2,2,1,1,1,20
3405,1,2,2,3,0,3,2,2,1,2,2,2,1,3,1,3,2,1,3,2,0,38
3406,1,3,3,3,2,0,0,3,2,2,1,3,3,3,0,3,0,1,1,1,2,37
3407,1,2,2,0,2,0,3,2,2,2,0,0,0,0,2,3,0,2,2,2,1,28
3408,0,1,2,1,1,1,3,1,1,2,2,0,3,3,0,2,2,2,1,2,3,33
3409,1,2,1,1,2,2,1,0,0,1,0,0,1,2,2,2,1,3,2,0,0,24
3410,2,0,2,1,3,3,0,2,1,1,3,2,0,0,2,3,0,2,0,2,1,30
3411,1,0,1,3,2,3,3,2,0,1,0,3,3,2,3,2,3,0,0,0,0,32
3412,0,1,3,2,0,1,1,3,1,0,3,3,2,2,2,3,1,3,1,2,0,34
3413,3,1,2,1,3,2,2,1,0,0,0,3,3,0,3,1,0,0,3,0,3,31
3414,2,1,1,1,3,3,3,2,2,1,1,3,0,3,3,3,2,3,2,2,0,41
3415,0,2,3,1,0,2,1,1,0,3,3,3,3,1,3,3,2,0,3,1,0,35
3416,0,3,1,2,1,0,2,2,1,1,2,0,2,3,2,3,3,1,0,3,1,33
3417,0,3,2,0,0,0,2,3,3,3,0,0,1,2,1,3,1,2,1,2,1,30
3418,3,3,1,1,1,1,1,3,0,3,3,2,2,1,3,0,0,0,3,1,1,33
3419,1,0,0,3,0,1,1,1,0,2,1,3,2,3,2,1,3,2,3,3,1,33
3420,2,3,2,0,3,1,2,2,1,1,3,3,2,3,1,1,3,0,0,3,1,37
3421,3,1,0,3,1,0,2,3,1,1,1,2,3,1,0,2,3,2,1,2,2,34
3422,0,0,0,0,3,3,1,1,0,1,3,0,0,1,3,2,2,2,2,2,1,27
3423,1,0,2,0,1,0,0,1,1,3,0,1,1,1,3,0,0,2,2,2,3,24
3424,3,0,0,2,1,3,3,2,0,0,0,3,3,2,1,0,2,0,0,0,2,27
3425,3,3,1,1,2,1,2,1,1,1,3,2,0,0,1,3,1,1,3,2,2,34
3426,2,2,3,3,1,2,2,3,2,3,1,2,0,1,3,2,1,2,3,1,1,40
3427,1,2,1,1,2,1,1,0,3,3,3,0,3,1,0,0,0,3,2,1,3,31
3428,0,1,1,0,1,0,0,1,0,2,3,3,2,2,2,3,3,0,2,0,1,27
3429,2,0,0,0,1,3,0,3,1,0,0,2,2,0,2,1,3,2,0,3,0,25
3430,2,0,1,3,1,3,2,3,2,2,3,0,1,2,2,2,1,3,0,2,0,35
3431,0,2,3,2,3,2,0,3,0,0,1,1,1,3,2,0,1,3,3,1,0,31
3432,1,1,2,3,1,0,3,3,2,0,3,0,2,0,0,0,3,1,2,2,3,32
3433,1,0,3,0,2,2,3,0,1,0,1,2,2,1,2,0,0,0,3,1,1,25
3434,3,0,3,2,0,0,2,2,1,1,3,2,1,0,2,3,0,2,1,2,2,32
3435,2,0,1,0,3,2,2,2,0,0,3,2,0,2,1,2,2,1,3,2,1,31
3436,2,2,2,1,0,2,0,3,0,2,1,0,0,1,1,2,3,0,3,3,1,29
3437,0,3,2,1,0,0,3,1,1,2,3,2,1,0,0,3,0,0,0,3,0,25
3438,0,0,0,0,3,0,0,0,0,0,2,1,0,2,0,1,0,3,1,3,3,19
3439,1,0,1,1,2,2,3,2,0,0,3,3,1,0,2,2,2,2,2,2,2,33
3440,2,1,3,0,1,3,1,0,0,3,1,2,3,2,3,0,2,1,2,0,0,30
3441,2,2,1,2,3,1,2,2,1,0,2,1,1,2,3,3,0,0,0,2,3,33
3442,2,0,2,0,0,1,1,0,3,3,2,3,1,1,1,2,3,0,2,0,3,30
3443,1,1,2,1,1,2,3,3,0,2,1,2,0,0,1,2,3,0,3,1,3,32
3444,2,0,0,2,3,0,2,2,1,3,0,1,2,3,2,2,3,1,0,1,3,33
3445,1,0,0,1,3,2,1,1,1,3,3,3,0,2,0,3,1,1,0,1,2,29
3446,1,2,2,3,2,0,2,0,3,0,1,1,1,1,3,3,3,0,2,3,1,34
3447,0,0,1,3,3,2,1,2,1,1,0,0,3,3,1,2,0,2,2,1,0,28
3448,1,1,0,2,3,1,3,1,1,0,2,3,2,3,3,1,2,3,3,3,0,38
3449,0,3,3,0,1,2,2,0,2,0,3,0,3,2,0,2,0,0,2,1,1,27
3450,1,1,1,1,1,2,1,1,2,3,0,3,2,2,1,1,1,3,0,1,1,29
3451,2,3,0,2,3,0,0,2,2,0,3,0,0,2,3,0,2,0,2,3,0,29
3452,0,3,1,0,0,3,3,3,2,2,3,3,3,2,0,3,0,3,0,3,3,40
3453,3,0,0,2,3,2,0,1,1,0,2,3,2,2,0,2,0,1,1,2,1,28
3454,0,3,0,0,3,1,3,1,2,1,2,2,3,2,0,3,3,1,2,1,2,35
3455,1,2,2,2,0,1,0,2,2,3,2,2,3,0,1,1,2,0,0,2,0,28
3456,0,0,3,1,3,1,2,0,0,3,2,3,2,2,1,1,0,2,1,3,3,33
3457,2,1,2,3,1,2,2,0,0,3,3,1,2,2,0,0,3,0,2,3,1,33
3458,0,2,0,2,2,1,2,2,2,1,3,2,1,1,1,2,2,2,1,0,2,31
3459,2,2,3,1,0,1,1,2,3,2,2,1,0,1,1,1,3,1,1,0,0,28
3460,1,0,3,0,2,1,2,0,1,3,3,2,0,3,1,3,1,2,0,2,2,32
3461,1,3,3,1,3,0,3,1,1,2,0,3,2,0,3,2,3,2,1,2,2,38
3462,1,0,0,0,3,0,2,1,1,1,2,3,1,0,3,0,3,1,3,2,0,27
3463,2,2,3,3,3,0,0,1,1,0,2,3,3,2,3,2,3,1,2,0,2,38
3464,2,2,1,2,2,2,0,2,3,1,1,2,0,1,3,2,3,0,1,1,2,33
3465,3,2,3,1,1,2,3,0,2,2,3,0,0,0,3,2,2,1,1,3,0,34
3466,2,2,0,0,3,3,3,1,0,3,3,3,0,2,2,2,2,2,1,1,1,36
3467,0,1,1,1,1,1,2,1,1,3,1,0,2,3,1,3,1,0,0,0,2,25
3468,0,1,1,2,0,3,2,3,1,2,3,1,1,0,3,0,3,3,2,0,1,32
3469,2,1,2,3,3,2,1,1,2,2,1,2,2,0,2,0,1,0,0,0,1,28
3470,0,3,0,2,3,2,0,1,2,2,3,0,3,2,3,3,3,2,2,1,0,37
3471,2,1,1,2,1,1,1,0,1,0,3,3,3,1,0,2,1,1,3,3,1,31
3472,2,2,0,3,3,1,1,1,2,0,0,3,0,2,2,1,2,2,3,2,3,35
3473,2,3,1,3,0,0,2,0,0,0,1,0,1,3,1,1,2,2,1,2,2,27
3474,1,3,3,2,2,1,0,0,0,0,0,1,1,3,0,1,3,0,1,3,2,27
3475,1,3,0,0,1,3,1,2,0,1,2,1,0,3,0,1,0,0,2,1,2,24
3476,0,2,2,2,1,1,3,2,1,0,2,1,1,1,0,3,1,2,1,0,1,27
3477,2,3,0,2,1,1,1,2,2,0,0,2,1,1,0,2,3,2,1,2,2,30
3478,2,0,1,2,3,2,3,0,3,2,1,1,3,1,3,1,2,2,1,2,0,35
3479,1,2,2,3,2,3,3,0,1,3,3,2,1,0,1,1,2,3,1,0,3,37
3480,1,0,3,0,0,1,2,0,3,2,3,3,3,2,1,2,3,2,1,1,1,34
3481,2,1,3,3,3,2,3,0,1,1,0,3,2,1,1,0,0,1,0,3,1,31
3482,1,0,1,2,3,1,2,1,2,3,0,2,2,1,1,3,3,2,1,1,2,34
3483,2,3,0,1,0,1,2,0,1,1,3,1,2,3,0,1,2,1,0,1,2,27
3484,2,2,2,3,1,1,1,3,1,2,2,1,3,3,3,1,3,3,0,3,0,40
3485,1,2,3,3,3,3,1,2,2,2,1,2,1,0,1,3,3,1,2,2,3,41
3486,1,3,0,1,0,1,2,3,1,0,0,3,0,1,1,3,0,1,1,3,1,26
3487,2,1,0,1,1,3,1,3,0,2,3,0,1,3,1,0,0,3,1,3,0,29
3488,0,0,0,1,0,0,2,2,2,2,0,1,0,3,1,3,2,1,1,0,0,21
3489,0,0,1,2,2,2,3,0,3,2,3,3,1,3,3,2,2,2,1,1,0,36
3490,2,2,3,0,0,2,0,3,1,3,3,0,0,0,0,3,0,3,1,3,0,29
3491,0,0,1,1,0,3,0,2,0,2,1,3,1,0,0,3,2,1,3,1,3,27
3492,2,0,0,0,0,1,3,3,0,0,3,1,0,3,0,2,1,1,0,0,0,20
3493,3,2,2,3,2,1,2,1,0,2,0,0,1,3,1,1,1,1,0,3,1,30
3494,3,2,2,3,3,1,3,3,0,1,2,1,2,0,1,0,1,0,2,2,1,33
3495,1,2,0,3,3,3,1,0,0,1,1,3,3,1,2,3,2,2,2,2,3,38
3496,0,0,3,1,2,1,1,1,3,1,2,1,3,3,1,2,1,0,3,1,3,33
3497,3,0,1,2,1,2,3,0,0,3,1,0,2,1,3,3,2,3,0,2,0,32
3498,2,2,0,1,2,3,1,3,2,0,0,3,3,1,0,1,2,3,3,3,0,35
3499,0,0,3,1,0,0,1,1,3,3,0,1,2,0,3,3,1,3,3,0,0,28
3500,2,0,2,3,2,1,0,1,1,1,2,2,1,3,0,3,2,0,0,2,3,31
3501,3,2,2,0,1,2,2,1,1,2,1,1,0,1,3,2,0,3,0,3,2,32
3502,0,0,2,0,0,0,3,2,3,1,3,2,2,3,2,0,3,3,1,2,0,32
3503,2,0,3,3,0,0,3,1,0,0,2,1,2,3,3,3,0,0,1,1,3,31
3504,0,3,1,3,3,3,2,0,2,0,2,1,1,3,1,1,2,0,2,3,3,36
3505,0,1,2,2,2,1,2,2,1,2,2,3,0,3,3,0,1,2,3,1,1,34
3506,0,1,1,1,0,2,3,2,2,3,0,0,1,1,0,0,3,2,3,1,1,27
3507,0,1,0,3,3,1,2,0,2,2,1,0,1,1,0,1,3,1,0,1,2,25
3508,3,1,1,3,2,0,2,3,1,3,3,2,2,3,3,0,3,0,2,0,3,40
3509,3,1,3,2,3,1,1,0,0,0,1,3,0,1,1,0,0,1,1,3,0,25
3510,2,2,1,1,1,0,1,1,1,0,0,2,0,1,3,0,2,1,0,2,1,22
3511,0,0,2,3,3,2,1,3,2,2,1,0,0,3,2,0,2,0,2,2,1,31
3512,1,3,2,1,3,0,3,3,1,0,1,3,3,2,3,1,2,3,2,2,0,39
3513,1,0,3,2,1,0,3,0,2,1,2,3,1,0,3,3,2,3,1,3,3,37
3514,0,0,2,3,1,2,2,0,2,1,0,2,2,2,3,2,0,1,0,0,1,26
3515,0,2,0,2,2,1,1,3,0,3,2,2,3,2,1,0,3,2,1,2,2,34
3516,2,0,1,2,2,3,3,1,0,1,2,2,2,3,1,0,3,0,2,1,2,33
3517,0,3,1,3,3,1,0,2,0,1,1,1,0,0,2,1,0,2,0,3,3,27
3518,2,3,1,1,0,2,3,3,3,0,1,3,2,2,1,3,2,1,1,2,0,36
3519,3,1,2,3,3,2,2,3,2,0,2,3,0,3,2,1,1,3,1,0,1,38
3520,3,3,0,1,2,3,2,3,2,2,0,3,3,0,3,2,0,2,3,2,2,41
3521,3,1,0,2,1,0,3,1,2,3,0,2,1,2,2,1,1,3,0,2,2,32
3522,2,0,2,3,1,2,0,3,3,3,3,2,0,1,1,2,0,1,0,0,2,31
3523,0,0,3,0,3,1,3,0,0,3,0,2,3,2,2,3,3,3,1,1,2,35
3524,0,0,2,0,0,1,0,1,0,2,0,3,1,3,3,1,0,3,2,0,1,23
3525,3,1,2,3,3,0,1,2,3,3,3,0,2,1,2,3,3,2,0,2,1,40
3526,1,0,3,1,3,3,1,0,2,3,2,1,2,1,2,2,3,2,0,0,0,32
3527,2,3,3,1,3,1,3,1,3,1,0,0,0,1,0,0,2,3,2,3,2,34
3528,0,3,3,2,2,3,0,0,2,3,0,3,0,0,3,2,0,1,1,0,1,29
3529,0,3,2,3,2,2,2,0,0,3,3,2,3,0,1,1,1,0,2,1,3,34
3530,3,0,3,3,1,3,1,3,1,1,2,2,1,3,0,1,2,1,3,2,2,38
3531,1,3,2,3,1,0,3,2,0,2,3,0,0,0,3,2,0,2,3,2,2,34
3532,0,3,2,1,2,0,1,0,3,1,3,2,3,0,1,3,1,1,1,0,0,28
3533,3,3,1,3,3,0,2,0,2,0,3,0,0,2,3,2,0,3,1,0,1,32
3534,1,1,2,3,0,3,3,1,1,2,2,0,0,0,2,0,3,2,2,3,3,34
3535,2,2,3,3,0,3,2,3,1,0,3,1,3,3,2,0,1,0,0,2,1,35
3536,0,2,0,3,0,3,1,1,3,3,2,0,0,1,3,2,0,2,2,3,1,32
3537,3,0,2,1,0,0,0,2,0,0,3,3,2,3,3,3,2,0,3,0,2,32
3538,2,1,3,1,3,1,1,0,1,0,1,3,2,1,2,3,0,0,1,1,0,27
3539,1,0,2,3,2,0,2,3,2,3,3,2,0,1,0,2,0,0,3,2,2,33
3540,2,1,3,3,1,0,1,3,0,3,0,0,2,3,3,1,1,1,1,3,0,32
3541,3,2,3,0,0,0,3,1,2,0,1,1,0,0,0,0,1,3,2,0,1,23
3542,1,1,1,1,2,0,0,0,1,2,0,0,2,1,0,3,1,1,3,0,1,21
3543,1,1,0,1,1,0,0,2,1,0,3,0,0,3,3,2,3,1,0,0,0,22
3544,3,1,0,3,1,1,1,3,3,2,1,2,3,0,1,0,1,0,0,2,3,31
3545,3,3,1,0,3,0,1,3,2,1,0,2,3,0,1,0,0,0,3,2,1,29
3546,3,3,3,2,0,2,1,2,3,0,1,0,0,0,2,0,0,0,1,1,1,25
3547,0,0,3,3,0,0,1,2,1,2,2,2,0,0,3,2,3,0,1,0,3,28
3548,0,1,0,1,3,0,3,1,0,0,2,2,3,2,0,3,0,0,2,2,3,28
3549,0,1,3,3,3,3,1,2,0,2,2,3,0,0,2,2,2,0,2,0,1,32
3550,1,0,1,0,2,0,0,0,3,0,1,2,3,3,0,3,3,2,2,2,3,31
3551,1,0,1,1,2,3,3,1,0,3,2,3,0,0,3,3,3,3,3,3,2,40
3552,2,3,1,0,3,3,1,0,0,3,0,1,0,1,1,1,2,2,3,2,1,30
3553,2,1,0,0,3,2,2,1,2,0,0,1,1,1,2,3,2,3,2,0,3,31
3554,1,1,3,1,0,2,2,1,2,1,3,0,2,0,0,2,2,0,0,2,2,27
3555,1,0,1,3,3,3,3,1,1,0,3,3,0,0,0,2,0,0,3,0,2,29
3556,1,1,2,0,3,0,3,0,3,1,2,2,2,2,0,1,2,2,2,2,2,33
3557,0,2,1,3,1,1,1,0,2,2,0,1,3,0,1,1,0,3,0,0,3,25
3558,1,0,3,0,1,1,2,1,3,0,3,2,3,2,2,1,1,3,0,1,2,32
3559,2,3,1,1,0,2,1,3,1,3,2,0,1,1,1,1,0,2,1,2,0,28
3560,2,2,0,2,1,2,0,2,3,0,2,2,3,2,3,1,3,1,3,3,3,40
3561,3,2,2,0,0,0,1,1,1,1,3,0,3,0,2,3,3,2,1,3,1,32
3562,3,2,3,2,0,3,3,1,1,1,3,3,2,3,1,3,1,0,0,2,3,40
3563,3,0,2,0,3,3,2,2,2,2,2,3,1,3,2,0,1,3,1,0,1,36
3564,3,3,0,0,1,0,2,2,0,2,1,0,0,2,3,1,0,2,0,2,3,27
3565,0,3,1,3,1,3,3,1,3,3,2,2,1,2,2,2,0,3,1,1,1,38
3566,2,2,2,1,2,2,3,3,0,1,3,3,3,0,0,2,2,1,2,2,3,39
3567,3,0,0,3,1,0,0,3,3,3,3,1,2,2,0,0,2,2,0,0,3,31
3568,1,3,0,1,2,1,0,3,1,3,3,3,2,2,0,0,3,2,3,2,1,36
3569,1,3,0,2,2,2,0,3,3,0,1,2,3,3,3,0,2,1,3,3,2,39
3570,1,1,2,3,1,3,2,2,1,1,2,3,1,2,3,0,1,0,2,0,0,31
3571,2,1,3,0,3,2,2,1,3,2,0,3,3,0,2,3,0,3,1,3,1,38
3572,3,1,0,3,3,1,2,1,3,2,0,2,0,2,0,0,0,2,3,0,3,31
3573,1,2,2,1,1,0,2,2,3,3,2,2,3,2,3,3,1,1,0,3,3,40
3574,3,1,2,2,2,0,1,2,2,0,2,1,2,1,3,2,2,3,1,0,3,35
3575,2,3,1,0,0,2,1,2,1,0,1,2,3,1,3,3,2,0,2,0,0,29
3576,1,1,0,2,1,1,0,3,3,0,2,1,2,2,3,1,1,0,0,0,3,27
3577,2,3,3,2,0,3,3,0,3,3,2,0,0,1,2,1,2,1,1,0,0,32
3578,1,3,0,3,1,2,0,2,1,0,0,1,2,3,0,1,2,1,0,2,1,26
3579,2,2,0,0,0,0,3,0,3,2,0,2,1,3,2,2,1,1,2,1,0,27
3580,2,0,3,1,1,0,1,0,0,1,0,1,3,1,0,3,1,1,3,0,2,24
3581,0,2,2,0,3,1,0,1,3,2,1,2,0,2,1,0,1,3,2,3,1,30
3582,0,1,1,0,0,2,2,2,3,3,0,0,2,2,0,1,2,2,0,1,2,26
3583,3,1,2,3,0,2,3,2,0,3,1,3,0,1,1,3,2,0,2,2,2,36
3584,0,0,3,1,0,3,2,1,1,1,0,2,3,2,2,1,3,2,0,3,3,33
3585,1,0,0,2,3,2,2,2,0,2,3,2,3,0,0,2,2,2,2,2,1,33
3586,2,2,3,0,3,2,2,2,3,3,1,1,2,2,0,0,0,0,3,3,0,34
3587,1,1,2,1,2,1,2,2,0,1,1,2,1,0,0,2,2,3,2,3,0,29
3588,2,1,0,2,0,3,3,0,3,0,1,3,3,1,0,2,0,3,2,2,1,32
3589,3,1,2,1,3,3,3,3,2,1,2,0,3,0,1,1,3,3,1,3,2,41
3590,3,0,1,2,3,1,3,2,2,0,3,3,0,1,3,2,0,3,0,3,0,35
3591,2,3,1,1,2,0,1,0,0,3,3,3,0,0,0,3,3,2,1,3,0,31
3592,0,2,0,0,3,2,1,3,2,3,2,0,2,0,1,0,3,3,1,0,1,29
3593,1,3,2,2,0,2,3,2,0,3,1,3,1,2,2,1,2,1,1,2,2,36
3594,1,3,2,1,2,2,2,2,3,3,0,0,0,3,0,3,2,2,1,0,0,32
3595,1,1,1,2,3,1,3,3,2,2,3,3,0,3,0,3,1,1,1,3,0,37
3596,2,2,1,1,2,1,0,0,3,2,3,3,0,2,3,1,2,3,1,1,3,36
3597,3,3,1,0,2,3,0,0,1,3,3,1,2,2,3,0,0,2,2,3,3,37
3598,2,1,0,2,0,3,0,2,3,2,3,0,2,0,2,0,3,3,0,2,0,30
3599,2,2,0,1,3,1,0,3,2,1,3,0,0,1,1,1,1,2,2,2,1,29
3600,3,2,2,3,0,0,3,2,0,3,2,3,1,1,0,2,2,3,3,1,0,36
3601,2,2,2,3,0,2,3,0,1,2,0,2,2,0,2,2,2,0,3,0,2,32
3602,0,3,3,2,0,3,3,0,0,2,1,0,0,0,1,1,3,2,1,2,1,28
3603,2,2,3,3,0,3,3,0,1,3,1,2,0,0,0,2,0,0,1,1,0,27
3604,0,0,0,1,1,3,3,2,3,2,1,2,2,2,0,1,3,3,2,3,0,34
3605,0,1,3,1,1,0,0,0,2,1,1,2,3,3,2,1,0,0,0,2,0,23
3606,0,0,2,2,1,3,2,0,2,0,1,1,0,0,1,0,0,2,2,0,2,21
3607,1,3,1,3,1,2,1,2,1,0,2,1,2,0,0,3,2,1,0,1,3,30
3608,2,0,3,1,2,2,0,3,3,0,2,2,0,3,1,0,2,2,2,1,2,33
3609,2,1,1,2,0,2,1,2,0,0,3,3,3,2,1,3,0,3,0,0,0,29
3610,1,1,2,2,2,0,1,2,1,3,0,1,2,2,3,1,1,0,3,0,3,31
3611,2,2,2,1,2,3,1,0,0,0,0,2,3,1,0,0,0,3,3,1,2,28
3612,0,1,3,3,3,2,2,0,3,0,1,2,0,3,3,0,1,2,2,3,0,34
3613,3,0,0,2,3,1,0,0,2,0,3,1,1,2,2,2,1,3,1,3,2,32
3614,0,0,3,2,2,0,3,2,3,1,0,0,3,3,2,3,2,3,1,0,1,34
3615,0,3,3,1,0,3,3,3,3,3,3,1,2,1,3,1,3,2,3,0,3,44
3616,0,0,3,1,2,3,2,3,2,0,1,3,0,0,2,0,1,0,2,2,2,29
3617,3,2,2,0,0,1,2,0,3,2,1,0,1,0,3,0,2,1,1,2,0,26
3618,1,0,3,2,1,0,3,3,1,2,3,2,3,2,0,0,2,2,3,3,3,39
3619,3,2,3,1,1,3,2,3,0,3,0,1,3,1,1,2,2,1,1,0,0,33
3620,2,0,0,3,1,3,1,0,2,3,3,2,0,2,0,1,0,1,2,2,2,30
3621,2,1,0,2,1,2,2,0,0,2,2,0,1,0,3,2,1,0,1,2,3,27
3622,1,0,3,1,0,2,3,0,0,1,3,3,0,3,1,2,0,3,0,3,0,29
3623,3,0,0,3,1,2,1,1,0,3,0,2,1,1,1,0,2,0,3,0,3,27
3624,0,0,3,1,0,0,3,0,0,0,3,2,0,0,3,0,0,3,2,2,2,24
3625,0,0,3,1,1,1,0,2,1,0,1,1,2,3,1,0,1,1,3,0,0,22
3626,1,2,1,2,1,2,1,3,3,2,2,0,1,2,0,1,2,3,1,1,1,32
3627,2,1,3,1,2,2,1,1,3,0,1,0,1,3,0,1,1,3,2,0,3,31
3628,0,3,0,1,1,2,2,1,0,2,1,2,0,2,1,1,2,3,3,3,0,30
3629,3,0,0,3,1,1,1,2,2,2,1,2,3,2,3,1,0,3,3,0,3,36
3630,2,0,2,2,2,1,0,3,1,2,3,2,0,3,2,1,2,0,2,3,1,34
3631,1,0,1,3,1,3,0,0,2,3,2,0,3,2,1,1,3,3,2,0,2,33
3632,1,0,0,0,3,3,1,3,1,2,2,1,2,2,3,2,1,3,2,3,0,35
3633,3,2,1,0,1,0,0,0,0,1,2,1,0,3,2,1,0,1,3,0,0,21
3634,1,2,3,1,3,3,2,1,2,1,3,1,0,3,2,3,2,1,1,2,2,39
3635,1,0,2,0,2,2,1,0,3,2,2,0,3,3,2,0,1,3,3,1,2,33
3636,0,3,3,0,1,3,0,1,3,2,1,3,3,0,2,0,2,0,1,3,0,31
3637,1,1,3,1,1,0,1,3,2,3,1,0,2,1,2,0,2,0,0,0,0,24
3638,0,1,3,2,3,0,0,1,1,2,1,3,2,3,1,1,3,0,3,1,0,31
3639,2,1,3,1,0,3,3,3,2,2,3,2,1,3,3,3,3,2,0,1,2,43
3640,0,2,0,2,1,1,1,0,3,3,2,0,3,0,2,2,2,1,3,2,3,33
3641,0,1,1,1,2,1,3,3,0,3,3,3,3,0,0,0,0,1,2,1,2,30
3642,2,2,0,0,0,3,2,2,0,2,3,1,3,0,3,0,0,0,1,3,3,30
3643,0,1,0,3,3,0,1,0,0,2,1,3,1,0,1,2,1,2,0,1,1,23
3644,2,2,2,3,0,2,3,0,2,0,3,0,1,0,0,2,1,2,1,1,0,27
3645,0,2,0,0,2,1,3,2,1,3,2,2,1,3,1,0,2,0,3,1,3,32
3646,0,0,2,3,0,2,0,2,3,1,1,0,0,2,3,3,3,0,1,1,2,29
3647,1,1,1,2,0,1,0,1,0,3,2,3,0,2,2,0,1,1,0,0,3,24
3648,2,1,1,3,2,2,2,0,2,0,3,0,3,3,0,0,1,1,1,3,2,32
3649,2,0,0,3,2,2,1,2,1,0,1,3,0,1,0,1,2,2,3,0,3,29
3650,0,1,0,0,1,0,0,3,3,0,1,1,0,1,1,1,0,2,0,3,0,18
3651,1,0,1,3,1,1,2,3,0,1,2,2,3,3,3,0,1,3,3,0,0,33
3652,3,0,0,1,3,1,3,2,0,0,0,1,0,2,1,2,3,1,0,1,1,25
3653,0,1,0,2,0,1,0,0,0,0,0,3,3,3,0,1,0,0,3,1,3,21
3654,2,0,1,3,3,0,2,2,2,0,1,0,0,0,1,0,1,0,1,1,1,21
3655,2,1,1,3,3,3,3,2,3,1,3,0,1,1,1,3,1,1,1,3,3,40
3656,3,1,3,0,2,0,0,1,3,3,0,1,2,0,1,0,0,3,0,2,2,27
3657,3,2,1,3,1,3,0,1,0,1,2,0,2,0,2,3,1,1,3,1,1,31
3658,3,3,0,1,0,2,1,1,3,2,0,3,2,3,3,3,2,2,2,2,2,40
3659,3,0,0,0,2,3,2,2,3,0,3,1,2,3,2,2,1,3,2,1,0,35
3660,2,0,1,0,3,2,3,0,2,2,1,1,0,0,3,3,3,3,0,1,2,32
3661,2,3,3,2,2,1,0,1,0,0,3,2,0,2,2,1,3,0,1,2,3,33
3662,0,3,2,1,0,0,0,0,0,3,1,0,3,1,3,3,1,0,1,2,0,24
3663,2,0,2,2,1,0,1,0,0,2,2,3,2,3,2,0,2,0,1,1,1,27
3664,2,3,0,3,0,0,3,1,1,2,0,2,1,0,0,3,2,2,1,0,0,26
3665,3,3,3,2,2,1,1,2,1,2,2,1,0,0,2,3,0,2,3,3,1,37
3666,0,0,1,2,2,2,1,0,3,0,1,2,3,2,3,0,2,1,3,3,2,33
3667,0,1,2,1,2,3,3,2,1,1,2,0,1,1,3,3,1,1,2,3,1,34
3668,3,3,1,0,3,2,2,2,3,3,0,0,3,0,2,0,3,0,2,3,3,38
3669,3,3,2,1,2,0,3,0,1,1,0,2,0,2,0,3,0,2,3,3,1,32
3670,3,2,3,2,0,3,0,3,0,0,3,3,0,3,1,1,1,3,1,2,0,34
3671,0,0,3,1,2,1,0,3,1,1,3,2,0,2,2,2,0,3,3,2,3,34
3672,2,3,2,2,0,0,2,3,1,0,1,0,0,2,1,1,3,3,0,0,2,28
3673,3,3,0,0,0,2,1,3,0,1,0,0,2,2,3,1,3,0,3,2,2,31
3674,0,2,1,2,0,0,0,2,3,0,2,1,3,3,2,3,0,3,0,3,3,33
3675,3,1,3,2,2,1,0,0,1,0,0,3,1,3,2,3,3,1,0,1,2,32
3676,2,0,0,0,0,3,3,2,3,0,2,3,0,3,3,1,1,3,2,3,3,37
3677,0,0,0,1,0,2,0,2,0,1,0,3,0,0,3,1,1,2,1,1,3,21
3678,0,0,0,1,1,0,1,1,3,2,2,2,2,1,2,0,0,3,1,3,2,27
3679,0,1,0,0,3,1,0,2,0,3,2,1,3,0,0,0,2,1,0,2,3,24
3680,1,2,3,2,3,3,0,2,0,1,0,1,1,2,1,2,2,3,1,3,0,33
3681,0,2,1,0,0,0,1,0,2,2,0,0,3,1,3,1,0,3,1,3,1,24
3682,0,0,1,1,1,0,3,0,1,1,1,2,1,2,0,3,3,0,1,0,2,23
3683,2,3,2,0,2,0,1,2,2,0,0,0,1,1,3,1,3,1,1,3,0,28
3684,2,3,0,2,0,1,1,3,0,3,2,0,1,3,0,3,2,3,3,2,3,37
3685,1,3,0,0,1,1,3,0,2,1,0,2,1,3,0,1,2,0,0,0,2,23
3686,3,2,2,1,0,3,1,3,2,0,1,3,0,0,2,2,2,1,0,0,2,30
3687,0,3,3,0,1,3,0,2,3,1,2,3,1,2,1,3,3,2,0,0,0,33
3688,2,1,0,0,2,0,0,1,1,3,2,0,3,2,2,2,0,3,2,1,2,29
3689,2,0,1,0,3,2,2,0,3,1,2,3,3,2,0,1,0,3,0,3,2,33
3690,0,1,1,2,1,3,1,0,1,2,3,3,3,3,3,1,0,2,0,3,3,36
3691,2,0,3,3,0,3,2,2,3,3,2,2,1,0,1,2,0,0,1,1,3,34
3692,3,2,3,2,2,0,2,2,2,0,1,1,2,3,0,2,0,3,3,2,1,36
3693,2,0,3,0,2,2,2,3,3,0,1,0,0,3,0,2,0,1,3,0,0,27
3694,2,3,0,2,2,2,2,0,2,1,1,3,0,2,1,1,2,1,0,2,3,32
3695,3,0,0,2,2,0,3,2,3,2,3,2,0,0,0,1,3,0,1,3,2,32
3696,0,2,0,0,3,0,1,3,2,2,0,1,1,1,0,3,2,2,0,3,0,26
3697,0,0,1,0,2,0,0,1,1,3,2,2,0,3,2,3,0,0,0,0,0,20
3698,1,3,2,2,3,1,3,1,1,0,2,3,1,2,0,1,1,2,3,3,3,38
3699,0,2,3,2,1,2,3,0,0,0,1,3,1,2,0,0,0,3,0,0,0,23
3700,0,2,2,3,3,0,3,0,2,2,1,0,2,0,2,2,3,2,0,0,2,31
3701,0,2,0,2,1,1,3,1,0,3,1,0,0,1,3,2,3,2,3,2,2,32
3702,2,1,0,1,0,3,3,3,0,2,1,1,3,0,3,3,2,1,3,3,1,36
3703,2,0,2,2,3,1,1,0,3,2,1,1,2,0,0,0,2,0,2,0,3,27
3704,0,3,0,3,1,2,2,2,3,1,0,0,1,3,3,1,0,3,1,3,3,35
3705,0,0,0,1,0,3,1,2,0,1,1,0,3,0,1,2,1,2,2,0,2,22
3706,2,1,3,1,2,1,1,0,1,3,3,1,1,2,3,3,2,1,1,2,3,37
3707,0,3,1,3,3,1,2,3,0,2,0,1,2,0,2,3,1,2,2,1,2,34
3708,1,0,3,3,3,2,1,2,0,2,2,1,2,1,2,3,0,0,1,1,2,32
3709,3,3,1,3,3,3,2,1,2,2,1,1,3,2,1,1,1,0,0,2,0,35
3710,0,1,1,2,0,0,3,2,2,2,1,2,0,0,1,2,2,1,3,2,0,27
3711,1,2,3,0,0,3,1,0,3,3,0,3,1,2,1,3,1,3,0,2,3,35
3712,0,3,0,1,1,2,3,1,2,2,3,0,2,1,0,0,1,1,0,0,0,23
3713,2,3,1,0,0,2,2,0,3,3,2,0,1,1,2,0,2,3,1,0,3,31
3714,2,0,2,0,0,0,1,1,1,3,3,2,0,2,0,1,1,0,0,1,2,22
3715,2,3,3,3,2,1,1,0,1,0,2,1,3,0,3,0,1,0,2,0,2,30
3716,1,0,2,1,2,1,2,2,2,3,0,0,0,2,0,3,2,2,1,1,3,30
3717,1,2,0,3,3,1,3,1,2,1,0,2,0,2,1,3,2,2,3,2,2,36
3718,2,2,3,0,0,0,3,1,0,0,3,3,1,0,2,3,2,0,2,2,2,31
3719,3,1,2,0,2,2,3,2,1,3,0,0,0,1,3,0,1,2,3,0,0,29
3720,0,3,1,0,2,3,0,1,3,2,1,2,3,1,3,0,2,2,2,0,2,33
3721,0,3,0,3,1,1,3,2,1,2,3,2,3,2,2,2,3,1,3,1,0,38
3722,2,0,0,2,3,1,1,2,2,3,3,3,2,0,0,3,1,0,1,3,3,35
3723,3,1,1,1,2,1,1,0,3,3,0,1,0,1,3,2,1,1,2,0,1,28
3724,0,1,2,2,2,0,1,3,1,0,2,0,2,0,1,3,0,0,2,3,0,25
3725,1,0,3,0,1,1,2,2,3,2,2,3,0,0,3,3,3,0,0,2,2,33
3726,3,0,1,0,0,1,2,1,0,1,1,1,0,2,2,1,3,2,3,0,2,26
3727,2,1,1,2,2,3,3,0,3,3,3,3,0,3,2,3,3,3,3,2,0,45
3728,2,3,1,3,1,1,1,3,0,3,2,2,2,2,2,3,0,3,3,0,0,37
3729,0,2,2,2,1,0,0,1,3,3,1,0,2,3,2,0,3,2,1,2,3,33
3730,1,3,2,1,0,3,3,3,1,3,2,1,0,1,0,3,0,2,0,2,3,34
3731,3,3,0,0,2,1,1,2,1,0,2,3,2,2,1,1,3,1,2,3,1,34
3732,0,3,2,2,2,1,0,0,2,2,1,0,0,3,2,1,2,3,0,0,2,28
3733,0,0,0,0,3,1,2,2,3,3,0,3,2,0,3,3,1,2,1,2,2,33
3734,3,1,0,3,1,1,0,1,1,2,2,2,2,2,1,1,3,0,3,1,0,30
3735,1,0,2,1,1,3,0,3,2,1,1,0,3,1,0,3,0,0,2,2,1,27
3736,0,2,0,2,2,1,3,0,1,3,1,2,2,0,3,0,1,3,3,3,1,33
3737,2,0,1,0,0,0,1,3,2,0,2,2,1,0,2,2,2,3,2,3,2,30
3738,2,2,3,3,3,3,3,3,2,2,3,1,2,2,1,0,1,3,0,3,0,42
3739,1,0,0,0,3,2,1,2,1,3,2,0,1,0,1,1,2,1,1,3,2,27
3740,3,2,2,1,3,0,2,3,3,1,3,1,2,2,1,1,0,2,0,0,2,34
3741,3,1,1,0,2,0,2,0,1,2,3,0,0,1,0,1,0,2,2,0,1,22
3742,0,3,1,1,3,1,0,2,2,1,3,0,2,1,2,1,2,2,2,2,1,32
3743,0,3,3,3,2,1,1,2,3,3,2,1,1,0,1,2,0,0,3,2,2,35
3744,1,2,0,2,0,2,2,1,1,0,0,3,3,1,0,3,3,1,2,1,1,29
3745,3,2,3,2,3,2,0,1,2,3,3,1,1,1,0,0,0,2,1,0,0,30
3746,1,2,1,2,0,1,1,1,0,2,1,0,2,3,1,3,1,1,2,3,1,29
3747,3,0,2,1,2,1,2,3,1,2,0,0,2,2,1,0,0,1,0,2,3,28
3748,0,1,1,3,0,3,1,0,2,2,2,2,0,1,2,0,1,1,3,0,2,27
3749,0,0,1,1,1,2,2,0,0,1,2,2,0,1,3,0,3,0,3,0,3,25
3750,1,0,0,1,2,1,0,0,2,2,2,0,1,2,1,1,3,2,3,3,2,29
3751,2,1,3,1,1,0,1,2,1,3,3,3,3,3,1,3,2,3,3,0,3,42
3752,3,1,1,1,2,0,2,1,1,2,2,2,0,1,3,0,3,0,1,1,3,30
3753,0,3,0,0,3,3,0,3,1,1,3,2,1,0,1,3,1,2,2,2,2,33
3754,3,0,1,0,2,3,3,0,2,0,3,3,1,3,1,3,3,2,2,1,1,37
3755,3,2,2,2,0,3,2,2,2,2,3,1,3,0,2,1,2,3,2,3,1,41
3756,3,3,0,1,3,0,1,1,3,0,2,1,0,2,3,1,2,0,2,3,1,32
3757,0,3,0,2,2,1,3,0,3,1,1,1,1,0,0,3,2,1,1,3,0,28
3758,0,1,2,1,2,2,3,3,0,3,1,3,1,1,2,3,1,1,1,3,3,37
3759,3,2,1,2,2,1,3,0,1,1,1,0,1,0,3,3,1,2,1,2,0,30
3760,1,1,1,1,3,2,2,3,0,1,2,0,0,1,3,0,1,2,1,2,3,30
3761,0,0,2,0,3,3,1,0,3,2,2,2,3,3,2,1,1,2,1,3,0,34
3762,2,3,3,0,0,0,3,3,2,2,0,2,1,3,2,3,0,2,1,2,0,34
3763,3,1,2,0,0,3,1,3,0,3,2,0,1,0,0,2,0,2,1,0,2,26
3764,1,2,3,1,2,3,2,0,3,3,2,3,1,2,1,3,1,0,3,0,3,39
3765,2,1,1,1,2,2,1,2,2,2,2,1,1,3,0,0,0,3,1,0,1,28
3766,1,2,1,3,3,1,1,3,2,0,2,2,2,2,2,2,1,2,3,1,1,37
3767,1,0,3,3,0,2,2,0,2,1,0,0,3,3,3,3,3,2,0,0,2,33
3768,3,3,0,2,2,0,2,1,2,0,2,3,0,2,1,2,1,1,3,3,0,33
3769,2,3,2,2,1,2,1,3,0,1,1,2,2,0,0,0,3,2,0,0,1,28
3770,3,2,0,2,3,0,2,2,2,0,1,3,2,2,2,0,1,2,0,1,3,33
3771,0,1,3,3,2,3,1,3,0,3,1,3,1,3,2,2,0,3,3,2,1,40
3772,0,1,0,2,1,3,1,0,2,3,3,3,1,3,0,2,2,0,2,1,1,31
3773,1,2,1,3,0,1,3,3,0,1,2,2,3,0,0,0,1,2,3,1,2,31
3774,0,2,3,1,0,3,3,1,0,3,0,3,3,1,3,1,2,2,0,3,2,36
3775,0,2,2,2,1,0,3,1,3,1,3,1,2,2,2,1,3,3,1,0,2,35
3776,2,2,3,0,2,0,2,3,3,3,0,1,3,0,2,0,2,2,1,2,1,34
3777,0,1,1,0,1,1,3,2,1,2,2,0,3,3,2,0,2,0,3,1,1,29
3778,3,1,1,0,3,0,0,2,1,3,3,3,2,2,1,0,1,3,3,0,0,32
3779,1,0,3,1,1,2,0,1,2,3,2,2,2,1,0,3,2,3,3,0,3,35
3780,2,2,2,1,3,0,3,1,3,2,0,3,0,1,2,2,3,3,1,3,3,40
3781,2,0,3,0,3,2,0,1,3,1,3,2,1,3,3,2,1,0,1,0,1,32
3782,1,2,3,3,1,3,3,3,0,1,0,1,1,1,0,0,2,0,2,3,1,31
3783,0,0,3,2,1,2,0,0,2,0,1,3,3,2,2,2,3,1,0,3,2,32
3784,0,2,0,2,2,0,0,0,0,3,3,2,2,3,1,3,1,2,3,1,0,30
3785,1,1,0,0,2,3,2,1,3,0,3,1,0,3,2,2,1,1,3,0,0,29
3786,1,0,0,3,1,0,1,0,3,0,0,1,1,1,3,3,0,0,1,0,3,22
3787,3,0,1,1,1,0,2,3,0,0,2,3,2,2,0,1,0,1,1,1,3,27
3788,3,3,0,1,1,3,0,3,0,3,0,3,0,3,0,2,0,3,3,1,0,32
3789,2,3,3,2,2,2,2,0,2,2,3,0,1,0,3,3,1,2,1,0,1,35
3790,3,1,3,1,0,0,3,0,1,3,3,0,2,2,0,0,0,2,0,3,3,30
3791,0,3,3,3,2,0,3,1,2,3,0,1,0,0,3,0,2,0,1,0,2,29
3792,3,0,0,3,1,3,2,3,2,3,1,3,3,0,0,1,3,3,0,2,1,37
3793,2,3,2,2,0,2,1,1,1,0,1,3,1,1,3,0,3,0,0,3,2,31
3794,3,2,3,2,2,2,0,2,1,2,2,3,2,3,0,0,0,1,2,3,1,36
3795,2,3,2,0,2,3,0,3,0,0,3,2,3,1,2,0,3,1,3,1,2,36
3796,1,2,3,0,2,1,3,2,0,0,1,2,2,3,0,0,3,1,0,0,1,27
3797,0,3,1,1,3,3,1,2,2,1,3,0,0,3,1,0,3,0,3,1,1,32
3798,0,2,0,0,3,1,2,1,3,0,1,3,2,2,1,3,2,1,2,3,2,34
3799,2,1,0,2,2,3,1,0,1,2,0,2,3,1,2,2,2,2,1,1,2,32
3800,0,3,3,0,1,2,0,2,1,1,3,1,1,1,2,1,1,3,0,0,3,29
3801,3,2,3,3,3,1,0,2,1,0,2,3,2,2,3,2,3,1,3,1,3,43
3802,2,1,3,1,0,0,0,1,2,3,1,1,2,1,2,3,3,3,3,1,0,33
3803,2,0,2,3,0,2,3,2,3,2,1,1,3,0,1,3,3,3,2,2,0,38
3804,2,3,2,0,2,1,3,2,3,0,3,2,1,0,3,1,3,2,2,2,0,37
3805,0,0,2,3,2,2,1,2,0,2,2,3,3,0,0,2,2,1,3,1,0,31
3806,0,0,2,1,0,0,0,0,2,1,1,3,1,3,1,3,3,0,1,3,0,25
3807,1,3,2,2,0,3,1,3,1,3,2,3,0,3,1,1,1,1,2,0,1,34
3808,3,3,3,2,1,1,2,3,3,1,3,0,0,0,1,2,0,3,2,3,1,37
3809,0,1,1,0,1,3,2,0,3,2,2,1,0,2,1,2,3,1,2,0,0,27
3810,1,3,0,3,1,3,0,2,0,2,0,1,0,3,0,1,1,0,3,2,2,28
3811,0,1,2,0,2,2,0,0,3,1,1,2,0,1,0,1,3,1,3,1,1,25
3812,3,2,1,3,1,1,3,2,0,3,3,1,2,2,1,3,3,0,3,0,0,37
3813,1,2,1,2,0,0,1,2,3,2,0,2,3,3,2,1,0,2,3,0,3,33
3814,1,1,1,3,1,1,3,2,0,1,0,0,1,1,3,3,3,3,1,3,0,32
3815,0,1,2,2,3,3,3,0,3,1,2,0,1,3,3,1,3,1,0,1,2,35
3816,3,2,0,0,3,2,0,2,3,2,2,3,2,2,0,1,1,3,1,0,2,34
3817,1,0,0,1,3,2,1,0,0,2,1,0,1,3,0,1,0,0,2,2,3,23
3818,3,1,3,0,0,3,1,3,0,0,1,1,0,1,1,2,3,3,0,2,3,31
3819,3,0,3,1,0,1,3,3,0,0,1,3,0,1,2,2,2,2,3,3,0,33
3820,3,1,0,0,1,1,2,0,0,3,0,1,0,0,1,2,0,1,3,1,3,23
3821,2,2,2,1,1,3,1,1,0,2,3,3,0,1,1,2,2,2,2,3,3,37
3822,2,1,1,3,1,0,1,0,2,2,2,0,1,0,1,0,2,3,2,2,3,29
3823,2,0,0,3,2,2,0,0,1,1,0,0,2,1,2,3,1,1,1,0,2,24
3824,2,1,0,2,2,3,0,3,0,2,1,2,1,0,1,1,0,0,2,3,3,29
3825,3,3,3,1,0,0,0,2,3,3,1,1,1,0,1,1,1,2,2,2,2,32
3826,0,2,1,0,0,1,0,3,3,3,0,3,3,0,0,2,1,3,3,3,3,34
3827,2,0,3,1,2,1,2,0,2,3,1,1,0,0,0,0,2,2,1,0,1,24
3828,3,2,2,3,0,3,1,2,3,0,0,0,2,2,3,2,2,3,0,2,3,38
3829,1,2,1,2,1,2,0,0,0,3,2,3,0,3,0,3,1,0,1,1,1,27
3830,0,0,3,0,3,2,1,3,3,0,1,2,1,3,2,3,0,0,1,2,3,33
3831,0,3,1,0,1,1,1,3,2,1,1,2,0,2,0,1,2,3,1,2,3,30
3832,3,3,2,0,2,0,2,1,1,3,0,3,2,1,1,2,2,2,1,1,3,35
3833,1,0,2,2,2,0,2,1,2,1,0,2,0,1,0,2,2,1,0,0,0,21
3834,2,1,3,0,1,3,0,1,3,0,3,0,0,2,0,1,2,0,0,2,0,24
3835,2,0,0,3,2,1,1,1,3,1,0,1,3,2,1,1,2,2,1,0,0,27
3836,2,1,3,0,1,1,2,1,3,2,1,2,3,0,3,1,1,2,3,2,1,35
3837,3,1,2,2,3,1,3,0,3,3,2,0,1,1,2,0,2,3,3,3,2,40
3838,2,3,1,1,3,1,0,0,1,3,0,1,3,0,2,1,3,3,3,0,2,33
3839,2,0,0,2,2,1,2,3,3,1,2,1,3,3,2,0,0,1,0,0,0,28
3840,2,3,0,0,0,1,0,2,1,0,2,0,1,2,3,2,1,3,1,3,3,30
3841,3,1,1,3,2,3,0,0,0,3,2,2,1,3,2,1,2,1,2,2,0,34
3842,2,0,2,0,3,1,3,1,0,1,3,3,0,3,3,1,1,2,2,1,0,32
3843,1,2,1,0,2,2,1,0,3,3,3,3,2,1,2,3,3,0,0,3,0,35
3844,0,2,0,2,1,3,2,2,0,1,0,1,0,3,3,1,1,2,1,1,2,28
3845,2,3,2,0,0,3,0,0,1,0,1,0,1,1,1,2,0,3,1,3,3,27
3846,2,3,0,3,1,2,2,0,3,0,0,1,3,2,1,2,3,1,3,1,1,34
3847,1,1,1,3,0,3,1,3,1,3,1,1,0,2,0,3,2,0,0,2,1,29
3848,0,3,0,1,3,0,1,3,2,0,3,0,0,2,2,2,0,2,3,2,3,32
3849,1,0,0,2,1,3,1,3,2,2,1,1,1,2,3,0,0,0,1,3,1,28
3850,1,2,2,3,3,3,1,3,1,1,3,3,0,2,3,2,2,0,1,2,2,40
3851,1,1,0,1,2,2,0,0,2,0,1,2,0,3,2,1,1,1,1,1,1,23
3852,0,1,1,3,2,3,1,0,3,0,1,3,1,1,3,2,1,0,0,1,0,27
3853,2,1,0,2,1,0,3,0,2,0,2,1,0,2,0,0,1,3,3,3,2,28
3854,0,2,1,1,0,0,1,3,2,3,3,0,2,3,2,3,0,3,1,0,0,30
3855,2,2,3,3,2,1,1,1,0,0,2,1,1,1,2,3,1,0,1,3,1,31
3856,2,3,2,3,2,2,2,1,1,3,0,1,3,0,2,2,1,3,1,0,2,36
3857,3,0,3,1,3,0,3,0,0,3,3,0,0,3,3,1,2,0,3,0,3,34
3858,0,1,2,2,0,0,1,3,1,2,1,3,2,2,0,3,2,3,1,0,2,31
3859,1,2,3,2,3,1,2,2,3,0,2,0,1,1,2,0,2,0,2,1,1,31
3860,3,1,0,0,0,2,0,3,0,2,3,0,3,2,1,1,2,3,1,0,3,30
3861,3,1,2,1,0,3,1,2,0,1,3,0,1,3,1,1,3,0,1,2,2,31
3862,3,0,1,0,0,0,1,1,1,0,0,2,3,1,1,0,0,1,0,1,3,19
3863,2,0,1,0,0,2,1,3,1,3,0,1,2,1,1,2,1,1,3,3,0,28
3864,3,2,3,3,2,0,2,3,0,2,0,3,0,0,2,2,2,1,3,1,3,37
3865,1,0,0,0,1,1,3,1,3,2,2,2,2,3,3,0,2,1,1,0,2,30
3866,0,1,1,0,2,2,0,2,0,2,0,1,3,2,0,2,2,0,3,1,2,26
3867,2,1,1,2,2,0,0,1,2,3,3,1,2,2,3,0,2,0,2,1,1,31
3868,0,1,1,2,0,3,0,3,3,2,3,2,0,3,0,1,1,3,3,2,3,36
3869,2,1,2,1,3,1,1,3,0,0,2,2,1,0,2,3,2,1,0,2,2,31
3870,1,0,0,0,0,3,0,1,3,3,2,1,0,1,2,0,2,1,2,1,2,25
3871,1,3,1,2,0,2,2,3,3,1,3,2,0,0,3,2,2,2,1,0,0,33
3872,1,1,2,0,1,0,0,0,3,1,0,3,0,0,1,1,3,1,0,1,0,19
3873,0,1,3,0,2,0,0,2,3,0,1,1,1,3,0,3,2,0,2,2,0,26
3874,2,3,0,0,0,3,1,3,1,0,0,1,1,0,0,1,2,0,1,0,2,21
3875,3,1,0,0,2,1,3,3,3,3,2,0,0,1,1,3,2,1,3,2,0,34
3876,2,1,1,0,1,0,2,3,3,1,1,2,1,2,3,3,1,3,2,2,3,37
3877,3,3,3,1,1,3,0,0,1,2,2,1,2,3,3,1,0,1,0,3,1,34
3878,0,1,1,1,1,2,0,1,1,0,1,2,0,2,1,3,3,2,0,1,2,25
3879,1,0,2,1,0,3,3,0,2,1,0,2,1,3,0,2,2,2,2,2,3,32
3880,2,1,3,1,0,0,2,1,1,3,3,3,1,3,3,3,0,2,3,1,1,37
3881,2,3,0,0,1,1,0,2,3,0,2,0,0,0,2,2,3,1,3,1,1,27
3882,0,3,2,2,0,2,0,2,1,0,0,1,0,3,2,3,0,3,3,2,0,29
3883,1,0,3,0,1,2,1,0,3,3,3,0,2,2,1,1,3,0,1,3,2,32
3884,1,3,1,3,0,0,3,1,2,3,2,0,2,2,1,3,1,0,1,1,3,33
3885,3,3,2,3,0,3,1,1,0,1,1,3,0,3,2,0,1,3,3,0,0,33
3886,2,2,2,3,3,0,1,2,0,3,0,3,0,2,2,1,3,0,0,0,2,31
3887,3,2,0,0,1,1,1,3,1,0,2,3,2,0,0,0,1,2,2,1,2,27
3888,0,1,2,1,2,3,2,1,1,2,0,1,0,1,1,1,2,0,1,0,1,23
3889,0,2,3,2,1,3,2,0,3,1,1,1,3,1,2,1,1,0,3,1,2,33
3890,3,1,2,0,1,2,0,2,3,1,2,0,2,0,2,0,0,2,0,3,2,28
3891,2,3,1,1,1,2,3,3,2,1,3,2,0,1,3,3,0,2,3,0,2,38
3892,1,2,0,0,2,3,1,1,2,1,0,1,3,3,0,1,0,1,3,2,2,29
3893,2,1,0,1,0,2,1,3,0,2,3,3,3,0,3,0,3,3,2,1,3,36
3894,0,2,0,1,0,3,0,1,3,0,2,3,0,2,1,1,3,1,1,2,2,28
3895,3,2,0,1,2,2,0,1,1,1,0,0,1,3,3,0,1,1,2,1,0,25
3896,3,2,1,1,0,3,3,1,3,2,1,0,0,0,3,0,1,2,1,2,1,30
3897,1,2,3,2,3,0,3,1,0,3,2,0,3,1,0,2,3,3,0,1,1,34
3898,3,1,2,0,0,3,0,0,0,1,1,2,1,3,3,1,0,0,1,0,0,22
3899,1,2,1,3,1,1,2,0,2,1,0,0,3,2,0,3,1,0,3,2,1,29
3900,0,1,3,0,0,2,1,2,0,3,1,1,1,0,1,3,1,0,0,3,0,23
3901,3,3,0,2,0,2,3,3,0,1,2,0,0,0,3,0,2,2,1,1,0,28
3902,1,1,3,0,2,0,2,1,3,1,0,0,0,2,0,2,2,1,2,3,1,27
3903,3,0,3,1,1,2,3,1,3,0,2,0,2,1,3,0,3,3,1,3,2,37
3904,0,3,2,3,1,1,1,1,1,3,3,0,0,1,2,0,0,2,0,3,1,28
3905,3,0,1,0,0,0,1,0,2,1,1,2,3,1,3,1,2,3,2,2,2,30
3906,3,0,0,1,3,0,2,2,0,0,1,0,1,2,1,1,1,2,3,2,3,28
3907,1,2,2,0,3,0,2,0,1,1,0,1,3,2,3,2,2,3,3,0,1,32
3908,3,1,1,3,2,1,0,0,2,3,0,3,0,0,2,1,2,1,0,2,1,28
3909,2,3,0,1,2,1,0,0,1,2,1,3,0,3,0,2,1,2,3,0,0,27
3910,2,2,2,0,1,2,2,1,2,0,2,3,1,1,0,2,0,2,2,0,3,30
3911,2,3,0,3,2,0,0,0,2,2,0,0,3,1,2,1,2,3,1,1,2,30
3912,2,0,2,2,0,0,3,2,0,0,0,2,0,2,0,3,2,3,0,1,3,27
3913,2,1,3,1,1,1,0,1,0,1,0,0,2,3,0,2,2,0,1,0,1,22
3914,2,1,2,3,2,1,3,3,3,0,0,3,1,1,3,1,2,1,0,2,0,34
3915,1,1,0,1,3,3,3,0,3,2,3,0,1,1,0,0,3,3,2,2,1,33
3916,0,2,2,0,3,1,0,0,0,1,1,3,1,1,3,2,1,2,0,2,1,26
3917,3,1,2,0,0,3,0,3,1,0,3,1,0,2,2,3,3,1,2,2,0,32
3918,3,3,1,1,2,3,0,1,3,2,0,1,1,0,2,0,3,1,0,0,0,27
3919,3,2,0,2,2,3,3,2,2,0,1,0,3,0,1,2,1,1,2,0,2,32
3920,0,1,3,2,1,2,2,1,2,2,0,1,1,3,3,1,2,0,2,2,3,34
3921,1,1,2,2,3,0,1,1,0,2,2,3,1,2,1,2,3,3,3,1,3,37
3922,1,3,3,1,1,0,3,3,3,0,2,1,3,0,0,1,2,2,2,0,1,32
3923,3,2,0,0,1,2,1,3,0,3,2,0,3,0,2,1,2,0,1,2,0,28
3924,2,3,0,3,2,0,3,2,3,3,2,3,1,2,3,3,2,0,2,1,0,40
3925,2,3,2,3,0,1,1,0,2,1,0,2,2,0,0,0,0,0,1,1,0,21
3926,2,0,2,3,0,2,1,2,1,2,2,3,2,2,2,2,1,3,3,3,0,38
3927,0,3,3,3,3,3,1,1,0,0,1,3,3,0,0,0,3,3,2,3,2,37
3928,0,2,0,3,3,0,1,1,3,2,2,2,0,2,3,0,3,3,1,1,0,32
3929,0,1,0,1,2,3,0,2,3,3,3,2,1,2,3,2,0,2,2,2,2,36
3930,3,3,3,3,0,1,3,0,1,2,1,2,1,1,3,2,1,2,3,0,3,38
3931,3,0,1,2,2,2,2,1,2,2,2,2,2,3,1,3,0,2,3,0,3,38
3932,0,1,3,3,2,2,1,1,1,1,1,3,1,1,1,0,3,0,3,0,0,28
3933,1,1,1,3,2,3,3,3,0,1,3,0,1,3,3,0,2,1,3,1,1,36
3934,2,0,1,2,3,1,1,1,3,3,3,3,3,1,0,3,0,1,1,1,1,34
3935,1,2,1,1,1,1,3,0,2,3,0,2,3,2,1,2,0,0,1,0,0,26
3936,1,3,0,3,3,2,3,2,0,3,2,0,2,1,0,0,3,1,1,0,3,33
3937,2,3,2,3,1,3,0,2,0,0,3,0,2,2,3,3,2,1,0,2,2,36
3938,2,3,1,1,3,0,2,0,0,2,3,1,2,0,3,1,0,1,3,1,2,31
3939,3,2,3,3,2,3,0,2,0,3,0,1,3,1,3,1,0,2,1,0,3,36
3940,2,0,0,2,1,3,2,2,0,3,0,2,0,2,3,3,1,3,1,1,0,31
3941,0,0,3,2,1,2,0,0,2,3,0,2,0,2,2,3,2,0,1,2,1,28
3942,1,0,0,0,0,3,0,0,0,0,2,1,2,0,1,3,2,3,2,3,3,26
3943,3,0,1,0,0,0,1,1,3,0,2,0,3,0,3,1,3,2,0,1,1,25
3944,3,1,1,0,2,1,3,3,0,0,1,3,1,0,1,3,1,0,1,0,1,26
3945,2,0,2,3,3,2,1,0,0,0,2,3,3,3,3,2,3,2,3,3,0,40
3946,2,2,1,1,2,3,2,1,0,0,2,0,2,2,0,1,1,3,0,3,3,31
3947,1,2,3,3,0,3,1,2,2,2,1,1,0,2,1,2,3,3,1,1,2,36
3948,1,0,2,0,1,1,3,0,3,0,0,2,3,1,0,1,0,0,0,3,0,21
3949,2,0,1,1,0,1,1,2,0,3,0,2,0,1,1,0,2,3,0,3,3,26
3950,2,2,2,3,1,0,2,3,2,1,0,3,0,2,3,3,2,3,0,0,1,35
3951,2,1,0,0,1,2,3,0,2,2,3,1,0,3,2,2,2,2,2,3,0,33
3952,2,2,1,2,0,3,0,1,2,2,1,1,2,3,3,1,1,2,3,2,3,37
3953,0,1,1,3,3,0,0,0,2,3,0,3,3,3,0,0,0,0,3,0,3,28
3954,3,3,3,1,3,0,1,1,1,0,2,2,3,1,3,3,1,0,3,1,3,38
3955,1,1,1,2,0,1,3,1,0,0,2,3,1,3,3,2,1,0,0,2,2,29
3956,0,3,2,1,0,2,0,0,3,1,2,3,1,0,2,0,1,2,0,2,2,27
3957,3,2,2,2,0,3,1,0,1,1,2,2,3,2,0,2,3,3,2,1,2,37
3958,0,1,1,0,2,0,2,2,0,3,2,1,3,3,3,1,1,0,0,2,2,29
3959,2,3,3,3,3,2,3,2,2,2,3,0,3,3,2,2,0,3,0,1,3,45
3960,2,2,2,3,2,0,2,3,3,3,3,1,3,1,3,1,2,2,3,1,3,45
3961,1,2,1,3,3,2,3,0,3,3,2,1,0,3,2,0,1,0,1,1,1,33
3962,3,1,3,3,0,3,3,0,0,3,1,2,1,2,0,1,1,2,3,2,3,37
3963,0,3,0,0,3,3,3,2,2,1,3,2,3,2,2,2,2,2,2,1,2,40
3964,3,1,3,2,0,0,0,0,2,3,0,0,0,1,0,1,1,2,0,0,1,20
3965,2,1,3,1,0,1,3,0,1,0,0,1,1,0,1,0,0,2,0,1,1,19
3966,1,1,2,3,2,0,0,1,0,0,2,3,2,0,2,1,0,1,0,0,3,24
3967,2,3,2,2,1,1,1,3,3,0,3,3,3,3,2,1,0,2,3,0,1,39
3968,0,3,3,1,3,3,1,3,0,1,3,2,3,0,0,2,1,1,2,2,1,35
3969,2,0,0,3,1,0,3,1,0,2,0,1,0,0,1,0,3,0,3,3,1,24
3970,0,2,3,0,3,0,1,0,1,2,0,3,3,3,2,0,1,0,0,2,2,28
3971,1,0,1,1,3,0,3,1,1,2,0,2,0,3,3,2,3,1,0,3,3,33
3972,0,0,0,3,2,1,1,0,1,2,0,1,3,1,0,3,1,3,0,1,1,24
3973,2,3,0,0,3,0,2,1,3,0,3,1,1,3,3,3,2,2,1,1,2,36
3974,0,3,3,2,0,2,1,1,3,1,2,0,3,3,2,0,3,1,0,1,2,33
3975,0,3,1,1,1,0,0,2,1,1,2,3,3,3,2,1,0,3,3,3,3,36
3976,1,3,3,2,0,3,2,2,2,3,2,0,1,3,1,2,1,1,0,0,1,33
3977,2,2,2,2,0,1,1,0,2,1,3,3,1,3,2,2,1,2,3,3,0,36
3978,3,0,2,3,0,2,0,3,0,0,1,2,2,3,1,2,2,0,2,2,1,31
3979,2,1,3,3,1,3,2,1,1,1,1,2,0,1,2,1,2,1,2,1,1,32
3980,2,3,3,1,1,0,3,0,0,3,0,2,3,0,0,3,3,2,2,1,2,34
3981,3,0,2,3,0,2,3,3,3,0,2,3,3,2,2,0,2,3,0,3,3,42
3982,0,2,1,2,2,3,1,0,3,1,2,2,0,2,0,0,3,1,3,0,3,31
3983,2,3,0,1,0,3,1,1,3,0,1,0,3,0,2,2,0,2,2,3,2,31
3984,1,1,2,2,3,1,0,1,1,2,2,1,0,1,3,1,0,1,3,0,1,27
3985,3,3,1,1,3,0,1,1,1,0,3,0,3,2,1,0,3,2,2,2,3,35
3986,1,2,3,0,1,0,0,3,0,2,1,1,3,2,0,1,2,3,0,0,3,28
3987,1,0,0,1,1,2,1,0,1,1,3,0,3,2,0,1,2,0,2,0,2,23
3988,3,0,0,2,3,3,0,0,0,2,3,1,3,0,2,0,1,1,2,2,3,31
3989,2,1,1,2,3,1,0,3,3,2,0,1,1,0,0,1,2,1,0,3,1,28
3990,1,1,0,3,3,0,0,2,1,0,3,2,0,1,2,1,1,3,1,1,2,28
3991,3,1,1,2,1,3,3,2,0,1,0,0,3,1,2,1,3,3,1,3,0,34
3992,2,3,3,3,3,1,0,3,0,0,1,1,3,2,2,2,1,3,2,3,0,38
3993,3,1,1,3,0,0,0,3,2,1,3,2,3,0,0,0,2,1,2,1,0,28
3994,0,2,1,1,1,1,1,1,0,0,0,1,2,2,0,1,2,1,1,1,2,21
3995,3,1,3,3,2,3,2,3,2,2,2,0,0,0,2,0,1,3,1,1,0,34
3996,0,1,3,2,1,3,3,3,0,0,3,1,2,1,3,2,3,2,2,1,3,39
3997,3,3,2,0,0,3,3,1,2,3,2,0,3,1,2,0,1,1,0,0,2,32
3998,0,0,2,0,1,1,1,2,3,2,3,3,3,3,3,1,3,2,2,2,1,38
3999,2,3,1,3,2,1,0,0,0,0,2,1,1,2,3,1,2,1,0,3,2,30
4000,1,2,0,2,1,2,0,1,2,3,3,1,1,0,3,1,2,0,1,0,2,28
4001,1,0,1,3,3,1,3,3,1,1,2,1,2,0,2,2,1,2,2,3,3,37
4002,0,0,1,0,0,1,0,2,3,0,1,3,1,3,0,0,1,0,1,2,3,22
4003,1,0,1,1,3,1,2,2,3,3,1,1,1,2,3,0,0,1,2,1,3,32
4004,3,0,3,2,0,2,2,0,1,0,0,3,2,1,3,2,0,2,2,3,0,31
4005,1,3,2,3,2,3,3,1,0,0,3,2,2,3,3,0,0,1,0,0,0,32
4006,3,3,1,2,0,0,2,2,3,1,3,3,1,1,2,2,2,1,2,2,3,39
4007,0,2,3,1,3,3,0,2,0,2,1,0,1,3,2,1,2,2,0,0,0,28
4008,2,3,0,2,2,0,2,2,3,2,1,1,2,3,3,2,2,3,1,1,1,38
4009,3,2,0,2,3,3,0,2,1,1,1,3,0,1,2,1,0,1,1,1,3,31
4010,2,0,1,2,0,2,1,0,1,2,1,2,1,1,1,1,1,3,2,1,2,27
4011,0,2,1,1,3,1,0,1,1,3,3,1,3,0,0,1,0,2,0,2,1,26
4012,3,2,2,1,0,0,0,0,2,1,1,0,0,2,2,2,2,3,1,0,2,26
4013,3,0,1,0,3,2,1,2,2,1,1,1,1,0,2,1,1,1,2,2,0,27
4014,2,3,3,2,3,0,2,1,0,1,1,0,2,0,3,0,1,0,3,1,3,31
4015,2,2,1,3,3,2,0,1,3,3,0,3,3,1,1,3,0,1,0,2,2,36
4016,0,0,1,1,2,3,3,2,3,1,1,3,2,1,3,3,1,3,2,2,1,38
4017,0,2,2,0,0,1,1,3,0,0,3,3,2,1,0,3,1,3,3,0,1,29
4018,3,0,2,3,0,0,1,0,1,1,0,2,2,1,1,1,3,3,3,3,1,31
4019,2,3,2,0,2,1,2,0,2,1,0,1,2,3,2,2,3,1,0,2,0,31
4020,0,1,0,0,0,2,1,1,1,1,3,2,1,0,2,3,2,0,2,2,2,26
4021,1,3,3,2,2,2,1,1,2,0,2,0,0,2,1,0,3,2,2,2,3,34
4022,2,2,1,1,3,1,1,1,0,1,1,0,3,3,0,2,2,2,2,0,0,28
4023,2,0,2,1,0,3,1,1,2,0,1,2,0,2,0,1,0,0,3,1,1,23
4024,1,2,2,0,3,3,1,0,1,0,2,3,3,3,0,2,1,1,1,1,3,33
4025,2,2,1,1,3,3,2,3,3,3,2,2,3,3,3,0,2,3,0,0,3,44
4026,2,3,0,0,0,0,1,0,3,2,2,3,0,0,1,2,1,2,1,0,2,25
4027,0,3,2,3,3,2,0,2,1,1,3,1,2,2,0,2,1,0,1,3,2,34
4028,1,2,2,0,2,1,0,3,0,3,2,2,2,2,0,2,3,3,3,3,3,39
4029,3,0,3,1,2,0,3,2,3,2,0,2,3,0,1,3,2,2,3,2,0,37
4030,0,3,1,2,0,3,1,0,2,3,3,3,2,0,0,0,0,0,0,1,0,24
4031,2,3,1,3,3,0,0,3,2,0,0,3,1,3,0,3,3,2,2,0,2,36
4032,0,3,1,0,2,3,0,3,2,2,1,1,0,3,0,3,1,3,3,1,3,35
4033,0,0,3,3,2,3,3,1,0,3,0,3,1,3,2,3,0,2,1,3,1,37
4034,0,2,2,1,0,1,2,1,2,1,1,0,1,2,0,1,2,1,1,2,1,24
4035,1,0,3,1,2,0,2,0,1,1,2,2,3,1,1,0,1,0,3,0,1,25
4036,2,2,0,0,0,3,1,2,1,0,2,0,0,3,0,0,3,0,2,0,3,24
4037,1,3,3,2,3,2,2,0,3,1,1,1,2,3,2,1,2,0,2,3,1,38
4038,3,3,0,0,2,3,0,3,3,1,1,0,1,2,2,2,0,0,2,2,3,33
4039,1,3,2,0,2,0,1,3,2,3,1,3,0,0,1,3,3,1,3,2,1,35
4040,1,0,2,2,0,3,1,0,1,1,1,0,3,0,0,1,0,0,1,2,0,19
4041,0,3,2,3,0,3,1,2,3,3,0,2,1,1,3,1,0,2,3,0,0,33
4042,3,1,1,2,3,2,2,3,3,1,2,0,3,2,3,1,2,3,3,2,0,42
4043,3,2,3,3,1,0,2,3,3,0,1,0,0,2,2,1,1,1,3,2,1,34
4044,2,0,0,3,0,3,1,1,1,3,1,3,1,0,0,2,2,1,0,0,0,24
4045,0,0,3,0,2,0,3,0,2,0,0,0,2,2,1,2,0,3,0,1,3,24
4046,1,0,3,2,3,3,3,2,0,2,3,2,0,1,0,0,1,2,1,0,2,31
4047,0,3,2,3,0,2,1,0,0,0,0,3,0,0,2,2,0,3,2,0,0,23
4048,0,1,2,1,1,1,1,0,1,2,3,2,0,0,0,1,0,0,0,3,3,22
4049,0,0,3,0,0,1,0,3,2,0,1,3,0,2,0,2,1,2,0,0,2,22
4050,0,3,2,1,1,3,2,1,0,2,1,1,3,3,0,1,0,2,1,0,2,29
4051,1,2,2,1,0,0,1,3,0,3,0,0,0,2,2,0,0,2,0,2,3,24
4052,1,1,2,2,3,2,3,2,0,0,1,3,2,1,2,3,1,0,2,0,3,34
4053,3,0,3,0,0,0,0,0,1,3,3,1,1,2,3,2,1,2,2,3,3,33
4054,2,2,0,2,0,2,1,1,0,0,3,2,2,0,1,3,0,1,2,1,2,27
4055,1,0,3,3,1,0,1,0,3,3,3,3,0,0,2,2,3,2,1,0,2,33
4056,3,0,0,0,1,2,3,3,1,1,1,3,2,0,1,1,3,2,0,2,0,29
4057,1,0,2,0,2,3,3,1,0,0,3,3,1,1,0,2,3,2,1,1,0,29
4058,2,3,1,1,1,2,1,3,3,3,0,2,3,0,2,0,1,2,3,3,2,38
4059,0,3,0,1,1,1,0,0,3,0,0,0,2,2,1,1,3,2,1,0,2,23
4060,3,1,3,2,3,3,1,1,1,0,1,3,1,1,0,1,2,2,0,0,2,31
4061,0,2,3,2,2,0,1,0,3,3,1,0,2,0,3,0,3,1,0,2,1,29
4062,0,0,2,0,3,1,3,2,3,3,0,0,3,2,0,0,1,1,2,1,0,27
4063,1,2,0,1,1,2,2,0,2,1,1,2,3,1,2,2,0,1,1,0,3,28
4064,2,2,1,1,0,3,0,1,0,2,0,3,1,3,0,0,1,2,3,2,0,27
4065,3,3,1,2,0,0,0,3,2,2,1,3,2,0,0,0,3,2,2,3,2,34
4066,1,1,2,0,3,0,2,2,0,1,1,2,0,1,3,1,3,0,3,1,1,28
4067,1,0,3,2,2,3,2,1,0,1,3,0,3,1,2,1,2,2,2,1,3,35
4068,2,1,1,2,0,0,2,1,3,1,2,1,2,0,0,1,3,0,1,3,0,26
4069,0,3,0,2,3,1,1,3,3,0,1,0,0,2,2,2,0,1,0,2,0,26
4070,1,2,2,1,3,0,3,2,1,3,0,2,0,3,3,0,0,2,3,0,2,33
4071,3,2,3,3,2,3,3,3,0,3,2,0,2,0,2,2,1,3,0,0,3,40
4072,2,2,0,2,3,0,1,3,3,3,0,1,3,2,2,1,3,0,3,0,2,36
4073,2,0,3,2,0,2,1,3,0,1,0,3,3,0,0,0,3,1,2,0,0,26
4074,0,0,0,2,0,0,2,3,3,2,2,2,2,3,1,0,3,0,2,1,1,29
4075,1,1,3,3,2,0,1,0,0,1,0,0,0,2,0,3,3,0,0,0,1,21
4076,2,0,2,2,2,3,1,0,3,1,2,0,0,3,0,0,2,0,3,1,1,28
4077,1,1,0,1,3,3,0,1,3,1,0,2,3,0,2,0,1,0,3,1,3,29
4078,0,1,2,2,3,3,1,3,0,3,1,0,2,2,3,2,2,0,2,0,3,35
4079,2,0,1,0,1,2,1,1,3,1,3,0,2,1,1,1,0,2,2,2,0,26
4080,3,3,0,2,3,0,0,2,0,0,3,2,1,1,2,2,0,3,2,2,1,32
4081,3,1,1,2,1,0,2,2,0,1,3,2,1,3,0,0,1,2,1,1,2,29
4082,0,3,0,2,3,1,2,0,2,2,0,1,3,3,0,2,2,2,0,2,1,31
4083,3,1,3,2,1,1,0,2,2,2,1,1,2,1,1,3,0,2,2,0,2,32
4084,0,3,1,2,3,0,3,0,3,1,0,2,2,2,0,3,0,0,2,3,3,33
4085,3,2,3,1,0,3,3,0,0,3,1,0,2,0,3,1,0,2,2,2,2,33
4086,0,1,0,2,3,2,1,0,0,1,2,3,3,1,1,1,1,1,2,1,2,28
4087,2,2,3,1,3,1,0,3,2,3,0,1,0,2,2,3,1,2,3,1,2,37
4088,1,3,3,0,2,3,0,3,2,3,2,2,3,1,0,1,3,2,1,1,3,39
4089,1,3,2,1,1,2,0,1,2,0,2,3,1,1,1,0,3,2,3,0,1,30
4090,0,1,1,1,3,0,0,2,1,1,2,0,0,3,1,3,1,1,0,3,0,24
4091,2,2,0,1,2,0,3,2,0,2,0,2,1,1,1,2,3,1,2,1,0,28
4092,3,0,2,1,0,1,2,2,1,1,2,0,3,2,1,0,1,2,0,2,1,27
4093,3,1,3,1,0,3,0,3,0,2,1,1,2,0,3,1,2,1,3,1,0,31
4094,0,0,0,1,0,2,2,0,3,1,1,2,0,3,1,2,2,3,2,0,1,26
4095,0,0,0,3,3,3,1,0,0,1,1,2,3,2,0,1,2,0,1,3,2,28
4096,3,3,2,1,0,1,1,0,3,1,0,2,1,0,3,3,3,3,2,0,1,33
4097,2,0,0,1,2,2,3,1,2,2,2,0,1,1,2,2,3,1,0,1,1,29
4098,0,1,2,2,1,2,2,1,3,3,3,3,3,0,2,1,1,3,1,1,1,36
4099,2,3,1,2,0,2,2,1,3,2,3,2,3,0,3,3,2,3,2,3,0,42
4100,1,3,3,3,0,1,1,2,2,2,2,3,0,1,1,3,0,2,2,1,1,34
4101,2,3,1,2,3,0,3,3,0,1,3,1,0,0,3,1,2,0,1,1,3,33
4102,3,3,1,3,3,2,1,3,2,1,3,1,1,3,0,3,1,0,1,0,2,37
4103,0,0,3,1,2,0,1,1,0,1,0,0,3,3,0,3,3,1,1,3,3,29
4104,0,1,3,3,2,1,2,2,1,1,3,2,0,2,2,0,1,3,0,2,3,34
4105,2,0,0,3,1,2,3,2,0,0,0,3,0,3,1,1,0,1,3,2,1,28
4106,0,0,2,1,1,2,2,2,2,1,1,3,0,3,1,3,0,0,1,2,0,27
4107,3,1,2,3,0,2,2,3,0,2,2,2,1,2,2,1,0,0,0,2,0,30
4108,3,3,3,1,1,3,0,0,3,2,3,3,0,2,3,3,1,2,3,3,2,44
4109,2,3,0,1,3,1,3,3,3,0,1,3,3,1,2,2,0,1,1,0,0,33
4110,0,2,1,3,0,1,1,1,3,3,3,2,3,0,2,2,3,2,0,3,2,37
4111,0,0,1,2,1,0,2,1,3,1,0,1,0,3,1,3,3,3,1,2,2,30
4112,3,1,3,3,3,0,1,3,2,1,1,0,0,2,1,1,0,1,1,1,3,31
4113,3,0,1,1,2,0,1,2,0,2,3,1,0,1,2,3,1,2,1,0,0,26
4114,1,2,0,1,1,0,3,2,1,1,3,3,0,2,0,1,0,1,0,2,2,26
4115,3,3,0,3,1,1,3,2,3,3,0,1,1,1,2,1,0,2,0,2,0,32
4116,0,2,0,2,2,0,3,0,3,2,0,2,0,2,1,3,0,2,3,2,2,31
4117,3,1,0,0,2,3,0,1,1,0,2,1,0,0,3,1,2,0,1,0,3,24
4118,3,2,0,1,1,0,2,1,2,1,2,1,1,2,0,0,3,1,1,2,0,26
4119,2,0,1,1,0,3,2,2,0,1,3,3,2,0,2,3,2,2,0,1,1,31
4120,1,0,1,2,1,2,1,0,1,2,3,0,0,1,0,0,2,3,3,3,3,29
4121,3,3,2,2,2,3,2,2,0,0,1,1,1,1,3,1,0,0,0,1,2,30
4122,0,1,3,1,2,3,1,3,1,1,0,3,0,1,1,3,2,2,3,0,3,34
4123,0,1,1,2,3,0,1,1,3,3,1,1,0,1,2,1,2,1,3,3,3,33
4124,1,2,1,3,1,0,2,3,0,3,3,1,1,0,3,0,0,3,0,0,1,28
4125,2,0,3,1,2,2,3,3,3,0,1,1,1,0,0,1,0,3,0,0,3,29
4126,1,1,3,0,0,1,1,2,0,1,1,3,3,1,1,3,3,1,2,0,1,29
4127,0,3,2,3,2,0,2,2,1,3,0,0,1,0,0,1,0,3,3,0,1,27
4128,1,3,1,2,1,1,1,0,1,0,0,2,3,1,3,3,3,2,3,1,1,33
4129,3,2,1,2,3,2,3,0,2,0,3,0,1,1,3,0,2,3,3,2,1,37
4130,1,0,0,3,2,0,3,0,3,3,3,3,2,1,0,2,2,1,3,0,1,33
4131,2,0,3,1,0,0,0,2,1,1,3,2,3,1,1,3,3,2,0,1,1,30
4132,0,2,3,1,3,0,1,3,2,0,3,1,0,1,0,2,0,1,0,3,2,28
4133,1,2,0,2,2,0,1,0,0,3,0,1,1,0,2,1,0,3,3,2,3,27
4134,0,0,3,0,3,1,1,0,1,0,3,0,3,0,1,1,3,1,3,0,1,25
4135,3,2,0,3,0,0,1,2,0,0,2,3,2,3,3,1,1,1,3,0,1,31
4136,0,3,0,1,2,3,2,2,1,1,0,1,0,1,3,3,2,1,0,0,1,27
4137,0,0,0,0,2,2,2,1,1,3,0,2,3,3,2,0,3,2,2,2,2,32
4138,1,0,3,3,2,3,2,0,1,1,1,2,0,3,2,1,0,0,0,1,0,26
4139,3,3,3,2,0,0,0,2,2,1,0,3,3,2,3,1,2,1,3,2,2,38
4140,0,3,1,1,2,3,1,2,1,0,0,1,3,3,1,0,0,3,0,2,3,30
4141,0,0,0,0,0,0,1,3,1,3,3,2,0,0,3,0,1,1,3,1,3,25
4142,0,1,0,0,1,1,0,0,3,2,3,2,0,3,1,2,3,0,0,1,3,26
4143,3,3,1,3,2,1,0,3,3,1,2,1,3,3,1,0,3,3,0,3,1,40
4144,0,1,3,3,0,1,0,0,2,1,3,3,1,0,0,1,1,1,1,1,2,25
4145,0,2,2,3,0,1,3,3,2,1,3,3,2,3,2,2,0,2,1,1,2,38
4146,0,2,1,1,2,2,3,0,3,2,1,2,3,0,3,3,2,3,3,0,2,38
4147,3,0,0,0,2,0,1,0,0,3,3,0,2,1,2,1,1,2,0,1,2,24
4148,2,0,3,3,2,2,1,2,3,0,1,0,0,3,0,3,3,1,2,2,3,36
4149,3,0,3,1,0,0,3,0,2,2,1,0,2,3,1,3,1,3,3,1,3,35
4150,3,0,3,3,0,3,3,1,2,1,1,2,0,3,3,1,1,1,1,2,1,35
4151,0,2,0,3,3,2,2,0,2,1,3,3,1,3,0,0,0,1,1,1,0,28
4152,1,2,3,1,2,3,1,0,2,1,1,1,3,2,0,2,2,3,1,3,2,36
4153,1,2,2,1,0,3,1,2,3,1,1,2,2,1,1,3,3,1,2,1,3,36
4154,1,0,1,2,3,2,3,3,3,2,0,1,2,3,1,1,0,2,0,3,1,34
4155,2,0,1,1,0,0,3,0,0,2,1,1,3,0,0,0,3,1,3,1,0,22
4156,0,3,2,1,3,0,1,1,1,3,0,2,2,2,1,3,2,0,3,2,0,32
4157,2,1,3,3,2,1,0,1,1,1,0,2,3,2,1,1,2,1,0,2,3,32
4158,3,0,2,2,1,2,0,2,2,1,2,2,0,3,2,1,0,3,3,1,3,35
4159,0,3,2,0,1,3,3,1,3,2,3,3,3,0,1,1,1,2,2,1,2,37
4160,3,2,3,3,2,1,1,0,2,2,3,2,2,0,3,1,3,3,2,2,2,42
4161,0,3,3,1,1,3,3,2,1,0,2,1,2,2,1,1,1,2,0,1,0,30
4162,3,3,1,2,3,0,3,3,0,3,3,3,3,0,3,3,2,3,2,0,1,44
4163,0,1,0,3,0,2,0,3,3,1,1,1,1,3,2,1,2,3,2,3,3,35
4164,2,3,3,3,1,0,3,3,1,1,1,0,0,3,3,0,0,2,0,1,2,32
4165,3,2,2,2,1,1,1,3,0,2,2,3,1,0,1,0,1,1,2,3,3,34
4166,0,2,1,2,3,3,3,2,0,0,2,3,0,2,1,1,1,2,0,3,2,33
4167,2,2,1,3,3,0,2,2,0,2,1,0,2,3,2,3,3,3,3,0,3,40
4168,1,0,1,2,3,2,1,3,3,0,1,0,2,1,2,2,1,2,0,1,3,31
4169,1,2,1,0,2,2,2,3,2,3,1,3,2,2,2,2,3,2,0,3,1,39
4170,3,0,0,2,2,1,0,1,1,0,1,1,2,0,3,3,0,0,2,3,3,28
4171,1,1,3,1,2,0,3,3,3,0,2,2,1,0,0,3,3,3,0,3,2,36
4172,3,0,0,3,2,2,1,1,0,2,2,1,0,3,3,2,3,2,2,0,2,34
4173,0,2,2,1,3,1,1,1,3,1,2,1,2,3,2,1,3,2,3,3,0,37
4174,2,2,3,0,3,0,0,2,0,2,1,3,2,3,1,2,3,2,3,3,2,39
4175,1,2,3,0,2,1,3,1,2,0,3,3,2,3,1,0,3,3,0,2,0,35
4176,3,0,0,2,3,0,1,2,3,1,2,2,0,2,2,0,1,2,3,1,2,32
4177,1,2,1,1,3,1,2,1,2,2,0,3,3,2,0,2,2,2,2,0,2,34
4178,3,2,3,2,1,0,2,1,0,0,1,0,3,1,0,1,0,3,1,0,2,26
4179,1,1,0,0,0,1,3,3,2,2,3,2,1,0,1,3,0,2,2,0,2,29
4180,1,2,2,1,1,0,2,3,2,0,0,3,2,3,0,2,3,1,0,2,1,31
4181,0,2,3,1,3,0,3,3,3,3,0,1,0,2,0,2,2,2,1,2,2,35
4182,3,2,0,2,1,0,3,0,1,1,3,0,1,0,1,3,3,2,2,2,0,30
4183,1,0,0,2,2,3,0,0,2,2,2,3,2,0,3,2,3,3,2,2,3,37
4184,0,3,2,3,0,3,3,3,2,0,0,3,2,3,2,0,0,1,0,0,1,31
4185,2,2,3,1,3,2,3,1,1,0,1,3,2,2,1,2,1,1,3,0,0,34
4186,0,3,2,3,0,3,2,3,1,2,2,3,2,0,3,1,2,1,2,2,1,38
4187,3,1,2,2,1,0,3,0,0,0,3,2,2,3,0,2,2,2,1,1,2,32
4188,2,0,2,2,2,1,1,0,1,3,0,3,2,0,3,3,3,1,1,3,1,34
4189,1,0,0,2,0,3,1,0,1,0,0,1,0,1,2,2,2,1,2,3,0,22
4190,1,0,2,3,0,0,0,2,2,2,1,2,1,0,2,3,3,0,3,2,1,30
4191,3,0,3,1,0,3,3,0,1,1,3,0,2,0,3,1,3,2,3,3,1,36
4192,2,1,0,1,2,0,3,1,3,3,1,2,2,3,3,0,2,1,0,1,0,31
4193,2,0,1,2,3,2,1,0,3,2,2,3,0,3,3,2,1,1,2,0,0,33
4194,2,1,1,1,0,0,2,1,2,3,1,3,3,3,0,0,0,2,1,3,2,31
4195,3,1,2,3,2,0,2,3,3,2,2,2,0,2,3,3,1,3,1,2,2,42
4196,1,3,0,3,2,3,0,0,2,0,1,0,2,0,2,1,3,1,2,2,2,30
4197,1,2,3,0,0,1,1,3,0,0,2,2,1,3,2,1,0,3,2,3,2,32
4198,1,2,2,3,3,1,3,3,2,0,1,2,1,1,1,2,3,3,1,1,3,39
4199,1,1,1,1,3,3,3,2,3,3,3,3,1,3,1,1,1,3,2,1,2,42
4200,0,0,2,1,1,1,1,0,2,0,2,0,3,1,0,1,2,2,0,0,0,19
4201,1,1,3,2,1,2,0,0,1,1,1,1,2,0,3,2,3,0,1,1,3,29
4202,1,3,0,1,1,3,2,3,1,1,3,3,1,3,0,0,0,3,3,3,2,37
4203,2,0,0,0,2,1,0,2,2,1,1,0,3,1,3,0,3,1,1,1,3,27
4204,0,3,3,0,3,3,2,3,1,2,1,0,3,1,0,1,2,1,1,2,1,33
4205,0,1,1,2,1,1,0,3,3,2,0,0,0,1,2,0,0,3,2,2,1,25
4206,1,0,2,0,2,1,1,1,0,1,0,0,2,0,3,1,2,1,2,0,0,20
4207,0,0,2,0,2,3,2,2,3,1,1,2,2,2,0,0,3,3,0,3,0,31
4208,3,3,1,2,0,0,0,3,0,0,2,1,1,2,2,1,2,1,2,0,1,27
4209,0,1,3,3,3,2,3,2,3,0,0,0,1,2,3,0,2,0,0,2,0,30
4210,0,0,2,1,1,2,2,1,1,2,0,0,1,3,1,1,0,3,3,3,1,28
4211,3,0,1,3,2,2,3,2,2,2,1,3,2,3,3,1,0,2,1,0,1,37
4212,3,0,1,3,3,3,1,3,3,3,3,1,3,1,3,3,2,0,1,3,1,44
4213,0,3,1,1,1,0,0,0,2,0,1,2,3,0,3,3,2,3,3,2,2,32
4214,3,2,3,2,3,3,3,2,2,1,1,2,1,1,0,2,0,0,2,2,0,35
4215,3,0,1,2,2,3,2,2,3,3,3,1,0,1,1,3,3,0,1,1,0,35
4216,0,3,1,3,0,0,2,1,1,0,1,0,0,0,0,3,3,1,2,3,1,25
4217,2,0,2,2,0,3,0,3,3,3,0,3,2,2,1,2,0,3,0,3,0,34
4218,1,2,3,0,3,1,2,1,3,0,3,2,1,2,1,1,1,2,3,0,1,33
4219,0,3,2,0,3,3,1,1,2,0,0,3,1,0,3,2,1,0,1,3,2,31
4220,0,0,0,0,3,2,0,1,2,2,3,3,2,0,3,2,2,2,1,3,1,32
4221,0,1,2,2,1,0,0,1,1,2,3,0,3,3,0,0,3,1,1,1,3,28
4222,3,2,1,0,0,1,1,1,3,2,2,2,0,1,3,2,0,3,3,2,3,35
4223,2,2,3,3,2,3,1,2,2,3,2,3,2,3,2,2,1,1,1,0,2,42
4224,1,3,2,2,3,1,0,2,2,3,1,0,3,2,2,2,2,0,0,2,0,33
4225,3,3,2,2,1,3,0,1,1,0,3,3,3,0,1,2,0,3,2,3,3,39
4226,0,3,1,3,0,3,2,2,0,1,1,3,0,0,3,0,0,1,1,2,2,28
4227,3,3,3,2,2,1,2,2,3,0,3,3,0,2,3,0,0,1,0,3,0,36
4228,0,3,3,1,2,0,3,2,0,3,1,1,2,2,1,3,0,2,1,2,0,32
4229,1,1,0,0,3,1,2,1,2,3,2,0,2,1,2,3,0,0,1,3,2,30
4230,1,2,3,1,1,3,0,3,0,2,1,3,1,3,0,1,0,2,3,0,3,33
4231,1,1,1,0,1,1,1,3,3,0,0,3,2,3,0,1,0,2,0,1,1,25
4232,2,3,1,2,2,2,2,0,1,2,2,2,2,0,1,2,2,0,3,0,1,32
4233,3,2,1,1,3,3,3,3,0,2,2,0,3,2,1,1,3,0,0,1,3,37
4234,2,0,3,2,2,1,1,2,2,3,0,1,0,0,1,3,0,0,0,0,1,24
4235,0,2,1,2,3,1,3,3,3,2,3,1,3,0,1,3,2,3,2,2,2,42
4236,0,1,2,3,3,2,2,0,1,1,1,2,2,1,0,1,1,2,1,0,3,29
4237,1,0,1,3,1,2,3,1,1,2,0,3,0,2,3,0,1,3,1,3,2,33
4238,2,3,0,2,0,1,1,1,0,3,3,3,3,1,3,0,1,0,0,1,2,30
4239,2,0,2,2,0,3,2,1,2,3,2,0,1,1,2,0,1,1,1,0,1,27
4240,2,0,0,1,1,0,1,0,2,2,2,2,2,1,3,1,1,0,0,1,3,25
4241,0,0,2,0,3,0,0,2,1,1,2,2,0,0,1,0,1,0,3,3,1,22
4242,0,1,3,3,2,0,0,0,0,0,2,2,0,1,1,2,3,1,3,0,0,24
4243,0,1,0,0,0,0,0,3,0,3,1,1,3,0,1,0,3,3,0,2,3,24
4244,0,1,3,3,2,3,1,3,3,3,2,1,0,0,2,3,0,2,1,2,1,36
4245,3,0,3,0,1,2,0,1,3,0,2,0,1,2,3,0,2,1,3,3,1,31
4246,1,3,2,3,3,0,2,1,1,2,2,1,3,1,0,0,3,1,2,3,0,34
4247,3,0,2,1,2,0,0,3,0,3,3,0,1,1,1,1,0,2,1,0,0,24
4248,1,0,0,3,3,3,1,1,3,0,0,1,0,2,2,3,3,3,0,1,0,30
4249,2,0,2,3,1,2,1,1,1,2,1,1,1,1,1,1,2,2,0,2,3,30
4250,0,0,1,1,0,0,1,1,2,3,0,2,2,0,2,1,3,2,2,1,3,27
4251,2,2,2,1,2,0,1,0,0,3,1,2,2,3,1,0,1,3,2,1,2,31
4252,3,0,0,1,1,1,2,0,2,0,0,0,0,0,3,3,1,3,3,1,3,27
4253,3,1,2,1,3,1,0,0,3,2,1,2,3,2,1,0,1,2,2,2,0,32
4254,1,3,3,0,1,3,0,0,2,2,3,3,3,1,0,3,2,2,2,2,3,39
4255,0,2,1,3,1,0,2,2,0,1,3,0,3,3,2,0,1,1,0,3,0,28
4256,1,2,3,2,3,1,3,3,1,3,2,2,1,3,2,0,3,1,3,0,3,42
4257,3,2,1,3,2,1,0,0,2,0,0,1,2,3,1,3,1,0,1,1,0,27
4258,2,1,1,0,3,0,2,3,1,3,1,1,2,3,0,0,0,3,0,3,3,32
4259,3,0,2,3,3,3,1,0,1,0,2,1,0,2,3,2,1,3,1,0,1,32
4260,0,2,0,1,2,3,3,0,3,0,2,0,0,1,0,3,2,2,3,1,2,30
4261,2,1,1,1,1,3,3,0,1,0,0,1,0,1,0,1,1,1,3,1,2,24
4262,1,1,1,1,0,3,3,2,3,0,3,2,1,2,1,0,1,2,1,2,1,31
4263,1,1,3,3,3,1,2,0,0,2,2,1,2,1,0,3,1,1,0,3,0,30
4264,0,2,1,2,0,0,0,0,0,3,0,3,3,2,0,2,0,1,1,3,1,24
4265,0,2,0,1,3,0,0,0,3,3,3,1,0,3,0,1,3,1,3,2,3,32
4266,3,2,0,2,3,0,0,0,3,1,2,2,3,0,2,0,2,1,1,2,0,29
4267,1,2,1,1,0,1,1,2,1,0,3,3,0,3,3,1,0,3,0,0,1,27
4268,1,1,2,3,1,3,0,3,0,2,2,3,1,3,0,1,1,3,2,0,2,34
4269,2,3,3,1,1,0,0,0,1,1,2,2,2,3,2,2,1,2,3,2,0,33
4270,0,3,1,2,2,3,0,3,3,2,2,0,0,1,1,1,2,1,1,0,2,30
4271,0,1,1,1,0,3,2,3,3,1,3,3,0,1,2,0,1,1,1,3,3,33
4272,2,3,2,1,1,2,1,1,2,2,0,2,1,2,2,0,2,1,2,2,3,34
4273,0,0,0,3,2,1,0,0,1,0,2,1,1,1,2,2,0,2,0,0,0,18
4274,1,3,0,2,2,2,1,1,1,2,2,3,3,2,2,3,2,0,0,1,0,33
4275,2,1,3,2,1,2,1,0,3,2,2,1,2,2,2,2,2,1,1,2,3,37
4276,0,2,0,1,2,2,0,1,3,2,3,3,2,2,2,1,1,0,3,1,0,31
4277,0,2,1,3,0,3,1,2,3,0,0,3,1,2,1,3,0,1,0,2,1,29
4278,0,2,1,1,3,3,3,0,0,0,2,1,1,1,1,3,1,2,3,0,1,29
4279,1,3,2,2,0,3,0,3,2,1,0,3,2,2,3,3,3,3,2,0,2,40
4280,0,0,2,2,1,0,1,3,2,1,2,3,0,3,3,2,3,1,3,3,2,37
4281,0,3,1,1,1,0,3,1,3,1,1,1,3,0,3,2,2,3,3,3,2,37
4282,0,2,1,3,2,2,3,2,2,2,3,2,1,1,3,2,0,2,3,0,0,36
4283,0,0,1,3,1,3,3,3,0,0,3,2,0,0,1,0,2,0,2,3,1,28
4284,1,0,1,0,1,3,2,2,0,2,1,2,0,1,3,1,3,0,1,2,3,29
4285,2,0,2,0,3,3,2,0,0,0,1,3,1,0,2,2,2,1,2,3,1,30
4286,2,0,0,1,0,0,2,3,0,1,0,3,2,0,3,3,0,0,2,0,0,22
4287,0,3,3,2,3,1,2,1,3,2,2,3,1,2,2,2,3,1,1,1,0,38
4288,3,3,1,0,0,0,3,1,1,1,2,2,2,2,0,2,1,0,0,3,0,27
4289,3,0,2,0,0,0,3,1,3,3,1,2,0,1,3,2,1,1,3,0,1,30
4290,2,2,1,3,0,1,0,3,1,3,1,1,1,1,2,1,0,2,2,0,2,29
4291,2,3,1,1,1,3,3,1,0,3,1,3,2,2,3,1,2,0,3,3,3,41
4292,0,3,1,0,2,0,2,2,1,3,3,0,0,3,0,0,0,3,0,2,3,28
4293,3,0,1,2,0,1,3,2,0,2,3,1,3,3,1,0,2,2,1,0,3,33
4294,3,2,0,0,0,2,3,3,0,3,1,3,2,2,1,0,2,3,3,1,3,37
4295,0,0,3,2,0,3,3,1,0,2,1,0,2,0,0,1,1,1,0,1,0,21
4296,2,3,3,1,1,2,3,1,2,3,0,0,1,3,2,3,1,2,3,1,0,37
4297,3,2,0,3,2,3,1,2,3,3,2,3,3,3,1,3,1,3,0,1,1,43
4298,3,1,2,0,2,2,2,0,0,2,1,3,0,2,1,1,2,0,3,2,1,30
4299,1,1,1,0,1,2,2,2,1,0,1,0,0,1,2,0,3,2,3,2,2,27
4300,1,0,2,0,0,2,3,1,3,1,1,1,2,2,0,2,3,2,0,3,2,31
4301,3,3,3,1,1,2,3,3,2,3,0,0,1,1,0,3,3,2,0,3,3,40
4302,2,1,2,3,2,1,3,1,3,0,3,0,0,3,3,2,2,0,0,1,2,34
4303,3,0,2,0,3,1,3,1,2,1,2,1,2,0,1,1,2,1,1,3,1,31
4304,0,0,1,1,3,2,3,3,0,0,0,2,0,1,1,0,1,0,1,0,0,19
4305,3,0,2,0,1,3,0,1,0,0,2,2,3,0,3,0,0,0,0,1,1,22
4306,1,1,3,2,0,0,1,2,2,2,3,2,1,3,1,3,1,0,3,2,0,33
4307,3,0,1,1,3,0,0,3,2,2,0,1,2,3,2,3,0,1,0,2,0,29
4308,3,0,1,0,3,1,3,1,2,0,1,1,0,2,3,1,0,1,3,3,1,30
4309,0,3,3,1,2,3,1,0,3,0,2,1,0,2,0,1,0,1,0,3,2,28
4310,1,2,0,0,2,1,0,1,2,2,2,0,3,1,2,1,3,3,1,2,1,30
4311,2,3,1,0,3,2,1,1,0,0,1,3,0,1,3,1,3,0,1,0,1,27
4312,0,3,3,0,3,2,2,2,0,1,2,3,1,0,3,2,0,3,1,2,3,36
4313,2,0,1,2,0,3,3,3,0,2,2,3,1,0,1,3,1,1,0,1,2,31
4314,0,3,3,1,1,1,2,1,3,0,0,3,2,0,0,2,1,2,1,3,1,30
4315,2,0,0,1,3,1,1,1,3,2,1,0,1,0,0,3,3,2,2,3,2,31
4316,3,0,1,0,1,2,0,1,3,2,3,3,0,1,1,3,2,2,0,1,2,31
4317,2,2,3,0,2,3,2,3,0,2,3,3,1,3,3,2,0,3,0,0,2,39
4318,3,2,3,3,2,1,0,2,1,3,3,3,0,0,3,3,1,0,3,3,3,42
4319,1,1,2,1,1,1,3,0,0,2,3,3,1,3,3,2,1,1,2,0,3,34
4320,3,2,3,0,1,2,2,3,3,3,3,1,1,3,1,2,2,1,0,3,1,40
4321,1,0,2,0,3,1,1,0,2,0,1,0,2,0,1,3,0,3,2,0,1,23
4322,0,3,2,2,3,3,3,1,2,0,3,0,2,3,3,0,2,2,3,1,0,38
4323,3,1,2,1,1,3,0,1,0,1,0,0,3,3,0,2,2,1,2,2,1,29
4324,1,1,3,2,1,2,3,1,0,3,1,2,2,2,2,2,0,0,0,0,1,29
4325,1,2,1,1,1,1,1,3,2,3,1,0,0,0,3,3,1,2,1,2,1,30
4326,3,1,3,3,3,1,0,3,1,1,3,2,1,2,0,3,3,1,2,2,1,39
4327,1,2,2,2,1,3,2,0,2,3,2,2,0,3,2,0,3,1,1,2,3,37
4328,1,3,1,1,3,2,1,2,3,0,2,0,1,3,0,3,2,3,3,2,3,39
4329,3,2,3,0,2,0,3,2,2,0,2,0,2,3,1,3,0,1,0,3,1,33
4330,3,3,3,1,2,1,0,3,2,0,3,0,0,0,2,3,2,3,3,2,2,38
4331,1,0,3,3,1,2,3,3,3,1,1,1,2,2,1,3,0,2,0,2,3,37
4332,0,2,2,1,2,2,1,3,3,0,0,0,0,3,1,2,1,2,2,2,2,31
4333,0,2,3,3,3,2,1,1,3,3,3,0,3,1,2,0,2,0,0,0,2,34
4334,3,0,1,1,3,3,2,3,2,0,1,3,3,2,1,0,0,3,3,1,3,38
4335,0,0,1,1,0,3,1,0,2,0,0,0,2,1,2,3,2,1,2,2,3,26
4336,1,3,1,0,0,1,3,2,1,3,2,2,3,0,1,1,0,0,1,0,3,28
4337,2,1,0,2,3,3,2,2,2,2,2,1,2,3,3,0,1,0,0,3,2,36
4338,0,1,2,1,1,0,1,3,1,0,0,1,0,2,0,3,0,3,0,1,1,21
4339,3,1,3,2,1,3,2,2,2,2,3,1,2,3,1,3,0,2,3,1,2,42
4340,3,3,3,1,0,0,0,3,3,0,0,0,1,1,0,3,0,2,3,0,1,27
4341,0,1,1,3,0,0,3,1,1,2,1,2,1,1,0,3,3,2,0,3,3,31
4342,3,0,0,3,1,2,3,3,3,3,0,0,3,3,0,3,0,0,3,2,1,36
4343,1,1,2,3,3,0,2,2,3,0,0,2,1,0,2,3,2,0,1,0,0,28
4344,0,0,2,1,3,2,2,0,2,1,1,1,2,1,3,2,3,1,2,1,2,32
4345,1,2,0,3,1,2,0,3,3,3,2,0,0,2,0,0,3,1,0,1,2,29
4346,0,0,0,3,3,1,0,1,0,1,2,3,1,2,3,3,2,3,2,2,0,32
4347,1,0,2,3,3,2,2,1,1,3,2,2,0,2,2,2,1,0,2,1,1,33
4348,0,3,3,1,2,1,0,3,3,1,3,2,2,1,0,2,1,3,3,3,0,37
4349,0,2,0,3,3,2,2,2,3,2,1,3,0,2,0,1,2,1,0,0,0,29
4350,0,3,1,2,1,2,3,2,1,1,0,0,1,3,3,1,0,0,2,2,3,31
4351,3,0,0,1,3,1,0,1,2,0,3,3,1,1,3,2,1,0,1,0,2,28
4352,2,0,3,2,3,0,3,1,0,2,2,0,1,3,2,0,2,1,1,1,3,32
4353,1,3,2,0,2,2,1,0,1,3,1,0,3,0,2,3,3,2,3,0,0,32
4354,3,0,3,3,2,1,3,2,0,3,3,0,0,0,3,3,1,1,3,1,2,37
4355,0,1,1,2,1,0,0,1,3,0,1,1,3,1,3,0,2,0,0,2,2,24
4356,3,0,0,0,0,3,1,0,2,1,2,2,3,2,1,3,1,0,2,2,0,28
4357,0,2,0,3,1,3,2,0,0,2,0,1,1,3,1,3,2,2,2,1,0,29
4358,3,2,3,3,3,1,1,1,2,1,3,0,2,3,3,2,3,3,1,1,3,44
4359,0,2,1,0,0,2,3,1,0,2,2,3,0,0,3,1,2,3,0,0,2,27
4360,1,2,2,3,2,2,3,1,2,2,3,2,0,2,3,2,1,2,1,3,2,41
4361,1,1,1,1,2,0,2,3,2,3,3,1,0,0,3,0,0,3,3,3,2,34
4362,0,2,0,2,2,1,3,1,2,1,0,1,0,3,2,2,2,0,2,1,3,30
4363,2,2,2,3,3,2,0,3,0,1,1,1,1,0,3,0,0,2,2,3,2,33
4364,3,3,2,0,1,0,3,2,1,2,3,2,3,3,1,1,2,2,2,3,2,41
4365,2,3,3,1,2,3,2,0,2,1,0,2,1,2,0,0,1,2,2,1,1,31
4366,1,3,0,2,3,2,0,3,2,0,1,1,3,3,3,3,3,2,1,2,1,39
4367,3,0,1,0,0,0,1,1,1,1,3,3,1,3,2,0,2,1,0,1,2,26
4368,3,1,0,0,1,1,3,1,1,1,1,0,3,0,2,2,1,2,0,3,3,29
4369,3,3,0,2,1,0,1,2,3,3,0,0,1,0,3,2,1,2,1,1,3,32
4370,1,0,0,2,3,2,0,1,2,1,2,3,1,2,0,1,0,2,3,0,2,28
4371,0,3,1,1,1,0,2,0,2,3,3,2,2,3,0,0,3,1,3,0,2,32
4372,1,0,3,2,0,1,2,3,1,2,3,3,2,3,1,1,0,3,1,0,3,35
4373,2,1,0,2,1,3,0,1,0,2,2,1,3,0,0,0,2,2,1,2,3,28
4374,0,3,0,0,1,0,0,3,0,1,0,1,2,3,1,1,3,2,1,3,0,25
4375,0,3,0,2,2,3,2,1,0,3,3,1,1,2,0,2,0,1,2,2,3,33
4376,2,1,1,1,3,1,3,0,0,2,0,1,3,2,3,3,0,2,0,1,2,31
4377,1,3,0,3,2,1,3,0,3,1,2,0,0,0,0,0,2,3,3,3,0,30
4378,3,2,1,1,0,3,1,1,3,2,1,0,1,3,2,1,1,3,0,1,0,30
4379,1,1,2,2,0,3,0,2,2,2,0,1,3,1,3,0,0,0,3,0,0,26
4380,0,1,2,2,0,3,3,1,1,3,2,2,0,0,2,2,2,2,1,2,0,31
4381,0,1,2,0,2,1,1,0,3,2,0,1,0,3,1,2,1,3,0,0,3,26
4382,2,0,1,1,1,0,2,0,2,0,1,3,0,2,1,1,1,3,1,0,1,23
4383,0,1,1,0,3,1,2,1,2,1,0,0,2,3,0,3,1,3,2,2,2,30
4384,0,0,3,0,1,2,0,2,1,2,0,3,0,1,1,1,0,1,1,1,0,20
4385,2,3,2,2,2,3,3,2,2,3,0,0,3,2,2,2,1,0,3,1,3,41
4386,2,1,1,2,1,2,0,1,2,1,0,1,2,1,1,3,3,3,3,2,0,32
4387,1,3,3,3,0,0,2,0,2,2,2,3,2,3,2,2,1,1,3,0,0,35
4388,3,0,1,0,3,0,1,0,2,0,3,3,0,0,3,3,1,2,1,2,1,29
4389,1,0,1,0,3,0,3,3,3,2,0,2,0,3,3,2,2,1,3,3,2,37
4390,2,0,1,3,2,3,2,2,1,3,0,1,0,2,0,2,1,1,2,0,3,31
4391,0,3,0,1,1,3,2,1,0,2,0,3,0,3,0,3,1,2,2,2,1,30
4392,0,0,2,2,1,3,3,1,3,0,0,2,1,0,2,3,2,0,2,0,3,30
4393,0,0,0,3,0,3,2,3,1,2,0,3,2,2,0,2,3,0,0,0,0,26
4394,1,0,3,0,2,2,2,3,2,1,1,2,3,1,1,1,0,2,3,0,2,32
4395,2,0,2,0,0,1,1,3,0,3,2,1,3,3,3,0,3,2,0,2,3,34
4396,3,2,1,2,0,2,2,2,3,0,2,0,3,2,2,2,2,2,3,0,0,35
4397,1,0,3,3,0,2,0,2,1,3,2,1,2,3,1,1,0,1,2,1,1,30
4398,0,0,3,3,0,0,3,3,2,0,2,0,3,3,3,1,0,3,2,1,2,34
4399,3,2,3,3,0,3,1,2,3,2,3,2,2,0,1,0,1,0,0,3,2,36
4400,1,3,3,3,3,1,2,1,3,1,1,0,2,0,0,3,0,1,1,0,1,30
4401,1,1,0,1,0,0,1,0,0,1,3,0,3,2,1,0,1,2,2,3,2,24
4402,1,2,0,1,0,3,3,0,1,2,1,2,2,3,1,2,0,2,2,3,2,33
4403,0,1,3,2,2,0,1,3,1,0,3,3,1,3,3,1,2,0,1,2,2,34
4404,3,2,3,0,1,3,3,2,3,0,3,3,3,1,0,3,1,1,1,1,2,39
4405,0,3,0,2,0,2,2,1,1,0,0,3,1,0,1,0,1,1,2,3,1,24
4406,3,2,2,0,3,3,0,3,3,0,2,2,1,3,1,2,1,3,2,0,0,36
4407,2,2,0,3,0,3,3,0,2,1,0,3,1,0,3,2,3,1,1,1,1,32
4408,3,2,1,2,1,1,2,0,0,0,1,2,2,0,0,0,2,2,3,3,3,30
4409,3,1,1,1,3,1,1,1,2,0,0,2,1,2,0,3,3,3,2,0,0,30
4410,3,0,3,0,2,0,0,3,1,1,3,3,1,1,0,1,2,3,2,2,3,34
4411,1,3,0,2,2,2,3,0,1,3,3,2,0,2,3,3,0,2,3,1,0,36
4412,2,1,2,2,1,2,0,1,3,2,0,3,0,0,3,3,2,0,2,3,2,34
4413,3,1,3,3,0,3,2,2,3,1,2,3,2,3,1,0,2,2,2,3,2,43
4414,1,2,1,0,2,0,3,1,2,1,3,0,2,2,0,2,2,1,2,3,3,33
4415,0,0,3,2,2,2,3,2,2,3,1,3,0,1,2,1,0,0,1,3,1,32
4416,3,0,1,1,3,0,2,1,2,3,1,0,2,2,2,1,2,1,1,3,1,32
4417,0,3,2,0,2,1,2,3,0,3,0,2,3,0,0,3,1,2,0,1,0,28
4418,2,3,0,2,2,0,1,1,0,3,2,2,3,0,1,3,3,3,1,0,3,35
4419,1,1,0,2,1,3,0,1,0,2,2,1,2,0,1,2,0,1,0,3,0,23
4420,2,1,2,1,1,1,3,2,2,2,1,0,2,0,2,0,2,0,0,0,3,27
4421,2,2,3,2,1,0,0,0,1,1,2,0,3,0,3,1,0,3,0,1,2,27
4422,1,0,3,3,2,1,0,0,0,0,1,2,2,2,2,3,1,1,2,2,0,28
4423,3,1,1,1,3,1,3,3,2,3,0,0,0,1,2,0,1,2,2,2,3,34
4424,1,2,3,2,0,0,1,0,1,2,0,2,0,0,1,3,2,0,1,1,1,23
4425,2,1,2,0,0,0,1,1,2,2,3,1,0,1,0,0,1,3,3,1,2,26
4426,3,0,1,3,0,1,0,0,1,2,1,0,2,1,3,1,3,3,1,0,2,28
4427,3,1,3,3,3,2,0,0,3,0,2,3,0,1,1,2,3,3,2,1,0,36
4428,0,0,3,0,1,1,1,1,2,3,2,0,0,0,1,0,3,0,0,2,0,20
4429,3,3,3,2,1,1,3,0,2,0,1,0,3,1,1,3,1,2,2,3,1,36
4430,0,3,2,1,0,3,3,3,1,2,0,0,2,1,3,2,2,3,2,2,3,38
4431,2,2,1,0,2,0,3,1,0,2,1,1,0,2,1,1,2,0,0,1,3,25
4432,1,2,3,3,3,3,0,1,1,1,0,3,1,3,0,3,2,1,3,0,2,36
4433,3,1,0,0,0,1,0,0,0,1,0,2,2,1,0,1,0,1,3,0,2,18
4434,1,0,0,3,2,2,0,3,0,1,2,3,3,0,3,2,0,2,1,2,2,32
4435,0,3,0,1,0,2,3,2,3,3,2,3,3,0,1,3,0,1,0,2,3,35
4436,0,0,0,1,3,0,2,3,0,3,1,2,0,0,2,2,2,3,3,2,3,32
4437,2,0,0,3,1,3,2,3,0,0,0,3,2,0,2,3,0,2,0,3,0,29
4438,2,0,0,3,3,0,3,2,3,1,2,1,3,1,0,3,1,0,3,2,0,33
4439,0,2,2,0,2,3,1,3,1,3,2,3,3,1,2,2,1,3,2,2,1,39
4440,3,2,3,1,1,1,1,2,0,1,0,3,1,3,1,1,0,3,3,3,3,36
4441,1,3,0,2,3,0,2,2,2,3,0,1,3,0,0,0,1,1,2,3,2,31
4442,0,3,0,0,0,3,1,1,0,2,2,2,1,3,1,1,2,1,3,3,3,32
4443,1,3,3,3,0,3,0,1,1,0,2,3,3,1,1,1,0,0,0,3,1,30
4444,0,1,3,1,3,2,2,0,0,0,3,2,2,3,3,1,2,3,0,0,3,34
4445,1,2,2,3,1,3,1,2,2,2,3,1,3,2,0,2,2,3,1,2,0,38
4446,1,0,3,1,1,2,1,3,0,3,3,0,1,1,1,3,1,3,1,1,3,33
4447,3,0,0,2,1,0,3,1,2,0,1,0,0,1,0,1,3,1,2,0,1,22
4448,0,1,2,2,3,1,0,1,1,1,0,3,2,2,3,1,1,0,3,1,1,29
4449,1,3,2,0,3,1,3,1,0,0,1,3,2,1,0,0,2,1,2,1,1,28
4450,2,2,3,1,0,3,0,3,2,2,3,1,1,0,2,0,3,0,1,1,2,32
4451,2,1,3,2,2,3,1,0,2,2,0,1,0,3,3,1,1,1,3,3,1,35
4452,3,0,1,3,1,0,0,3,0,1,2,0,2,2,3,2,1,2,1,2,3,32
4453,1,2,3,0,3,3,0,3,2,2,2,1,0,0,2,0,1,3,3,0,1,32
4454,3,1,1,3,3,2,3,3,0,1,1,3,1,3,1,0,1,3,0,1,2,36
4455,0,1,0,2,1,0,1,2,1,0,0,1,3,0,3,1,0,2,2,1,1,22
4456,2,3,2,2,2,2,2,2,1,2,1,2,2,3,2,3,0,1,2,0,2,38
4457,1,0,3,1,2,2,2,2,2,1,1,0,0,1,0,0,3,0,0,0,1,22
4458,0,1,2,3,3,2,0,3,2,2,0,2,3,2,3,3,2,0,1,1,0,35
4459,2,0,3,2,1,3,1,2,0,2,1,1,1,2,2,3,0,3,1,1,0,31
4460,1,0,1,0,0,3,0,2,1,3,1,2,1,3,3,3,3,3,1,1,1,33
4461,3,2,0,3,1,1,1,2,1,0,2,3,3,1,1,3,2,3,0,2,0,34
4462,3,0,3,2,0,1,3,3,2,2,0,2,3,3,1,1,0,0,0,1,0,30
4463,1,2,3,1,1,3,3,2,2,0,3,0,3,1,2,1,3,1,0,2,3,37
4464,0,1,1,1,0,3,3,1,0,3,3,0,0,3,0,2,2,0,3,1,2,29
4465,3,0,0,3,2,3,1,3,3,0,2,1,2,1,0,3,0,0,3,3,0,33
4466,1,2,1,1,0,3,3,1,1,2,1,2,1,3,3,2,3,0,0,2,1,33
4467,1,1,0,2,3,0,3,2,1,0,1,3,2,2,2,3,3,3,2,1,2,37
4468,2,0,3,1,1,0,1,3,1,0,3,2,0,0,0,3,0,3,1,1,0,25
4469,3,2,2,3,1,1,3,0,0,3,3,2,2,2,3,3,1,2,2,3,1,42
4470,2,0,0,3,1,0,0,1,1,3,0,1,1,3,1,3,1,1,3,0,0,25
4471,1,2,1,0,3,2,1,1,0,3,0,1,3,0,2,0,2,3,3,3,1,32
4472,1,1,2,2,2,3,0,3,1,3,1,3,1,1,2,0,2,0,0,2,1,31
4473,2,3,3,3,2,2,2,2,2,1,3,2,3,2,1,1,1,3,1,0,1,40
4474,3,2,2,3,0,0,2,2,0,0,1,3,2,3,3,1,3,1,3,3,2,39
4475,0,2,2,0,1,2,1,0,1,0,2,3,2,0,3,0,0,0,1,2,1,23
4476,2,1,3,2,1,2,2,1,1,1,1,3,3,3,0,3,2,1,1,2,2,37
4477,3,0,0,3,2,0,0,2,0,2,0,1,1,0,0,2,1,2,1,1,0,21
4478,3,0,0,1,2,0,2,0,3,3,0,2,0,1,1,2,3,3,3,3,1,33
4479,3,3,2,0,3,0,0,3,2,2,0,2,2,2,2,3,2,1,2,3,2,39
4480,3,2,3,3,2,1,2,2,0,0,1,3,0,0,0,3,1,2,1,2,0,31
4481,1,1,1,1,2,3,3,0,0,2,3,0,3,3,3,0,3,1,1,3,3,37
4482,3,0,0,1,2,0,1,1,1,0,2,3,1,1,3,1,2,0,0,1,2,25
4483,1,3,0,1,3,2,0,2,3,3,1,1,3,2,0,0,1,3,0,1,2,32
4484,2,3,3,3,2,0,2,0,3,2,3,3,0,0,1,0,1,0,2,2,1,33
4485,0,2,1,0,1,2,2,3,0,2,1,1,3,3,2,1,1,0,0,1,3,29
4486,2,2,2,2,0,3,3,2,2,2,1,1,1,1,3,0,2,1,3,1,2,36
4487,3,0,1,3,0,0,2,2,3,1,0,3,1,0,1,2,1,2,2,1,2,30
4488,0,2,1,1,1,2,3,3,2,1,3,3,2,3,0,2,1,1,2,1,2,36
4489,1,0,1,1,0,0,3,3,1,1,0,1,3,2,2,3,0,2,1,1,3,29
4490,2,3,1,0,3,1,0,0,0,3,0,2,0,2,0,3,0,0,1,2,2,25
4491,1,2,2,3,0,1,3,0,1,0,3,2,3,3,3,1,3,0,1,2,3,37
4492,3,3,0,3,3,2,0,1,0,3,0,0,0,1,1,0,1,2,3,3,0,29
4493,3,0,3,0,3,1,1,3,0,2,0,1,2,2,1,3,0,2,2,0,0,29
4494,1,0,3,3,2,0,0,1,2,2,1,3,2,0,0,2,1,0,3,1,0,27
4495,1,1,0,2,3,1,0,3,3,3,0,0,0,0,0,1,0,2,3,1,0,24
4496,1,0,3,3,0,0,2,0,1,1,2,1,0,0,1,2,3,3,3,2,1,29
4497,2,2,2,2,1,1,3,3,0,2,2,3,1,3,3,0,1,2,1,3,1,38
4498,3,1,3,0,1,1,2,3,3,0,3,1,0,2,1,1,0,1,1,1,1,29
4499,1,1,3,0,3,0,0,2,1,3,3,1,1,0,3,0,2,3,3,1,3,34
4500,1,0,3,0,1,0,1,1,3,1,1,3,0,1,0,2,2,2,3,3,1,29
4501,1,0,2,3,1,1,0,3,0,1,1,2,1,0,2,3,0,3,3,0,1,28
4502,0,0,2,0,0,1,3,0,1,1,3,2,2,1,0,2,3,1,3,0,3,28
4503,1,2,0,1,2,2,2,0,0,2,2,2,3,0,0,3,1,0,2,3,2,30
4504,3,1,3,0,1,1,3,3,3,0,1,1,2,0,2,3,1,1,0,0,0,29
4505,2,3,0,0,0,2,3,0,3,2,0,1,1,2,1,1,0,1,0,2,0,24
4506,0,2,0,0,2,0,3,1,2,1,3,1,0,1,1,2,0,1,2,3,3,28
4507,1,3,3,0,0,3,3,1,1,0,2,1,3,2,1,0,1,3,0,1,0,29
4508,3,3,0,2,3,1,3,0,1,3,0,3,1,3,0,0,0,3,3,0,2,34
4509,1,3,2,1,1,1,3,0,2,3,3,2,1,3,0,2,3,2,2,1,2,38
4510,0,3,2,0,2,1,3,2,0,2,2,1,1,3,0,0,0,3,0,1,2,28
4511,0,3,0,2,0,0,2,2,0,2,0,0,1,0,0,0,1,2,3,1,1,20
4512,0,3,2,0,1,2,2,1,0,3,3,0,2,3,3,2,1,2,0,0,2,32
4513,0,2,3,3,2,1,1,0,2,0,1,2,1,1,0,3,2,1,3,0,3,31
4514,2,1,1,1,3,2,3,2,0,0,2,2,3,0,1,3,2,1,1,1,1,32
4515,2,1,1,0,3,2,0,2,2,1,2,0,0,1,1,0,3,3,3,0,0,27
4516,1,3,1,3,2,3,1,3,0,1,0,1,1,2,0,0,2,1,3,3,2,33
4517,3,2,2,3,2,2,0,2,3,1,0,0,3,3,1,1,1,0,0,2,0,31
4518,3,0,1,2,3,2,0,0,0,3,2,0,2,2,0,0,2,3,2,1,1,29
4519,1,2,1,1,3,1,1,0,0,0,0,2,0,3,3,1,2,3,2,1,2,29
4520,1,1,1,0,2,2,3,2,2,0,2,0,3,2,1,0,1,2,1,1,3,30
4521,3,3,0,3,0,3,0,3,0,1,0,1,0,1,2,1,2,0,1,0,3,27
4522,1,1,0,3,2,0,0,2,0,0,2,0,3,3,0,1,2,0,0,2,2,24
4523,0,3,1,3,2,0,1,2,0,3,3,3,3,3,1,1,2,2,0,2,3,38
4524,0,3,1,1,3,3,2,1,3,1,3,3,3,1,0,2,0,1,1,0,3,35
4525,0,1,1,3,2,3,2,2,0,1,2,3,0,3,1,2,1,0,1,0,2,30
4526,3,2,3,2,0,0,0,1,2,3,0,1,2,2,1,1,0,1,0,0,0,24
4527,0,0,1,1,2,2,1,1,2,3,2,0,0,1,2,2,3,2,2,2,1,30
4528,1,0,1,0,1,2,2,0,0,0,3,0,0,1,1,3,0,0,0,3,1,19
4529,2,1,3,0,1,2,2,3,1,1,0,1,2,1,0,3,0,0,1,2,3,29
4530,1,3,1,0,0,1,1,3,0,1,3,2,3,1,2,2,1,0,0,1,1,27
4531,1,3,2,1,1,2,1,3,0,2,0,2,3,2,2,2,0,0,1,3,2,33
4532,1,0,1,3,1,2,0,0,0,0,2,0,2,3,1,0,1,0,1,1,1,20
4533,3,1,3,1,2,1,1,0,3,3,1,3,1,3,2,3,1,2,3,1,2,40
4534,2,3,1,3,1,1,3,0,2,2,3,2,1,1,1,0,2,3,0,1,2,34
4535,3,0,1,2,1,3,0,1,0,0,2,0,1,3,2,1,0,1,2,1,2,26
4536,1,3,3,0,1,1,0,2,1,3,3,2,0,1,3,0,2,3,3,0,2,34
4537,0,2,1,0,0,1,2,3,1,1,1,2,3,1,0,1,3,0,0,3,0,25
4538,0,1,3,2,0,1,2,0,3,1,3,0,1,2,2,2,1,1,1,1,2,29
4539,2,1,2,1,0,3,3,0,3,1,0,3,1,2,3,2,0,0,3,0,2,32
4540,0,3,1,3,0,2,0,2,0,3,2,3,1,3,1,3,1,1,0,2,2,33
4541,1,3,0,1,3,1,3,3,2,3,0,0,2,0,1,3,3,0,1,1,1,32
4542,1,2,1,1,2,0,1,1,2,0,0,1,0,1,1,2,3,1,2,0,3,25
4543,2,1,1,0,2,3,3,2,2,1,2,2,3,1,2,2,2,3,1,3,3,41
4544,0,3,1,3,1,3,2,1,3,3,3,3,0,2,3,3,1,0,0,2,0,37
4545,2,2,0,3,2,1,1,1,0,3,0,2,2,3,1,3,1,2,1,3,1,34
4546,2,0,1,2,2,0,3,2,0,0,3,0,2,2,0,0,3,0,0,2,3,27
4547,3,0,3,1,3,1,0,3,3,1,0,3,3,0,0,0,3,0,0,1,3,31
4548,1,3,2,3,2,2,0,1,0,1,1,2,0,3,0,1,3,1,2,1,3,32
4549,2,1,3,1,3,1,1,0,3,3,2,1,2,0,1,2,1,3,0,2,2,34
4550,1,2,1,0,2,0,1,1,0,1,0,2,2,0,3,0,2,2,1,2,2,25
4551,3,1,3,2,3,3,1,1,2,3,2,3,0,2,1,2,2,3,0,3,3,43
4552,0,3,0,0,2,3,1,1,2,3,3,3,3,2,2,0,1,2,2,1,2,36
4553,1,0,2,2,0,2,3,0,2,2,0,1,2,2,0,0,3,3,2,1,3,31
4554,1,2,1,2,3,1,1,2,0,0,1,1,2,0,2,2,2,1,1,3,3,31
4555,1,1,1,2,1,0,2,3,2,2,3,3,3,2,2,3,2,2,2,1,3,41
4556,1,2,3,1,0,2,2,0,2,1,1,3,2,1,3,3,0,0,0,2,0,29
4557,0,0,1,0,0,3,1,0,1,1,1,1,3,1,0,1,0,0,2,3,3,22
4558,1,0,0,0,2,1,1,1,1,0,0,3,2,2,3,0,2,2,0,0,1,22
4559,0,1,3,2,2,1,3,0,3,0,1,3,1,1,2,1,2,2,2,0,1,31
4560,3,0,0,2,2,0,0,3,3,0,3,0,0,2,3,3,1,2,3,3,2,35
4561,3,2,1,0,0,3,0,3,2,3,3,0,1,2,0,3,0,2,2,3,0,33
4562,3,2,1,2,0,3,3,2,3,0,3,0,1,1,3,3,2,3,1,0,3,39
4563,1,3,1,2,2,2,2,1,0,2,3,3,2,0,2,1,0,2,2,2,2,35
4564,3,0,2,2,2,0,0,1,3,1,0,1,2,3,1,2,0,3,0,1,3,30
4565,3,3,0,2,1,0,0,3,0,3,2,1,2,1,3,0,2,1,0,1,1,29
4566,3,3,1,3,0,1,2,2,3,2,1,0,1,3,0,0,2,2,1,2,0,32
4567,2,0,3,2,3,0,3,2,3,0,3,1,2,2,2,1,3,3,3,2,0,40
4568,0,0,3,3,3,1,0,0,0,3,2,1,0,2,3,0,2,3,1,3,1,31
4569,3,3,2,1,3,1,2,2,1,0,1,3,2,3,0,3,3,1,2,2,0,38
4570,1,1,0,3,0,3,2,3,3,3,3,1,3,0,2,2,3,3,0,0,3,39
4571,0,1,1,2,2,3,3,1,1,0,2,2,1,1,3,1,2,2,0,2,3,33
4572,2,0,0,0,1,0,2,1,1,2,0,0,0,2,2,2,3,0,0,0,3,21
4573,3,1,1,1,2,2,3,3,2,0,1,2,2,1,1,3,3,1,2,2,2,38
4574,2,1,0,3,3,0,1,0,1,0,2,1,2,3,0,1,2,0,3,0,3,28
4575,0,1,0,2,3,2,2,1,0,3,0,3,2,1,3,2,1,3,0,0,3,32
4576,2,1,2,2,2,1,3,0,3,3,2,3,3,3,2,3,0,3,1,0,0,39
4577,2,1,3,2,1,2,1,3,2,1,3,2,3,2,3,1,3,0,2,2,0,39
4578,1,2,1,0,1,2,1,0,2,1,1,1,1,1,3,0,0,1,1,3,2,25
4579,2,0,3,2,1,0,2,1,2,1,2,0,0,2,3,3,0,3,2,3,3,35
4580,3,3,2,2,2,1,0,3,2,0,1,3,1,2,3,2,1,0,1,2,1,35
4581,2,1,2,0,1,0,2,1,0,2,3,1,0,3,1,0,3,0,0,0,1,23
4582,3,1,2,2,3,1,1,2,3,1,3,3,0,0,0,0,2,3,3,1,0,34
4583,0,0,0,0,2,3,1,2,2,1,2,2,2,0,2,0,1,2,2,1,0,25
4584,1,1,2,1,1,3,0,1,2,0,1,0,0,0,3,3,1,3,2,2,0,27
4585,2,2,0,2,1,3,1,0,2,2,2,3,0,1,1,1,3,2,1,3,2,34
4586,1,2,0,2,0,1,3,2,0,0,2,1,3,0,3,3,3,1,1,3,0,31
4587,1,2,1,0,1,2,3,2,2,2,1,3,0,3,1,3,2,3,2,2,3,39
4588,1,0,2,1,2,2,3,1,3,0,0,0,2,2,1,1,0,2,2,2,2,29
4589,2,2,1,2,0,0,0,2,2,3,3,0,2,1,1,1,3,1,3,2,2,33
4590,0,0,3,3,2,3,0,3,2,2,3,2,2,0,0,2,1,3,0,1,2,34
4591,3,1,2,2,3,1,3,2,0,1,1,1,2,1,2,1,2,3,2,1,1,35
4592,1,2,2,1,0,1,0,0,2,0,0,2,2,1,3,0,1,0,1,1,0,20
4593,1,3,3,1,2,0,3,2,0,1,2,2,1,3,3,0,3,1,0,1,3,35
4594,0,3,3,3,0,0,2,0,0,0,0,1,3,0,0,2,1,3,1,2,3,27
4595,3,1,3,2,0,2,2,3,1,1,0,1,2,3,1,3,2,1,1,2,2,36
4596,1,2,0,0,1,0,3,1,1,1,2,0,1,3,2,1,1,2,2,1,2,27
4597,2,0,3,0,0,0,3,1,2,0,0,3,0,1,2,1,0,3,1,2,2,26
4598,1,2,1,0,3,1,3,3,3,2,1,1,3,3,1,3,1,2,1,3,2,40
4599,2,1,3,3,1,3,2,0,1,3,2,3,1,3,1,3,2,2,0,3,0,39
4600,2,3,1,0,1,2,3,1,2,3,0,2,3,0,0,2,0,2,2,3,1,33
4601,0,1,1,2,0,2,3,2,3,0,0,0,1,1,2,2,2,2,3,3,1,31
4602,3,2,2,0,3,3,2,1,2,1,2,2,2,3,3,3,0,3,1,1,2,41
4603,2,3,3,1,0,0,1,0,0,1,1,3,1,3,3,1,2,2,0,3,1,31
4604,0,0,2,1,3,3,1,2,0,0,1,2,3,0,2,1,2,3,0,3,2,31
4605,0,0,1,1,2,2,1,1,1,2,1,2,3,1,1,0,2,0,0,1,1,23
4606,3,0,0,2,1,1,2,0,3,1,1,1,2,2,0,2,2,2,2,1,2,30
4607,3,3,1,3,2,2,2,0,0,0,0,1,2,1,1,2,1,0,1,0,2,27
4608,2,3,3,1,2,2,0,2,3,1,3,2,3,1,0,0,0,0,3,3,0,34
4609,0,2,0,3,0,1,3,1,3,2,3,1,2,0,3,3,2,1,2,2,2,36
4610,0,3,3,0,2,2,3,2,3,0,3,2,3,1,2,1,3,1,0,3,2,39
4611,1,2,3,3,0,2,2,1,1,1,3,3,3,2,2,1,2,3,0,0,3,38
4612,1,3,1,1,1,1,0,1,3,2,3,1,0,2,2,0,3,1,3,1,1,31
4613,1,0,0,1,3,0,2,3,1,1,1,3,0,0,3,3,0,2,0,3,1,28
4614,3,2,0,2,3,0,2,2,3,0,0,3,1,2,2,1,1,1,2,2,1,33
4615,0,1,3,2,0,1,1,1,0,1,1,0,3,3,2,0,2,3,3,1,0,28
4616,2,3,3,3,3,2,3,0,2,2,3,3,1,1,0,0,3,3,2,1,2,42
4617,2,2,3,3,3,1,3,1,0,3,3,3,2,2,1,1,2,0,3,2,3,43
4618,2,2,2,3,1,2,3,3,3,0,2,1,0,3,1,0,3,1,0,3,2,37
4619,0,3,0,2,0,3,0,0,3,1,3,1,1,1,0,1,0,0,2,3,0,24
4620,0,1,2,3,1,2,2,2,0,3,2,0,0,0,2,0,3,3,3,0,2,31
4621,2,1,3,1,1,3,1,2,1,1,1,3,3,1,3,0,1,3,3,2,0,36
4622,1,1,1,1,3,2,1,3,0,1,3,0,1,2,0,0,0,2,3,2,0,27
4623,3,1,0,1,1,2,1,1,3,2,0,2,2,3,1,0,2,2,3,3,2,35
4624,0,2,2,3,3,3,0,1,3,1,3,0,3,2,0,1,3,2,1,1,2,36
4625,0,3,1,2,3,0,1,2,3,0,0,1,1,0,2,3,2,0,0,1,3,28
4626,0,2,0,1,3,3,1,0,3,1,2,2,3,2,2,3,1,3,1,2,0,35
4627,2,0,1,1,1,0,2,2,2,2,3,0,3,3,1,1,0,2,0,3,1,30
4628,2,2,1,2,3,1,1,2,3,1,0,2,3,2,0,1,1,2,0,1,2,32
4629,1,2,0,3,2,1,3,1,3,0,2,3,2,1,3,2,3,3,1,0,3,39
4630,1,1,3,2,3,3,1,2,1,0,0,3,2,3,2,1,0,2,1,0,1,32
4631,0,1,0,2,1,0,3,2,3,3,2,3,2,1,3,3,1,0,3,0,3,36
4632,3,3,3,2,1,3,3,2,3,0,2,0,2,1,1,0,3,0,1,0,2,35
4633,3,1,0,2,1,2,1,2,1,0,2,1,1,2,3,3,3,1,2,2,2,35
4634,3,3,1,3,1,2,2,3,3,2,1,1,3,1,0,2,3,0,1,1,0,36
4635,2,0,0,3,3,1,3,1,3,2,3,3,0,0,1,2,2,3,2,3,2,39
4636,1,1,0,2,3,1,3,3,2,1,1,2,2,2,1,0,1,0,0,1,1,28
4637,1,0,3,2,2,3,3,0,2,2,3,3,2,3,2,1,2,1,0,3,3,41
4638,2,2,3,3,2,2,2,0,0,2,0,0,2,1,3,2,1,2,1,0,2,32
4639,0,1,3,3,3,1,1,2,3,0,0,1,1,2,0,3,0,1,2,0,0,27
4640,1,1,3,2,2,0,3,3,2,3,2,3,1,0,3,3,2,3,0,3,0,40
4641,2,3,2,1,0,1,1,1,2,2,2,1,1,0,0,2,1,3,2,2,2,31
4642,3,0,3,2,2,3,0,0,3,0,0,1,2,2,1,2,3,3,3,2,3,38
4643,1,3,2,3,1,1,0,3,2,1,3,2,0,0,2,3,3,1,2,2,1,36
4644,0,2,1,3,2,0,0,3,2,3,3,1,1,0,2,1,2,3,0,3,1,33
4645,3,3,3,3,2,0,3,3,3,3,2,0,2,0,3,1,3,0,2,0,1,40
4646,2,0,0,3,0,3,2,3,2,2,3,0,2,1,0,3,0,2,3,0,1,32
4647,3,0,2,2,0,2,2,2,3,1,2,2,0,0,3,3,2,2,0,2,3,36
4648,1,3,1,2,2,3,0,0,1,3,0,1,2,0,3,1,3,1,0,0,0,27
4649,3,1,3,2,1,2,0,0,1,0,0,0,1,0,2,3,1,1,3,2,0,26
4650,2,0,1,3,0,1,1,1,3,3,2,1,0,2,2,3,2,1,1,2,3,34
4651,2,2,3,2,0,2,3,1,0,1,0,1,2,2,2,2,3,2,3,3,1,37
4652,0,2,0,3,1,2,0,2,2,2,1,2,1,2,0,3,1,1,3,1,3,32
4653,0,2,0,3,0,2,0,2,0,0,0,0,0,2,2,3,0,3,3,1,1,24
4654,2,0,3,2,3,3,3,2,0,1,1,3,1,3,1,3,0,3,3,2,0,39
4655,0,3,3,3,1,0,3,0,2,2,1,1,2,1,0,3,1,1,2,1,2,32
4656,1,0,3,3,2,2,2,3,1,1,1,2,3,3,1,2,0,0,3,0,1,34
4657,0,2,3,2,0,3,1,2,2,1,1,1,3,0,2,1,3,0,2,2,0,31
4658,2,1,0,2,0,0,1,1,2,2,3,2,1,1,3,0,2,3,2,0,2,30
4659,3,2,3,3,0,2,0,3,1,3,1,2,0,1,0,0,2,1,3,3,2,35
4660,2,2,2,2,0,3,2,1,0,3,0,1,3,2,1,2,1,2,3,1,1,34
4661,1,3,3,0,0,1,1,3,0,3,3,2,3,3,3,2,2,2,0,0,2,37
4662,1,2,3,3,1,1,0,0,2,3,0,2,3,0,2,2,2,1,1,1,2,32
4663,1,0,3,3,1,3,0,3,0,3,2,3,0,1,0,1,1,0,2,1,0,28
4664,1,2,1,0,0,2,3,1,2,2,1,1,0,3,1,3,2,3,2,2,1,33
4665,2,2,0,3,1,2,1,1,1,3,1,1,3,2,3,3,2,2,3,2,1,39
4666,3,1,0,3,1,1,2,0,0,1,0,3,0,3,0,0,2,1,2,2,1,26
4667,1,0,0,1,0,2,3,2,3,1,1,2,0,3,1,3,0,2,0,2,3,30
4668,2,2,1,0,1,0,0,1,0,0,1,0,2,0,0,1,1,1,2,2,3,20
4669,1,2,2,3,3,3,1,1,3,0,3,0,1,2,2,3,2,0,3,0,3,38
4670,2,3,3,2,3,1,2,2,1,3,2,3,2,1,0,1,2,1,0,1,3,38
4671,1,0,0,0,1,3,3,2,3,2,0,1,0,1,2,2,1,3,0,2,2,29
4672,2,1,3,2,0,2,0,2,0,1,0,2,1,0,2,3,3,3,0,0,0,27
4673,0,3,2,3,0,1,2,3,2,2,2,2,1,1,3,3,2,1,3,0,2,38
4674,3,2,0,1,0,0,0,3,0,1,1,1,1,1,3,1,1,3,3,0,1,26
4675,0,3,0,1,1,3,2,1,0,3,1,0,3,0,1,1,0,0,2,0,2,24
4676,0,3,3,0,0,1,3,3,1,0,0,1,2,2,2,1,3,2,2,1,1,31
4677,0,1,1,2,3,0,1,3,0,0,3,1,0,1,0,0,0,2,2,0,0,20
4678,3,3,2,1,3,0,1,2,2,3,3,3,3,3,0,1,2,1,2,3,2,43
4679,1,3,2,0,2,0,0,0,1,2,0,1,1,2,3,2,2,2,0,3,2,29
4680,1,0,2,0,0,1,1,2,1,3,2,0,1,3,0,3,1,2,2,3,3,31
4681,3,2,0,3,1,2,3,1,3,2,0,3,0,2,3,3,0,1,1,0,1,34
4682,3,2,3,2,1,1,3,2,3,1,0,2,3,2,2,1,0,2,3,2,0,38
4683,3,2,0,3,2,3,0,1,2,2,1,0,1,0,0,1,1,3,1,1,3,30
4684,1,0,3,1,2,0,1,2,2,1,0,1,2,3,3,0,2,3,2,1,3,33
4685,3,1,1,3,2,2,0,2,3,3,3,2,3,2,0,2,1,0,0,1,1,35
4686,2,2,2,0,1,0,1,2,3,1,1,2,0,1,2,1,0,1,0,2,1,25
4687,3,1,2,0,2,3,2,0,3,2,3,3,0,0,1,2,2,0,1,0,1,31
4688,3,2,0,3,2,1,1,2,1,3,3,0,2,2,0,3,3,3,2,3,0,39
4689,1,2,0,3,3,2,1,1,1,2,1,1,3,0,2,0,2,1,3,0,3,32
4690,0,1,1,2,0,3,1,0,0,2,1,3,3,1,3,2,3,3,0,2,2,33
4691,2,0,0,1,2,2,2,2,3,1,0,2,2,1,3,2,2,0,2,3,1,33
4692,3,2,2,0,1,2,0,0,2,0,1,3,0,3,2,0,2,0,1,0,2,26
4693,3,2,0,3,3,3,0,1,2,1,0,1,1,1,0,2,2,0,1,3,1,30
4694,3,0,1,0,2,2,1,2,2,0,3,2,0,2,2,0,1,3,1,2,2,31
4695,3,3,3,0,2,2,1,3,1,1,3,1,1,0,3,1,3,1,0,3,0,35
4696,0,3,3,2,1,3,1,2,3,0,1,2,2,2,3,0,1,0,2,2,1,34
4697,0,0,2,0,0,0,2,2,2,3,0,1,2,1,1,2,3,0,1,1,2,25
4698,1,2,0,3,1,0,2,2,1,3,2,2,0,3,0,0,2,1,1,1,3,30
4699,1,3,2,0,1,0,2,3,2,0,1,3,3,3,0,3,2,2,2,1,0,34
4700,3,2,2,1,1,0,0,1,1,3,2,0,2,1,2,3,1,0,2,2,0,29
4701,0,0,3,0,2,0,0,3,1,3,3,3,2,3,2,0,1,3,1,0,2,32
4702,2,3,3,1,1,0,3,1,1,3,0,0,0,2,2,2,1,3,3,2,3,36
4703,2,3,0,2,0,0,3,2,3,3,2,2,0,2,0,0,1,1,0,0,1,27
4704,0,3,3,2,3,0,0,2,1,1,2,1,3,0,3,3,3,0,1,0,3,34
4705,0,0,1,3,2,3,3,3,2,0,1,2,2,2,0,3,3,3,0,3,1,37
4706,1,0,2,0,0,3,3,1,1,0,1,3,2,0,3,2,1,2,0,2,0,27
4707,1,1,1,0,2,1,0,0,1,3,0,3,3,2,3,0,1,3,0,3,1,29
4708,3,2,2,0,1,3,1,2,0,3,3,1,2,0,2,2,3,1,1,3,3,38
4709,0,0,1,1,3,3,2,1,0,2,2,0,2,0,3,2,3,1,0,3,2,31
4710,1,0,2,3,1,3,2,1,1,3,1,1,2,0,0,1,3,1,2,0,3,31
4711,3,0,2,0,1,0,2,0,1,1,2,1,3,1,3,0,1,1,0,3,3,28
4712,1,0,0,2,0,2,1,3,1,2,2,0,3,3,2,2,2,1,0,1,1,29
4713,2,1,1,2,1,0,1,0,3,2,0,1,3,0,2,1,0,2,1,0,2,25
4714,2,2,0,0,3,2,0,1,0,2,2,2,2,0,2,0,1,1,2,3,0,27
4715,2,0,3,3,2,1,2,0,3,1,3,1,1,1,2,3,1,2,1,2,0,34
4716,2,3,2,1,3,2,1,2,1,0,3,3,1,2,3,1,3,3,2,2,0,40
4717,1,1,3,2,0,3,3,2,1,2,3,3,2,1,1,3,2,1,3,1,2,40
4718,0,0,0,1,0,3,2,3,1,2,2,2,1,1,2,0,1,3,3,1,1,29
4719,1,2,1,3,0,0,0,0,3,0,1,3,1,1,3,3,3,1,2,2,0,30
4720,0,1,2,0,3,3,1,2,2,0,0,1,2,0,1,3,2,3,1,0,0,27
4721,2,0,0,0,1,0,0,1,3,2,3,1,0,0,1,1,3,2,1,2,2,25
4722,0,2,1,3,1,2,3,1,0,1,1,2,0,3,3,3,1,3,3,1,2,36
4723,1,1,3,3,2,0,2,3,3,1,1,0,0,2,3,0,3,3,2,2,3,38
4724,1,3,3,3,1,1,0,2,3,2,1,2,1,3,3,0,3,1,3,1,3,40
4725,1,2,2,3,2,3,1,2,3,2,1,3,2,1,1,0,3,3,3,3,1,42
4726,3,1,0,0,3,2,3,2,3,2,2,0,1,3,3,2,0,1,0,2,0,33
4727,1,1,2,0,1,3,3,1,3,3,2,1,3,2,0,1,0,3,3,2,1,36
4728,2,3,0,2,2,3,1,3,1,3,1,1,0,1,0,0,1,2,0,2,3,31
4729,3,3,2,1,0,3,3,1,3,1,0,3,0,3,0,2,3,3,2,3,1,40
4730,3,1,3,1,2,0,3,1,0,1,1,1,1,3,1,1,3,2,2,1,0,31
4731,3,2,0,2,0,3,0,3,3,2,2,2,3,1,0,0,1,1,0,3,3,34
4732,0,3,2,2,1,2,0,0,1,2,0,2,2,2,0,1,2,2,1,3,3,31
4733,0,0,0,1,3,3,0,3,1,1,2,3,1,2,0,0,0,3,0,3,3,29
4734,3,1,1,3,2,3,2,3,2,1,2,0,3,1,1,0,3,1,1,3,3,39
4735,3,3,2,1,2,1,1,1,0,3,0,0,2,1,0,3,3,2,0,0,3,31
4736,1,3,1,3,1,3,3,0,0,3,0,1,3,2,1,3,3,2,0,2,2,37
4737,0,1,0,1,3,1,0,2,3,3,0,0,3,2,0,1,2,2,1,2,3,30
4738,0,0,0,1,0,2,3,3,3,3,1,0,3,0,2,2,3,2,0,2,2,32
4739,0,1,2,3,1,0,1,0,0,2,2,2,0,3,1,2,3,0,2,3,3,31
4740,3,2,3,1,2,2,3,2,1,2,0,2,2,2,3,3,0,1,0,1,2,37
4741,1,0,2,2,3,0,2,1,0,1,0,0,3,1,0,0,2,1,0,3,0,22
4742,0,3,2,0,0,0,1,1,1,3,1,0,1,0,1,3,0,1,2,1,1,22
4743,1,3,1,1,0,3,0,0,0,1,3,2,0,2,2,2,3,2,0,2,3,31
4744,0,0,1,3,0,1,1,0,3,0,1,3,1,3,0,2,2,0,1,1,3,26
4745,0,3,2,2,3,3,2,1,0,2,1,3,2,1,2,0,0,3,0,2,3,35
4746,1,1,1,2,2,2,1,3,1,0,0,3,3,3,3,2,3,3,2,3,2,41
4747,2,1,3,2,2,0,3,2,0,1,0,1,2,0,1,0,3,3,3,3,0,32
4748,1,0,1,2,0,2,0,2,3,0,2,1,0,1,2,0,2,1,1,1,0,22
4749,1,2,0,0,0,2,2,0,1,3,3,2,0,0,0,1,2,2,1,0,1,23
4750,0,0,3,2,0,2,2,1,2,1,2,3,1,3,0,0,1,0,1,2,3,29
4751,1,0,1,2,1,3,3,0,3,1,1,3,1,1,1,3,2,1,3,3,1,35
4752,0,3,1,3,2,2,1,1,3,3,2,3,1,0,0,2,3,2,0,0,2,34
4753,0,0,3,3,1,2,2,0,1,2,2,2,0,1,2,1,0,0,2,3,0,27
4754,3,1,3,1,0,0,0,2,2,2,3,1,3,2,1,1,0,3,2,0,1,31
4755,0,3,0,2,2,2,1,3,2,3,2,3,2,0,0,1,2,0,0,1,0,29
4756,3,0,1,1,3,2,2,0,0,1,3,3,3,3,1,0,2,3,2,3,2,38
4757,2,0,1,0,1,2,3,3,2,1,1,1,2,3,0,2,1,0,2,0,3,30
4758,3,1,0,0,2,0,3,0,2,0,0,2,3,0,0,2,1,2,2,0,2,25
4759,3,0,2,3,0,3,0,3,2,2,2,3,2,0,3,1,2,3,3,0,3,40
4760,3,1,2,3,2,0,3,3,3,0,0,3,0,2,1,1,3,1,2,3,0,36
4761,2,1,1,1,2,2,0,2,1,2,2,0,3,0,1,2,2,3,0,3,1,31
4762,3,1,0,0,2,0,2,2,1,3,1,1,2,2,0,1,2,1,1,1,0,26
4763,3,0,1,3,1,1,0,3,2,2,2,1,3,2,2,1,1,2,1,3,2,36
4764,3,0,1,0,0,3,2,0,2,3,3,0,2,3,2,0,0,3,0,0,3,30
4765,1,3,0,0,1,1,1,0,1,1,0,0,0,1,2,3,3,1,3,1,0,23
4766,2,1,1,0,1,0,0,0,1,2,1,3,2,2,2,1,2,3,3,1,2,30
4767,1,3,3,1,1,2,1,1,1,0,3,1,3,1,2,1,3,3,1,0,0,32
4768,3,2,1,2,2,2,3,1,1,3,2,1,3,2,0,1,0,3,3,3,2,40
4769,3,2,2,1,1,3,3,1,2,1,0,2,1,0,0,3,0,0,1,1,3,30
4770,3,1,2,2,1,0,2,0,3,2,3,1,2,1,1,1,2,2,3,1,3,36
4771,2,3,2,0,3,0,1,0,2,3,3,1,1,2,1,3,0,0,3,0,3,33
4772,0,0,2,3,1,0,0,1,0,3,3,3,3,3,2,3,0,0,2,0,3,32
4773,1,0,3,0,0,1,0,2,1,2,2,0,3,0,3,0,0,0,2,0,0,20
4774,0,3,1,2,1,0,3,0,2,3,0,0,2,0,1,0,1,0,2,1,3,25
4775,0,2,3,1,0,1,0,2,1,0,2,0,0,2,1,1,1,0,3,2,2,24
4776,1,2,0,1,1,3,0,1,2,3,1,1,3,2,0,2,0,0,2,2,2,29
4777,1,3,1,3,0,3,0,1,0,0,1,0,2,3,3,2,0,2,0,1,3,29
4778,3,3,1,0,2,2,1,3,3,3,2,2,0,0,2,2,1,2,2,2,2,38
4779,2,2,0,1,0,2,2,2,2,2,2,3,3,3,3,1,0,1,2,1,1,35
4780,1,2,1,1,0,1,3,1,0,1,2,1,0,2,3,0,1,3,3,0,0,26
4781,0,3,3,0,0,2,0,2,1,2,1,3,2,2,3,3,0,2,0,1,2,32
4782,0,3,1,1,2,3,3,3,3,0,3,3,2,2,1,1,2,1,0,2,2,38
4783,2,0,0,3,3,1,0,2,1,0,3,0,2,3,3,0,1,2,2,2,3,33
4784,0,0,1,3,0,2,2,2,1,1,0,2,1,1,3,2,0,0,2,2,1,26
4785,1,0,2,1,2,1,0,0,2,0,3,3,0,2,0,0,2,3,1,3,0,26
4786,3,1,3,2,3,0,0,1,3,0,1,1,0,2,1,3,3,2,1,0,3,33
4787,3,1,2,3,2,2,3,1,1,3,0,0,3,2,3,3,0,1,3,2,0,38
4788,3,1,2,3,3,0,3,2,2,3,2,3,2,3,3,1,0,3,1,0,3,43
4789,0,2,2,0,3,2,0,1,2,0,3,2,3,3,3,0,3,1,2,3,2,37
4790,2,3,2,2,0,1,2,2,1,1,0,2,1,2,0,2,2,2,3,3,3,36
4791,0,0,2,1,3,0,1,3,1,1,3,3,2,3,2,2,2,2,2,0,3,36
4792,2,3,3,0,0,2,0,0,1,0,3,3,2,2,2,2,2,2,0,1,2,32
4793,3,2,0,2,0,1,0,2,2,2,1,1,1,2,0,1,1,1,1,1,3,27
4794,2,3,2,3,0,1,0,2,0,3,2,3,2,0,3,0,3,0,2,1,3,35
4795,3,2,2,3,1,3,2,2,2,0,3,2,0,1,1,3,3,0,0,1,2,36
4796,2,3,1,3,2,0,3,2,0,2,3,1,1,1,2,1,3,2,2,2,2,38
4797,3,1,3,2,3,1,0,1,2,0,3,0,2,3,0,3,0,2,2,1,1,33
4798,0,1,2,0,0,3,3,1,0,2,2,2,0,1,1,1,0,1,1,3,3,27
4799,3,2,1,1,0,0,3,3,3,2,2,1,2,3,0,3,1,2,0,1,3,36
4800,3,1,2,1,2,3,2,3,1,0,3,3,3,1,3,1,1,3,3,2,2,43
4801,3,0,3,3,0,2,1,1,1,0,2,0,2,0,3,1,1,1,0,2,3,29
4802,2,3,1,3,1,2,2,2,3,2,2,1,0,1,0,3,3,3,3,3,2,42
4803,2,0,2,0,0,2,2,3,3,0,2,0,2,1,1,3,3,3,0,2,3,34
4804,1,0,2,0,1,1,3,2,2,0,3,2,2,3,1,3,2,3,1,1,1,34
4805,3,2,2,3,3,1,2,1,1,0,3,0,0,3,1,1,1,0,0,0,1,28
4806,1,0,0,0,1,2,2,1,0,3,0,3,0,2,1,1,2,2,0,0,3,24
4807,0,0,3,0,3,1,2,0,2,1,1,2,3,1,0,3,3,3,1,3,0,32
4808,0,0,1,1,2,0,3,2,3,3,3,0,1,3,3,3,2,2,3,2,2,39
4809,0,3,1,3,3,2,3,0,0,1,2,2,1,1,2,1,1,1,0,3,3,33
4810,1,3,0,3,0,0,1,3,1,1,3,1,1,1,2,1,3,3,2,2,1,33
4811,1,0,0,0,3,3,1,0,1,0,0,1,2,1,2,0,3,0,0,0,0,18
4812,0,0,0,0,0,3,3,1,0,2,0,1,0,1,1,1,2,0,0,1,3,19
4813,1,1,3,2,3,1,0,2,2,0,1,1,3,2,3,1,2,3,3,2,0,36
4814,3,3,3,3,1,3,0,3,3,3,3,0,2,2,2,0,2,1,1,3,1,42
4815,2,2,0,0,2,1,3,1,2,0,2,1,2,0,0,3,0,2,2,3,2,30
4816,0,3,0,0,0,0,3,1,3,0,3,2,1,2,2,3,0,0,2,2,1,28
4817,3,3,0,2,2,0,1,3,0,2,1,3,1,2,3,3,2,3,0,2,3,39
4818,2,1,1,2,2,1,1,1,2,3,1,1,0,1,0,1,3,3,1,1,3,31
4819,1,1,1,0,0,1,1,0,3,1,2,1,0,0,3,2,1,0,1,3,2,24
4820,1,1,0,2,3,2,1,0,1,0,1,2,2,2,3,2,3,3,3,0,3,35
4821,0,0,1,3,2,1,0,0,0,1,0,0,2,0,2,3,0,0,2,0,2,19
4822,2,3,0,0,3,3,1,0,0,2,3,1,3,2,0,0,0,0,3,2,3,31
4823,0,1,3,3,2,1,2,1,0,0,2,0,3,2,3,0,2,1,1,2,1,30
4824,3,1,2,3,0,2,2,2,2,0,0,3,3,0,3,0,3,0,1,3,3,36
4825,2,1,3,0,0,0,3,2,1,0,1,1,1,3,2,2,2,1,1,2,2,30
4826,2,3,2,3,0,2,3,2,2,3,3,1,3,1,1,3,0,3,1,1,1,40
4827,2,3,1,2,0,2,0,3,3,2,2,3,2,2,0,3,3,1,3,2,3,42
4828,0,0,2,3,3,3,1,1,2,0,1,1,1,2,2,0,1,3,0,3,1,30
4829,0,1,3,3,3,3,0,0,1,2,0,2,3,1,3,3,1,3,1,2,3,38
4830,2,3,2,1,3,2,2,2,3,3,0,2,0,3,1,0,2,3,1,2,2,39
4831,3,2,1,0,1,0,1,0,0,3,3,1,1,1,1,3,3,0,2,3,0,29
4832,2,2,0,2,0,0,1,3,3,0,0,0,2,2,0,2,3,2,1,3,2,30
4833,1,3,3,0,1,1,3,0,0,0,2,3,0,1,2,1,2,3,3,0,0,29
4834,0,3,1,3,0,2,3,2,2,3,3,0,0,2,3,2,0,3,0,1,0,33
4835,0,1,1,1,3,3,1,0,0,1,0,2,1,1,1,0,3,3,3,3,1,29
4836,3,3,1,0,2,2,1,1,0,3,3,1,1,0,3,2,3,1,3,1,0,34
4837,1,1,1,3,0,3,2,3,2,1,1,3,2,1,3,2,2,1,0,2,2,36
4838,3,2,1,3,2,0,0,1,1,0,3,3,2,3,2,3,2,0,0,2,2,35
4839,1,1,0,2,2,1,2,0,3,3,3,2,1,3,3,1,1,1,1,1,2,34
4840,0,1,2,1,0,3,0,1,1,1,0,0,1,0,2,3,2,0,3,3,3,27
4841,3,1,0,3,3,2,1,1,0,1,1,2,2,0,0,2,2,1,2,0,3,30
4842,3,1,2,1,3,1,1,0,0,1,1,0,1,1,2,3,2,2,3,0,2,30
4843,1,1,3,0,0,3,3,3,0,2,0,3,3,0,0,2,2,1,1,2,1,31
4844,0,2,2,1,0,1,2,1,2,1,0,2,3,0,2,0,3,2,2,0,0,26
4845,0,0,3,2,3,0,2,3,2,2,0,2,3,3,3,0,1,2,0,2,1,34
4846,2,1,0,1,0,3,1,0,1,1,1,0,2,1,3,2,2,2,0,3,2,28
4847,1,2,3,0,2,1,3,2,0,3,1,1,3,1,3,3,2,2,2,2,3,40
4848,2,3,1,3,1,0,2,1,3,2,1,0,2,2,0,3,2,2,3,3,3,39
4849,2,0,3,0,3,3,1,1,1,0,0,1,0,3,1,0,3,3,1,0,2,28
4850,2,1,3,0,3,3,3,1,2,2,0,3,1,2,1,3,0,2,2,2,0,36
4851,1,0,1,1,0,0,3,3,3,2,0,2,1,2,2,3,1,3,0,3,2,33
4852,0,3,3,3,3,1,1,1,1,3,0,0,1,3,0,2,0,2,2,0,0,29
4853,1,3,0,3,3,1,1,1,2,1,2,2,2,2,0,3,2,0,3,0,0,32
4854,0,0,1,1,1,0,1,1,2,2,0,2,2,3,1,1,1,0,0,1,2,22
4855,3,3,3,1,3,2,0,0,0,1,2,1,0,1,3,0,1,3,2,2,2,33
4856,1,2,0,3,2,3,2,0,3,0,2,1,2,1,0,1,0,3,3,0,0,29
4857,3,2,3,0,0,0,1,2,2,0,1,1,2,1,3,2,3,2,2,2,2,34
4858,2,0,1,1,0,1,1,3,3,1,1,2,0,0,2,2,1,2,0,2,0,25
4859,3,0,2,0,3,1,3,0,2,3,3,2,0,1,0,1,0,3,2,1,1,31
4860,0,0,0,0,3,3,3,0,3,1,0,0,2,0,0,2,3,3,1,3,0,27
4861,2,1,3,2,3,0,3,1,1,2,0,3,1,0,0,0,1,0,2,2,3,30
4862,2,3,0,0,1,2,3,0,0,0,1,1,0,2,2,1,1,2,0,2,3,26
4863,3,3,3,2,1,1,0,3,1,3,0,3,1,1,1,1,2,1,0,1,0,31
4864,2,3,0,1,2,0,3,1,0,2,2,1,0,2,0,0,2,1,3,3,0,28
4865,3,1,1,3,2,0,2,1,3,1,3,3,1,1,0,1,3,1,1,2,1,34
4866,0,3,3,1,3,3,0,1,2,0,0,0,2,2,2,3,0,0,2,2,2,31
4867,1,3,2,3,1,0,2,1,1,2,3,2,1,3,2,0,1,2,3,0,0,33
4868,1,1,2,0,0,2,0,3,0,3,2,1,2,0,1,0,0,3,2,2,2,27
4869,1,2,0,1,0,0,0,3,0,1,2,1,2,0,3,3,0,0,0,3,2,24
4870,3,2,1,1,3,1,1,2,3,0,3,2,3,0,3,0,3,2,0,0,0,33
4871,2,3,2,1,0,0,0,0,2,2,1,3,1,0,2,3,0,3,3,2,2,32
4872,0,0,1,1,3,0,3,3,3,2,0,3,3,2,2,3,2,1,2,1,3,38
4873,0,2,1,2,1,2,2,3,3,1,0,1,3,3,1,1,1,0,1,2,0,30
4874,3,1,2,2,0,2,2,3,3,0,1,3,1,1,1,1,3,2,3,3,1,38
4875,1,1,3,0,3,2,0,2,1,2,0,2,0,0,2,2,3,0,1,3,1,29
4876,3,2,0,0,1,3,1,1,1,0,3,2,3,0,3,0,0,0,2,0,1,26
4877,2,1,3,2,1,1,1,2,2,3,2,1,1,3,1,1,1,1,1,3,0,33
4878,1,2,3,1,0,1,3,2,3,2,0,2,3,2,3,0,1,2,3,3,3,40
4879,0,1,1,2,3,1,0,0,2,1,2,1,3,1,1,3,1,0,3,3,0,29
4880,0,0,2,1,0,3,2,0,3,2,3,0,1,3,1,2,2,1,2,1,3,32
4881,1,1,3,3,1,2,1,2,2,2,0,0,2,0,1,3,3,3,2,2,1,35
4882,1,2,3,0,3,1,2,3,3,0,2,3,3,0,2,2,1,1,0,1,2,35
4883,3,3,3,3,1,2,1,3,1,0,1,0,3,1,1,1,1,1,2,3,3,37
4884,2,0,0,2,1,2,1,3,2,2,1,3,3,1,0,2,2,3,3,0,3,36
4885,1,0,3,2,0,2,2,3,0,2,0,3,3,3,2,3,3,1,0,0,2,35
4886,0,2,1,2,1,0,1,1,1,0,3,2,1,0,3,3,2,1,0,1,3,28
4887,3,1,2,1,1,0,3,0,3,1,2,0,2,2,1,1,1,1,3,1,0,29
4888,0,0,2,3,3,2,0,2,2,0,1,3,3,2,2,0,0,2,0,3,1,31
4889,2,2,2,0,2,2,1,2,0,2,2,3,1,1,1,1,1,3,1,1,0,30
4890,1,3,3,0,0,3,2,1,1,2,2,2,1,1,2,1,1,3,2,2,2,35
4891,1,2,1,3,2,2,0,3,1,0,0,3,2,0,0,0,1,1,3,1,0,26
4892,1,2,2,2,3,3,2,0,2,0,1,0,2,3,0,0,3,2,3,2,2,35
4893,2,0,2,1,2,3,3,3,0,2,1,1,1,1,2,2,0,2,0,3,2,33
4894,0,1,1,0,1,1,1,1,0,2,3,0,1,3,3,1,2,2,3,2,0,28
4895,1,2,3,1,2,1,0,2,0,3,1,2,0,3,3,1,2,2,3,3,1,36
4896,0,1,0,0,1,0,3,1,1,0,3,3,0,2,3,2,2,3,1,0,3,29
4897,3,1,2,1,1,3,2,2,3,1,2,2,1,2,0,2,0,3,1,2,0,34
4898,2,3,0,2,3,3,2,3,3,0,0,2,0,0,1,2,2,0,0,3,3,34
4899,3,1,3,1,3,2,3,0,2,2,1,2,2,0,1,0,0,0,1,3,3,33
4900,3,1,2,1,2,1,3,3,2,1,3,2,3,2,0,2,1,0,2,2,1,37
4901,2,0,3,3,3,0,3,2,0,2,0,3,2,0,0,1,2,0,1,1,1,29
4902,3,1,3,2,1,0,0,1,0,0,1,1,0,0,3,2,0,2,2,1,1,24
4903,3,1,0,3,3,0,0,2,1,3,1,3,0,3,2,1,2,3,3,2,3,39
4904,1,0,2,3,2,1,0,1,2,2,3,1,0,2,2,1,0,1,2,0,2,28
4905,2,0,0,0,0,2,2,1,0,1,1,0,2,1,2,0,0,3,0,1,1,19
4906,1,0,1,1,1,1,0,3,1,0,0,3,1,1,3,1,3,2,0,1,2,26
4907,2,1,2,2,1,2,1,3,3,0,2,1,1,0,2,2,0,0,1,3,0,29
4908,3,1,1,0,0,2,1,1,0,3,2,1,1,0,2,0,1,0,1,0,0,20
4909,3,2,2,0,2,3,2,0,2,1,3,2,0,2,2,1,0,0,0,1,2,30
4910,3,0,0,0,2,2,3,2,3,0,0,1,3,1,1,3,3,2,3,1,3,36
4911,2,0,2,3,0,3,1,0,1,2,3,3,3,3,2,1,3,0,2,3,2,39
4912,2,3,3,1,2,2,3,3,2,0,3,2,3,0,3,2,0,3,2,1,3,43
4913,1,3,2,3,2,2,1,0,1,1,2,2,3,0,0,1,1,3,1,3,1,33
4914,2,1,0,0,1,2,3,3,0,0,3,0,1,2,2,2,1,1,3,2,3,32
4915,2,2,2,2,1,3,3,1,1,3,1,2,2,1,3,2,2,2,2,3,0,40
4916,0,2,0,3,2,1,2,1,0,1,3,3,1,2,0,3,1,0,3,0,1,29
4917,3,3,3,1,1,0,1,3,3,1,2,3,3,2,1,3,3,3,1,2,2,44
4918,3,3,0,2,1,1,2,1,3,1,3,0,1,1,0,2,0,1,1,2,3,31
4919,2,3,1,1,1,2,1,1,3,1,1,3,0,0,2,2,3,1,3,3,3,37
4920,3,3,0,1,2,2,1,0,3,1,3,2,0,0,2,2,3,0,2,1,1,32
4921,1,1,0,3,0,3,2,1,0,1,3,0,3,0,0,2,0,3,3,3,3,32
4922,2,0,2,0,2,2,2,1,3,0,2,2,1,3,0,0,2,2,0,1,2,29
4923,0,0,3,1,3,1,0,2,1,1,1,2,3,0,0,1,3,2,1,0,3,28
4924,0,3,3,2,2,0,1,2,3,3,3,2,2,3,3,0,2,2,1,2,0,39
4925,0,0,1,2,1,1,0,1,1,0,3,1,0,1,3,0,3,3,3,3,1,28
4926,3,3,0,0,1,2,1,1,0,1,0,3,2,2,2,3,1,1,3,0,3,32
4927,3,2,1,1,1,1,2,2,1,1,3,1,2,2,3,3,3,0,3,1,3,39
4928,2,1,1,3,2,1,2,0,1,2,3,3,1,2,0,2,1,2,3,3,3,38
4929,2,2,0,3,1,3,0,3,3,2,3,2,1,0,0,1,0,2,2,2,1,33
4930,3,2,0,0,3,0,2,3,3,3,3,1,2,0,2,3,1,2,2,0,3,38
4931,1,2,1,2,2,1,3,0,0,0,2,2,0,2,1,2,2,1,1,3,3,31
4932,3,0,3,3,1,3,1,3,0,0,0,3,0,1,2,2,2,3,3,2,3,38
4933,0,0,1,2,1,2,1,0,2,3,2,1,0,1,0,0,2,2,2,3,2,27
4934,2,0,3,0,3,2,1,1,0,1,3,2,2,3,0,1,0,2,3,3,0,32
4935,0,0,3,3,1,0,3,1,3,2,2,2,0,1,1,2,1,3,1,2,3,34
4936,2,1,0,0,1,1,1,2,2,1,2,1,3,1,2,2,2,0,1,3,1,29
4937,1,0,3,1,0,3,1,3,0,1,3,1,1,0,2,3,1,1,1,1,2,29
4938,1,1,3,3,3,2,2,3,2,1,2,0,0,1,0,2,1,1,2,2,0,32
4939,3,3,0,1,1,1,2,2,0,2,0,2,2,2,2,2,2,2,2,1,3,35
4940,1,0,1,2,1,1,0,1,3,3,1,1,0,0,2,0,3,0,0,1,0,21
4941,1,0,2,3,0,3,3,0,2,2,2,2,3,1,0,2,0,1,0,1,1,29
4942,1,1,1,0,0,1,1,1,0,2,3,0,3,0,1,1,1,2,0,3,1,23
4943,0,0,1,2,3,1,1,1,1,1,2,3,0,0,3,2,2,3,3,3,3,35
4944,3,3,2,3,2,3,2,2,3,3,0,2,1,0,2,2,1,2,0,1,0,37
4945,2,3,2,0,1,0,1,0,0,3,1,1,1,2,0,3,2,1,2,1,3,29
4946,0,3,0,2,2,2,2,2,0,0,0,3,3,0,2,3,0,3,2,0,0,29
4947,3,0,2,0,3,1,1,1,1,3,0,1,3,1,3,3,3,0,1,0,0,30
4948,1,0,2,0,3,3,1,2,2,3,0,0,2,0,3,3,1,0,3,3,2,34
4949,2,0,3,3,0,3,2,1,3,1,1,2,2,2,1,1,0,0,3,3,3,36
4950,3,1,0,1,2,3,3,3,1,1,2,0,2,3,2,3,1,1,1,1,1,35
4951,3,2,0,2,3,2,0,0,2,2,2,1,1,2,2,3,0,2,1,1,1,32
4952,1,3,2,2,3,1,2,3,2,1,1,3,3,3,2,0,0,3,1,1,1,38
4953,1,1,3,1,3,2,0,0,3,2,2,3,2,1,0,3,2,3,1,0,3,36
4954,3,1,3,3,2,3,2,3,2,0,0,0,0,1,1,0,1,3,1,3,3,35
4955,0,2,1,2,1,3,1,3,3,3,2,2,3,2,0,2,3,3,0,3,3,42
4956,2,3,3,2,2,2,0,0,3,0,1,2,3,2,2,3,0,3,1,0,2,36
4957,1,2,0,3,2,1,2,0,0,1,1,1,0,2,3,1,0,1,0,2,0,23
4958,3,3,2,0,1,0,3,3,2,3,1,1,0,3,2,0,1,1,2,2,0,33
4959,2,1,0,0,3,0,3,3,3,1,3,1,3,0,1,3,0,2,1,3,2,35
4960,1,2,3,1,1,3,3,1,2,3,0,2,2,2,3,2,0,3,2,0,0,36
4961,2,0,3,0,3,2,3,3,0,0,0,2,1,1,2,3,3,2,2,1,0,33
4962,2,1,3,2,0,1,2,0,0,2,0,2,1,2,3,3,0,3,0,0,0,27
4963,0,1,0,0,1,0,0,2,2,0,3,0,0,0,2,3,2,2,2,2,1,23
4964,0,0,2,1,0,2,1,2,0,3,1,3,0,2,0,0,3,3,3,3,2,31
4965,0,1,3,0,2,1,2,1,1,0,3,0,2,1,0,1,0,3,0,2,2,25
4966,1,0,2,0,1,1,1,3,0,2,2,0,1,0,0,1,0,0,3,3,0,21
4967,0,3,2,0,1,3,3,2,2,2,2,0,3,2,3,3,1,1,2,2,0,37
4968,3,0,3,0,1,0,2,3,3,0,1,0,3,3,2,3,2,1,0,1,0,31
4969,1,0,1,1,0,3,2,3,2,2,2,2,2,0,2,2,0,3,1,3,2,34
4970,3,1,3,0,2,0,2,2,1,3,2,3,1,2,3,2,2,2,2,3,3,42
4971,1,1,3,0,1,1,0,0,0,2,0,0,3,3,3,2,2,1,0,3,1,27
4972,0,1,2,0,0,2,0,2,1,1,2,3,0,1,0,1,2,2,3,1,0,24
4973,0,1,3,2,3,0,1,3,1,2,2,0,1,0,1,1,0,1,3,1,0,26
4974,3,2,0,0,0,1,1,2,0,0,3,3,1,0,0,0,1,1,3,3,1,25
4975,1,3,2,3,0,0,1,1,0,3,3,0,3,1,1,3,3,0,1,0,3,32
4976,0,2,2,2,3,1,1,3,1,0,0,1,3,1,0,0,3,3,2,0,1,29
4977,2,1,3,1,2,3,3,3,1,1,0,3,3,3,1,2,2,3,3,3,2,45
4978,0,2,1,1,2,0,0,0,3,1,2,0,1,0,0,0,2,2,2,0,0,19
4979,3,1,1,1,2,0,0,1,3,3,2,1,1,1,0,2,2,0,1,3,2,30
4980,0,2,3,3,2,2,2,3,3,2,3,1,0,0,0,1,1,1,2,2,3,36
4981,3,2,0,2,0,3,1,1,3,3,3,1,0,0,0,2,1,0,3,1,2,31
4982,0,0,0,0,2,3,3,0,0,0,0,2,2,2,0,1,2,2,3,2,0,24
4983,1,2,2,1,2,0,1,2,2,3,0,2,2,3,3,2,1,3,1,2,3,38
4984,2,1,2,1,2,0,1,2,3,2,3,0,2,0,3,2,1,2,2,0,1,32
4985,1,2,2,0,2,0,3,1,1,2,1,1,1,2,1,3,2,1,1,0,0,27
4986,3,0,0,3,2,0,2,2,3,2,1,0,0,2,2,2,2,0,0,1,0,27
4987,1,2,0,1,3,2,2,1,0,0,3,1,3,2,0,2,0,0,2,3,3,31
4988,1,0,0,2,2,2,2,0,1,1,3,1,1,0,1,1,2,0,2,3,1,26
4989,3,1,3,2,1,1,3,2,3,3,1,0,1,2,3,3,0,0,2,2,0,36
4990,3,3,2,1,0,0,1,0,0,2,0,1,1,0,0,2,3,3,0,1,2,25
4991,2,0,1,3,2,2,2,3,3,0,0,3,2,3,1,1,0,1,1,2,2,34
4992,3,1,0,1,3,0,2,3,3,2,0,2,2,0,1,3,3,1,1,0,1,32
4993,3,1,2,0,1,3,2,1,1,1,1,3,2,0,0,2,2,2,2,2,0,31
4994,0,2,3,2,3,0,2,1,1,2,3,3,0,3,1,1,3,0,0,2,1,33
4995,0,1,0,2,1,0,3,0,1,1,2,3,2,1,2,2,2,0,3,2,3,31
4996,0,2,2,3,1,3,3,3,0,0,2,3,3,2,3,3,1,0,2,3,0,39
4997,2,2,1,2,1,2,1,2,3,1,1,0,2,1,3,1,0,2,2,3,1,33
4998,0,2,0,1,3,0,0,3,0,2,3,3,1,3,3,3,1,2,2,3,1,36
4999,1,3,2,3,2,1,3,2,2,1,2,2,3,0,0,2,0,0,2,3,2,36
5000,1,3,2,0,1,3,0,1,0,1,3,1,2,3,2,2,3,0,0,3,0,31
5001,1,0,3,2,3,1,1,2,0,3,2,0,2,1,3,3,2,1,1,0,2,33
5002,1,0,2,3,3,0,3,1,0,3,1,3,0,3,2,0,0,3,2,0,0,30
5003,0,3,0,3,2,1,1,0,0,0,1,2,0,0,3,0,3,3,3,1,0,26
5004,0,0,1,3,2,2,2,2,3,0,0,3,3,1,0,3,0,2,2,2,3,34
5005,2,0,0,2,2,3,0,3,2,3,2,2,1,2,1,2,3,2,1,0,1,34
5006,0,1,2,0,1,1,3,3,3,0,0,0,0,1,0,2,3,1,0,0,0,21
5007,0,2,0,3,1,3,1,3,3,3,3,3,1,2,3,2,2,0,0,3,3,41
5008,1,3,3,0,3,1,3,3,3,1,1,0,1,3,1,2,0,2,0,1,1,33
5009,3,3,1,3,1,0,0,0,0,3,3,1,1,3,0,1,3,3,0,0,0,29
5010,1,2,0,3,1,2,2,2,1,2,3,2,0,3,2,1,1,2,0,3,2,35
5011,0,0,2,3,3,0,0,2,3,0,2,0,2,1,3,3,0,1,1,1,3,30
5012,3,2,2,0,2,0,2,0,2,1,2,2,2,1,2,2,0,0,2,0,2,29
5013,0,1,0,0,0,1,1,1,3,0,3,1,1,2,2,3,1,3,2,2,0,27
5014,2,1,1,2,3,1,2,2,0,0,0,0,1,3,0,1,2,0,2,0,1,24
5015,0,2,0,2,2,2,1,1,3,2,2,3,1,0,2,0,3,2,0,0,1,29
5016,1,1,0,2,2,2,3,0,1,1,2,2,2,2,3,0,2,3,0,1,0,30
5017,3,1,3,2,0,0,3,1,1,2,3,1,0,0,3,1,3,1,2,0,2,32
5018,2,0,2,0,2,2,2,3,3,1,2,3,3,2,1,1,2,3,1,0,0,35
5019,0,0,2,0,0,1,3,0,1,0,3,0,1,2,3,2,2,2,2,2,3,29
5020,0,0,2,1,2,1,1,3,0,0,0,3,2,2,0,1,3,2,3,3,2,31
5021,2,0,1,0,2,0,2,1,3,1,0,1,0,2,1,3,1,3,1,3,2,29
5022,0,2,0,0,2,3,2,2,3,2,1,2,3,3,1,3,2,3,0,1,3,38
5023,3,3,1,0,2,1,1,3,3,2,3,0,3,1,1,2,3,2,3,3,0,40
5024,2,3,2,3,2,2,1,3,1,1,1,1,0,2,0,0,2,2,2,1,2,33
5025,2,1,0,3,3,3,3,3,1,2,1,3,1,2,3,3,1,2,1,1,2,41
5026,2,1,0,0,2,1,2,0,0,3,3,0,0,0,2,0,2,2,2,0,0,22
5027,0,0,3,2,3,1,2,2,0,3,2,0,2,2,2,0,0,2,1,0,1,28
5028,2,2,2,2,0,0,0,1,3,0,0,0,3,3,1,0,0,1,3,0,1,24
5029,0,2,2,0,3,2,3,2,3,1,0,0,0,3,2,2,2,3,0,2,3,35
5030,1,0,3,1,0,2,2,1,2,3,1,1,2,1,3,0,2,1,0,1,3,30
5031,2,3,0,1,0,0,0,3,3,2,2,2,0,3,1,0,3,2,2,1,1,31
5032,2,0,0,3,2,3,1,0,2,1,2,0,3,2,1,0,0,1,0,3,3,29
5033,0,2,0,1,2,1,1,3,0,3,1,2,2,3,2,3,2,0,1,0,1,30
5034,2,2,2,3,1,2,3,2,3,1,0,2,2,1,3,1,1,0,0,0,2,33
5035,2,0,0,0,0,2,1,0,3,0,1,3,3,2,2,0,1,3,3,2,2,30
5036,2,0,0,1,3,3,3,0,1,3,1,3,2,3,3,1,3,0,0,1,0,33
5037,1,3,0,2,1,3,0,1,2,2,3,1,3,0,0,1,3,2,1,3,0,32
5038,1,3,3,3,3,3,2,3,3,0,3,2,0,0,2,2,0,2,1,0,1,37
5039,2,3,1,3,2,0,1,3,3,0,0,3,1,0,3,1,0,3,1,2,2,34
5040,3,1,2,1,0,0,0,3,1,1,1,1,2,1,2,0,1,2,3,3,0,28
5041,3,3,1,0,3,1,0,1,0,1,0,0,0,0,3,1,2,1,0,2,3,25
5042,2,0,0,1,3,1,0,0,3,2,2,1,0,0,3,2,2,2,0,2,1,27
5043,3,2,0,2,1,2,2,1,1,1,3,0,1,1,2,2,0,1,0,2,3,30
5044,3,1,2,1,2,2,1,1,3,2,0,0,0,1,2,1,1,2,0,2,0,27
5045,2,3,0,1,1,0,3,0,2,1,1,1,3,0,3,3,0,2,3,2,3,34
5046,1,2,3,3,0,3,1,1,3,0,1,0,1,3,0,3,2,3,1,2,1,34
5047,2,1,2,1,1,0,0,3,1,2,0,2,3,1,0,3,1,0,1,3,0,27
5048,1,2,3,1,0,2,1,3,3,2,3,2,0,0,0,1,3,1,1,1,0,30
5049,2,0,1,3,2,2,1,3,3,3,3,1,2,0,1,2,1,3,3,0,3,39
5050,3,2,2,3,2,1,3,1,2,1,2,3,3,3,2,1,2,2,1,2,3,44
5051,1,3,0,0,3,1,0,0,3,1,3,1,0,3,3,2,3,0,1,3,0,31
5052,0,0,2,3,1,3,3,1,2,2,2,2,2,3,2,3,2,0,0,0,1,34
5053,0,0,2,1,2,0,2,1,0,2,1,0,0,1,0,3,3,3,3,3,1,28
5054,3,3,3,3,2,2,3,0,0,0,1,2,3,1,3,2,0,3,2,1,3,40
5055,3,1,0,2,3,0,2,0,2,3,3,3,0,3,3,2,3,3,2,2,3,43
5056,0,3,1,3,3,3,2,0,0,2,1,2,2,0,2,3,2,1,1,0,3,34
5057,2,1,1,3,2,3,2,2,2,0,0,1,2,3,2,0,1,1,3,0,2,33
5058,1,2,3,2,3,3,3,1,1,0,2,2,1,2,1,3,2,1,1,1,3,38
5059,1,3,2,0,3,3,0,1,2,3,0,1,1,3,3,2,1,3,2,2,0,36
5060,3,2,0,1,3,3,3,3,2,1,0,1,0,1,1,1,0,1,1,3,3,33
5061,0,0,1,3,3,0,0,0,1,2,2,0,0,0,0,1,3,3,0,1,2,22
5062,0,0,1,3,0,2,3,1,0,0,0,0,1,2,0,0,0,1,0,0,1,15
5063,0,3,3,0,0,0,3,1,0,1,0,0,0,3,3,1,3,2,2,1,0,26
5064,3,3,2,0,0,1,1,0,2,2,2,3,1,0,0,2,1,2,0,0,3,28
5065,1,2,1,1,0,3,0,0,1,1,1,3,3,2,1,2,3,1,2,2,2,32
5066,0,3,3,1,0,1,3,1,1,2,3,0,3,1,0,0,1,2,3,1,0,29
5067,1,0,0,0,3,1,1,3,0,2,1,2,0,1,1,2,1,2,0,3,1,25
5068,1,0,0,2,0,3,1,0,1,3,3,2,1,1,1,2,1,0,0,0,0,22
5069,3,1,2,3,0,0,2,1,2,0,1,3,3,1,1,2,1,0,2,1,2,31
5070,0,0,0,1,0,3,1,0,1,1,0,1,2,2,1,3,2,1,1,2,3,25
5071,2,0,1,1,2,1,0,0,1,1,3,2,3,1,3,2,0,1,0,2,2,28
5072,2,0,3,3,1,1,1,3,1,2,3,3,2,2,2,0,2,2,1,3,0,37
5073,0,3,1,1,3,0,0,0,3,1,1,3,3,2,3,0,3,2,0,1,0,30
5074,0,2,3,1,0,2,2,1,3,1,1,0,1,3,0,2,3,1,1,2,0,29
5075,2,1,2,1,1,0,3,2,3,3,1,2,2,0,2,3,2,2,1,1,2,36
5076,3,3,1,2,0,2,2,2,3,2,0,1,2,0,2,0,0,0,1,0,0,26
5077,1,2,3,3,0,0,1,0,2,2,2,3,0,0,3,2,1,1,0,3,1,30
5078,0,3,1,3,2,2,1,2,3,3,3,1,0,2,1,1,1,2,3,1,0,35
5079,3,1,0,1,2,1,1,2,3,1,1,1,1,2,1,1,2,2,1,3,2,32
5080,0,3,1,1,0,3,2,0,1,3,2,3,1,2,3,1,0,3,2,2,3,36
5081,1,0,2,0,0,2,1,2,2,0,3,0,2,0,0,1,1,3,3,3,1,27
5082,1,1,2,1,0,2,3,2,2,1,2,1,3,3,3,1,1,1,3,0,2,35
5083,2,2,3,3,1,1,0,2,2,3,3,0,3,0,2,3,0,1,2,3,1,37
5084,2,2,1,2,2,3,0,2,0,0,2,2,0,2,0,2,2,1,2,0,2,29
5085,2,0,1,0,1,1,2,0,1,0,2,2,2,2,3,2,0,3,0,2,3,29
5086,2,2,1,2,1,0,1,0,0,1,2,1,2,1,1,3,3,2,1,1,1,28
5087,3,1,1,0,1,0,3,3,0,1,1,3,0,0,1,0,0,0,1,0,1,20
5088,3,3,2,3,0,3,2,2,0,1,1,3,3,1,3,3,0,0,0,2,0,35
5089,1,1,0,2,1,2,3,3,1,3,2,1,1,0,2,1,1,3,0,3,1,32
5090,0,1,0,0,3,0,1,3,2,1,1,0,3,2,0,3,2,1,0,0,0,23
5091,3,3,3,2,1,1,0,2,1,0,0,0,0,0,2,2,1,3,2,2,1,29
5092,2,1,1,3,2,0,2,1,1,2,1,1,0,1,0,2,1,1,1,1,0,24
5093,2,2,1,0,3,3,3,3,0,1,1,0,0,2,1,0,2,3,3,0,3,33
5094,2,0,0,2,2,3,0,1,2,0,3,3,1,1,2,2,1,3,0,1,2,31
5095,3,1,3,0,0,0,1,0,2,2,2,3,1,0,2,0,1,0,1,0,3,25
5096,2,3,0,0,0,2,0,0,1,1,1,1,1,0,0,3,0,0,3,3,2,23
5097,3,0,1,1,3,1,1,3,2,2,3,2,0,0,3,1,1,0,3,1,3,34
5098,3,1,2,3,3,2,2,0,0,0,0,3,1,0,0,3,2,2,0,3,3,33
5099,1,0,3,0,0,0,2,1,3,1,3,2,0,2,1,0,3,3,3,2,0,30
5100,3,1,2,1,3,0,2,2,3,1,0,2,0,0,0,3,1,0,1,0,2,27
5101,1,0,2,0,1,0,3,1,1,0,2,2,2,3,3,3,0,3,1,2,1,31
5102,2,3,1,1,0,1,3,1,3,0,1,3,0,2,2,2,3,1,1,3,2,35
5103,0,2,2,0,2,1,0,2,2,3,0,3,1,2,0,1,3,2,3,1,3,33
5104,0,1,3,2,0,3,0,3,0,2,3,3,1,1,3,3,3,3,0,3,3,40
5105,2,0,3,1,0,3,0,1,1,3,0,0,2,1,3,3,3,0,3,2,0,31
5106,0,3,3,2,0,3,2,3,1,2,3,1,3,0,1,1,3,3,3,3,0,40
5107,0,2,0,1,0,0,2,3,2,3,2,1,0,0,1,3,2,2,0,3,1,28
5108,2,3,3,0,1,0,1,3,3,1,1,1,3,0,1,2,2,1,0,1,0,29
5109,0,0,3,2,2,2,3,0,0,1,1,1,2,0,0,1,2,0,2,2,0,24
5110,0,1,0,0,2,0,0,3,1,3,2,0,1,0,0,2,1,1,1,1,2,21
5111,2,0,3,2,2,2,1,2,3,3,3,1,0,3,2,3,3,2,2,2,3,44
5112,2,2,1,1,2,0,2,2,3,0,1,2,1,1,1,1,1,0,3,1,0,27
5113,3,1,0,3,1,3,1,3,0,0,1,1,1,1,3,2,2,2,1,2,2,33
5114,2,3,2,0,3,3,2,0,3,2,0,2,2,3,3,3,0,0,3,3,3,42
5115,2,1,2,1,3,0,2,0,1,0,2,3,3,1,1,0,3,1,1,1,1,29
5116,2,3,3,0,0,1,2,1,2,2,3,1,0,2,0,3,0,3,3,0,0,31
5117,2,2,3,3,1,2,3,1,2,1,0,2,2,3,2,2,3,1,1,3,1,40
5118,3,3,2,1,2,2,3,2,2,1,0,2,1,0,3,1,3,3,1,0,2,37
5119,0,2,3,3,3,2,1,2,3,1,1,2,0,0,3,0,1,3,1,0,2,33
5120,0,1,3,3,2,0,3,1,2,0,2,2,2,0,0,0,2,2,1,3,3,32
5121,2,1,1,3,0,3,3,3,2,3,1,0,1,2,3,0,2,0,1,3,0,34
5122,2,3,3,3,1,3,3,2,3,2,3,2,2,2,3,2,2,1,3,1,1,47
5123,3,1,0,3,3,1,3,2,2,1,1,3,3,3,2,3,0,2,2,0,2,40
5124,2,2,1,2,1,0,1,2,3,3,3,3,0,2,0,0,1,3,1,2,0,32
5125,3,2,1,1,1,3,3,0,2,0,0,0,0,0,1,2,0,1,0,3,1,24
5126,1,0,3,1,1,0,2,2,0,0,1,0,2,3,2,2,0,2,1,2,0,25
5127,3,2,3,3,2,1,2,0,2,3,1,1,3,0,0,0,0,1,3,3,1,34
5128,2,0,2,3,2,0,2,0,0,1,0,3,1,0,1,1,3,0,3,0,0,24
5129,3,0,2,0,1,0,0,0,0,0,3,3,3,3,2,3,2,3,2,3,0,33
5130,0,1,1,0,1,0,1,2,1,3,2,0,3,2,0,3,0,3,2,3,0,28
5131,0,0,3,3,3,2,3,0,3,1,2,3,3,2,1,2,0,0,2,1,2,36
5132,1,1,1,3,0,3,0,3,1,1,3,0,2,2,3,1,2,0,1,0,0,28
5133,1,1,3,3,3,0,0,1,1,0,2,0,1,0,1,1,0,3,2,1,0,24
5134,0,0,3,3,2,3,1,0,3,2,3,2,3,0,3,2,2,0,3,3,1,39
5135,0,1,2,1,1,0,0,1,1,3,1,3,2,3,2,0,1,3,2,2,1,30
5136,0,1,1,2,2,1,3,3,0,2,0,1,1,2,3,2,0,1,0,1,2,28
5137,2,0,1,0,1,0,0,3,0,2,3,2,2,0,2,0,3,0,3,2,3,29
5138,2,0,1,1,0,0,2,3,0,0,3,1,0,2,1,1,1,2,1,1,1,23
5139,3,3,3,2,1,0,0,1,3,2,3,3,2,1,0,3,2,3,2,2,3,42
5140,3,1,3,2,0,1,2,3,2,1,0,3,1,1,0,0,0,3,1,3,0,30
5141,2,0,2,2,1,0,2,2,2,1,1,2,2,2,0,1,1,2,2,1,0,28
5142,1,3,1,1,3,1,0,3,3,3,1,1,2,0,1,1,0,3,1,2,0,31
5143,2,3,3,1,0,2,2,2,2,2,2,3,0,1,2,0,2,0,2,0,1,32
5144,3,2,3,2,3,0,1,3,2,1,1,2,1,1,1,2,1,3,0,0,1,33
5145,2,3,1,0,3,1,0,1,0,0,0,2,2,0,2,2,0,0,2,2,0,23
5146,1,3,1,3,3,0,0,2,2,1,3,0,3,2,1,3,2,1,3,2,0,36
5147,3,1,1,1,2,0,0,2,0,1,1,1,1,1,0,2,2,0,0,1,2,22
5148,1,1,3,0,1,1,1,0,3,2,2,1,3,2,3,0,3,3,1,3,1,35
5149,3,0,0,1,1,0,0,3,2,3,2,3,1,1,0,2,2,1,0,1,0,26
5150,1,3,3,2,3,1,0,1,0,1,1,0,2,3,2,2,3,3,1,0,1,33
5151,1,3,1,2,3,3,2,0,0,3,2,1,0,0,3,3,3,3,2,3,1,39
5152,1,0,3,3,0,0,1,3,0,2,1,1,3,1,2,1,2,1,2,1,0,28
5153,0,2,2,2,3,0,2,0,2,2,3,2,0,1,0,1,0,3,2,3,1,31
5154,2,1,0,1,3,0,0,1,0,1,3,1,1,2,3,1,1,1,3,2,3,30
5155,3,0,0,2,1,0,3,3,1,2,1,3,3,2,0,1,0,1,2,0,2,30
5156,0,0,2,0,3,1,2,3,1,3,1,2,2,1,3,1,3,3,0,2,1,34
5157,3,3,2,1,2,3,1,1,2,3,2,0,3,1,0,0,2,3,0,3,1,36
5158,1,0,2,2,0,1,0,3,3,3,1,3,0,0,0,0,3,1,0,2,1,26
5159,3,1,2,1,0,0,1,2,2,3,3,2,3,2,2,3,2,0,2,3,3,40
5160,2,0,1,1,1,3,3,3,3,1,3,3,3,3,2,1,1,2,0,3,3,42
5161,3,2,1,1,0,0,0,3,3,1,0,2,0,0,3,2,0,3,2,3,2,31
5162,3,1,2,1,0,3,3,3,3,0,1,0,1,1,3,2,1,0,1,1,1,31
5163,2,2,3,2,0,2,2,3,2,2,2,3,1,1,0,1,0,2,2,0,3,35
5164,3,2,1,2,3,0,0,1,0,2,3,3,3,2,2,1,1,3,3,3,1,39
5165,2,2,2,3,3,0,1,1,2,3,3,0,3,2,1,1,0,2,1,2,1,35
5166,3,3,1,0,1,3,3,1,0,2,3,1,0,0,0,3,2,2,2,3,0,33
5167,3,3,2,0,0,1,1,0,3,3,2,2,0,3,1,1,3,1,3,1,2,35
5168,1,3,0,0,2,0,1,0,3,1,3,3,0,2,3,0,1,2,1,2,0,28
5169,0,2,2,1,1,1,1,2,1,2,1,1,0,3,0,2,1,2,2,2,2,29
5170,3,2,2,1,3,1,2,1,3,0,1,1,1,0,1,1,0,3,2,1,3,32
5171,1,1,3,0,1,2,1,3,0,1,0,1,2,2,2,0,0,3,1,2,0,26
5172,0,3,3,3,1,3,2,1,2,3,0,3,3,0,2,3,3,1,0,0,2,38
5173,2,0,0,2,0,1,2,2,0,2,1,0,0,1,1,0,2,0,1,2,3,22
5174,0,1,1,1,2,2,0,0,1,0,1,0,0,3,3,1,2,1,2,2,0,23
5175,1,2,3,3,0,3,1,1,3,1,2,3,3,1,2,2,2,2,2,0,0,37
5176,3,2,3,0,0,3,2,1,1,1,0,3,1,3,0,3,2,2,2,1,3,36
5177,0,1,2,0,3,0,0,2,2,2,2,1,3,2,0,0,3,2,1,0,1,27
5178,1,1,0,3,2,1,2,1,3,1,1,3,1,2,1,0,1,0,3,1,0,28
5179,1,2,2,1,0,3,0,1,0,0,2,2,2,0,1,1,3,3,2,1,2,29
5180,2,0,0,0,3,2,3,3,1,3,2,2,3,3,2,3,1,0,1,0,2,36
5181,0,0,0,1,1,1,3,2,0,1,0,2,3,0,2,0,0,3,0,1,1,21
5182,0,3,0,2,0,1,1,1,0,2,2,1,1,2,0,0,1,0,1,1,1,20
5183,2,1,1,0,3,1,2,2,0,2,1,2,0,3,1,0,3,1,2,1,2,30
5184,0,0,1,2,3,3,2,3,1,1,1,2,0,3,1,2,3,2,0,2,1,33
5185,1,2,0,0,0,1,3,0,0,2,1,2,2,1,3,0,3,1,1,3,0,26
5186,2,0,2,1,0,2,0,0,2,2,2,1,3,0,0,3,3,0,0,1,2,26
5187,2,2,1,3,3,2,1,2,0,1,1,1,0,2,1,0,1,1,2,2,3,31
5188,2,0,0,2,0,1,1,1,0,1,0,1,1,3,3,3,1,1,2,2,1,26
5189,2,2,3,2,0,3,3,1,0,1,1,3,1,0,1,2,3,0,0,2,3,33
5190,0,1,0,1,1,1,0,1,3,0,0,1,1,1,2,3,1,1,0,2,2,22
5191,2,3,0,3,1,0,2,3,1,2,1,0,3,0,1,2,0,2,0,1,0,27
5192,0,2,0,3,2,1,1,0,2,1,1,0,0,3,2,0,2,1,0,2,1,24
5193,0,1,0,0,0,3,2,0,3,3,2,2,0,1,3,2,3,1,0,3,3,32
5194,3,1,0,0,2,0,3,0,3,3,0,1,3,3,3,2,0,0,2,3,2,34
5195,2,3,1,2,0,2,1,3,1,2,0,0,2,3,0,3,1,1,0,0,1,28
5196,0,2,2,0,3,1,0,0,1,0,0,3,1,0,1,3,3,2,1,1,3,27
5197,1,3,3,0,3,2,1,0,2,2,2,1,0,3,2,1,0,0,2,0,3,31
5198,3,2,2,3,2,1,0,0,0,0,0,3,2,2,0,1,1,1,3,1,0,27
5199,1,0,0,3,3,2,0,2,1,3,3,3,2,0,2,0,3,3,2,3,1,37
5200,2,3,0,3,1,2,1,2,3,0,3,0,0,1,1,1,0,2,0,2,0,27
5201,0,1,1,3,1,1,0,3,2,3,1,0,0,0,2,2,3,3,1,3,0,30
5202,1,3,1,0,3,2,0,1,2,2,2,1,2,2,3,3,1,0,2,1,3,35
5203,2,3,1,0,1,3,0,0,1,1,0,2,2,1,3,2,0,3,1,3,0,29
5204,2,3,1,2,1,2,1,0,2,3,1,0,3,1,3,0,2,1,3,1,0,32
5205,1,1,1,0,0,2,1,0,0,2,1,3,1,3,3,2,3,0,0,0,0,24
5206,3,0,0,0,3,0,3,1,0,1,0,0,2,1,1,3,1,3,3,2,3,30
5207,0,2,0,3,2,1,0,1,3,0,3,0,0,3,2,2,1,0,0,1,1,25
5208,3,3,1,3,1,3,0,3,2,0,3,2,2,2,0,0,2,2,1,0,3,36
5209,3,2,1,3,1,1,3,0,3,3,3,1,3,3,3,3,0,0,3,0,2,41
5210,1,1,3,0,0,3,3,1,0,2,2,0,1,3,1,3,1,1,2,1,0,29
5211,3,1,2,2,3,3,0,0,3,2,3,0,1,0,1,2,1,1,1,3,3,35
5212,3,2,0,3,0,2,2,3,3,3,0,3,2,0,1,0,3,3,0,0,3,36
5213,1,3,1,2,2,3,2,1,1,2,3,2,1,0,2,2,0,3,0,0,2,33
5214,2,3,1,3,3,3,2,3,2,1,1,0,1,3,1,2,3,1,3,0,1,39
5215,1,1,0,1,1,2,2,3,0,3,2,0,0,3,3,0,2,0,3,3,1,31
5216,0,0,0,2,2,1,1,0,2,0,1,3,1,0,0,1,1,3,1,1,1,21
5217,2,1,3,0,1,2,3,1,3,3,3,1,3,1,2,0,1,0,3,2,1,36
5218,0,0,3,2,0,1,3,0,3,2,1,3,2,1,3,1,0,1,0,3,3,32
5219,0,0,3,0,3,2,1,3,1,3,0,0,1,0,2,2,0,2,3,1,1,28
5220,2,0,2,3,3,1,0,0,2,2,1,0,2,0,3,2,0,3,2,2,3,33
5221,2,2,0,0,0,2,1,1,3,0,2,0,0,0,1,2,2,2,1,2,2,25
5222,3,0,1,0,1,2,1,1,1,0,1,3,1,2,0,3,0,1,1,1,2,25
5223,3,1,2,2,0,0,2,1,3,3,0,2,1,1,2,0,2,1,2,1,1,30
5224,1,0,2,0,0,2,2,0,0,3,2,2,2,3,1,1,2,0,2,3,2,30
5225,1,1,1,1,1,3,2,1,0,3,1,3,3,1,1,1,2,3,1,1,2,33
5226,0,2,1,1,0,1,2,0,2,2,1,0,0,2,3,2,0,2,3,0,3,27
5227,1,1,0,1,0,2,1,3,0,3,2,0,2,1,2,2,0,2,1,2,0,26
5228,3,0,1,2,2,1,0,2,3,3,0,2,1,0,1,2,3,0,0,3,2,31
5229,0,3,1,2,1,3,1,1,3,1,1,3,0,1,0,1,0,3,0,1,1,27
5230,3,1,0,2,3,3,0,2,0,2,1,0,1,3,1,1,1,3,0,0,3,30
5231,0,1,3,2,0,0,1,2,0,1,2,0,0,3,1,3,1,2,1,0,2,25
5232,1,1,2,1,0,3,1,0,0,1,1,2,3,0,0,0,3,2,2,2,2,27
5233,2,0,0,2,2,1,3,0,0,0,3,0,2,1,1,2,1,3,0,3,3,29
5234,1,2,1,0,1,3,1,2,1,3,0,0,3,3,3,3,3,0,3,3,1,37
5235,2,0,1,3,1,1,1,1,0,2,0,2,1,1,3,3,1,2,0,0,2,27
5236,2,0,3,2,3,2,2,3,1,2,0,0,1,2,2,1,0,3,3,0,0,32
5237,0,2,2,0,2,1,1,1,3,0,2,3,1,1,0,3,1,0,3,0,2,28
5238,3,0,3,2,1,2,0,1,2,1,1,2,0,3,1,1,2,2,2,3,0,32
5239,0,3,1,3,3,0,2,1,1,2,2,0,1,1,1,0,2,2,2,2,1,30
5240,3,3,3,0,3,2,0,1,1,0,3,1,0,1,1,0,3,3,3,3,3,37
5241,3,0,1,2,3,0,3,0,1,1,0,1,1,2,2,3,0,3,3,3,2,34
5242,3,2,0,3,1,1,1,0,0,3,0,3,3,2,0,0,1,0,3,2,1,29
5243,0,0,2,3,0,3,2,1,3,3,3,1,1,0,0,0,3,2,0,3,3,33
5244,1,2,0,3,2,3,3,2,1,0,3,2,1,0,3,3,1,1,3,3,1,38
5245,3,1,3,0,3,1,3,3,3,0,0,1,3,1,3,0,0,2,3,3,1,37
5246,1,0,1,1,2,0,2,1,0,3,2,2,0,3,3,1,2,0,0,2,0,26
5247,2,3,1,2,2,3,0,2,3,3,1,1,3,2,1,0,1,0,3,0,3,36
5248,0,1,1,3,3,1,3,0,1,0,3,2,3,0,2,1,3,1,1,2,3,34
5249,2,0,1,1,1,1,3,1,0,1,2,0,3,2,0,0,3,2,1,1,0,25
5250,1,3,1,1,3,0,2,3,1,2,1,2,2,3,0,0,1,1,1,2,1,31
5251,0,1,1,3,0,1,3,1,1,3,2,3,1,2,2,0,0,2,2,0,0,28
5252,1,1,3,1,0,1,3,3,1,0,1,2,3,0,1,0,0,0,0,0,2,23
5253,0,0,2,3,0,3,0,0,1,2,2,0,0,3,3,2,2,1,1,3,1,29
5254,2,0,3,0,2,3,3,1,2,1,0,0,0,3,2,3,0,0,2,1,2,30
5255,3,1,2,2,2,0,3,3,2,3,3,3,2,1,2,1,2,2,1,1,0,39
5256,1,2,0,0,3,3,2,0,0,2,0,0,0,0,0,0,3,2,1,2,2,23
5257,0,1,0,2,3,0,3,1,1,0,0,3,0,2,3,3,1,0,0,1,0,24
5258,3,3,1,1,2,0,2,1,3,3,1,1,2,2,3,2,3,0,0,0,2,35
5259,1,3,0,0,1,2,2,0,0,2,0,3,2,1,2,1,3,3,3,3,1,33
5260,3,1,0,2,2,2,3,0,3,3,2,2,2,3,0,0,1,1,3,3,3,39
5261,2,2,0,1,2,0,2,3,1,1,2,3,0,2,3,1,3,1,2,3,3,37
5262,1,0,2,1,0,1,0,2,2,1,3,0,1,1,1,2,1,2,1,0,3,25
5263,0,2,1,3,2,1,0,3,2,3,0,0,1,1,0,1,0,0,0,0,1,21
5264,3,3,1,0,2,3,0,2,1,2,0,3,2,3,1,1,3,1,3,0,0,34
5265,2,1,1,3,0,2,3,0,0,0,1,2,2,0,3,2,3,2,0,0,0,27
5266,2,0,0,2,3,3,0,0,0,1,2,2,3,3,3,3,2,1,0,3,0,33
5267,0,0,2,1,3,0,1,2,3,2,2,0,2,2,0,2,3,3,2,2,0,32
5268,3,1,1,0,0,3,0,0,0,0,3,0,2,2,0,2,1,2,2,1,0,23
5269,0,1,3,1,1,1,2,0,1,2,1,0,0,1,2,1,3,0,1,3,0,24
5270,1,0,0,3,1,3,3,3,0,0,3,0,1,2,3,3,2,1,2,2,2,35
5271,3,1,0,3,2,2,0,0,3,2,2,2,1,2,2,1,0,2,2,2,3,35
5272,0,2,1,1,2,0,0,3,2,0,0,3,2,1,1,3,2,0,2,0,3,28
5273,1,0,3,3,1,0,2,2,1,0,3,1,3,2,3,1,0,1,2,1,1,31
5274,0,0,0,2,3,0,0,0,3,2,1,0,2,2,0,1,1,0,1,3,0,21
5275,3,1,0,2,0,3,2,3,0,3,1,1,2,2,2,0,2,2,3,3,1,36
5276,0,1,0,3,1,3,3,2,0,0,0,1,0,0,0,3,2,0,0,2,0,21
5277,3,1,2,2,2,2,0,0,1,1,1,3,0,3,3,3,0,3,1,1,1,33
5278,0,3,0,3,0,3,2,0,3,0,1,1,3,2,0,0,3,3,2,3,0,32
5279,3,1,0,0,3,1,3,1,3,1,1,3,0,1,2,2,0,0,3,3,1,32
5280,3,3,1,1,3,1,1,2,2,0,1,3,1,3,2,3,3,2,3,0,1,39
5281,3,2,1,0,2,2,3,1,1,0,0,3,0,2,2,2,1,2,0,2,0,29
5282,2,0,3,1,2,2,2,3,0,1,1,0,2,1,0,0,1,0,0,3,3,27
5283,0,0,0,2,0,1,1,0,2,2,0,0,2,1,0,0,1,3,1,3,1,20
5284,2,2,3,0,0,0,3,2,1,0,3,2,0,1,1,3,1,3,2,3,3,35
5285,3,2,0,2,2,1,2,1,3,2,1,2,3,2,3,2,2,1,2,0,3,39
5286,3,3,1,1,3,0,2,2,0,0,0,3,1,2,2,2,3,2,3,2,1,36
5287,2,0,0,3,0,2,0,3,1,3,1,3,1,3,2,2,0,1,1,3,0,31
5288,2,2,0,1,2,3,0,0,1,0,0,1,0,1,2,0,2,0,0,3,2,22
5289,3,2,1,1,3,0,0,3,1,3,1,1,3,2,0,0,0,1,2,0,1,28
5290,2,2,1,1,3,1,3,3,0,3,0,3,1,0,1,0,2,0,1,0,1,28
5291,1,1,1,3,3,3,0,0,1,0,2,1,2,0,1,3,2,2,0,3,3,32
5292,1,0,0,2,1,2,1,2,1,2,0,2,1,0,3,3,2,3,2,2,1,31
5293,1,2,3,3,3,3,0,1,3,3,0,1,0,3,0,3,2,1,3,3,2,40
5294,2,1,3,2,2,1,3,2,2,2,3,1,1,2,3,0,3,0,0,2,1,36
5295,0,1,3,1,2,2,1,2,3,2,2,2,3,0,0,3,0,3,0,2,2,34
5296,2,3,3,3,0,0,3,0,3,3,0,2,0,1,3,1,3,1,1,2,1,35
5297,2,2,2,2,1,0,1,1,2,2,1,0,2,0,1,2,2,0,2,0,2,27
5298,0,1,3,2,0,1,3,2,0,1,2,3,0,0,3,1,3,0,2,1,2,30
5299,3,2,3,3,3,3,2,3,3,3,2,2,0,2,1,3,0,3,3,0,1,45
5300,0,3,3,2,1,1,3,1,2,3,0,3,0,3,1,2,2,2,0,2,2,36
5301,1,2,0,0,3,3,0,3,0,2,1,2,3,1,3,0,3,2,1,0,0,30
5302,1,2,2,1,1,2,2,2,1,3,1,2,2,3,2,3,2,1,3,0,1,37
5303,3,0,0,0,0,1,3,2,3,3,1,1,3,3,2,1,3,0,3,0,1,33
5304,3,1,0,1,2,1,2,2,3,2,0,1,1,1,3,1,0,0,0,3,0,27
5305,1,0,3,2,3,3,3,3,2,0,3,3,3,3,1,1,1,3,2,1,3,44
5306,0,1,0,0,2,0,2,3,3,2,1,0,3,0,1,1,2,1,2,2,1,27
5307,0,2,2,2,0,2,0,1,0,0,0,3,0,3,1,0,2,2,2,2,3,27
5308,1,2,3,1,0,2,3,1,0,2,2,3,1,1,0,0,2,0,3,0,2,29
5309,3,2,1,1,2,2,1,3,0,2,3,0,0,2,2,3,0,0,2,0,2,31
5310,2,1,2,0,0,2,1,1,3,0,2,1,0,1,1,3,3,3,0,0,0,26
5311,3,1,2,0,0,0,3,2,2,1,0,0,3,0,1,1,2,2,0,2,0,25
5312,3,3,1,1,1,3,1,3,3,2,2,1,2,0,2,3,0,1,2,0,1,35
5313,0,3,2,1,2,1,1,3,1,0,3,0,1,0,1,3,3,3,2,0,3,33
5314,1,2,3,0,2,0,1,3,2,2,1,3,0,1,0,1,0,3,1,0,2,28
5315,3,2,1,0,2,2,0,3,3,2,3,0,0,1,1,3,1,1,0,2,2,32
5316,3,1,2,2,3,2,3,2,0,2,2,3,0,0,2,1,2,2,1,3,3,39
5317,2,2,0,3,1,3,1,3,1,2,3,2,0,3,2,2,3,1,1,0,0,35
5318,1,1,3,2,1,0,1,1,2,0,2,3,0,0,0,3,0,0,2,3,1,26
5319,1,0,3,2,2,1,0,1,3,2,2,1,1,0,1,2,1,2,3,2,0,30
5320,0,0,2,1,1,2,0,1,2,3,1,0,0,3,0,1,0,2,0,2,2,23
5321,1,2,3,0,0,2,1,2,2,1,1,1,2,0,2,2,0,0,1,2,2,27
5322,1,1,2,3,1,1,1,3,0,3,3,3,1,3,3,2,1,0,0,1,1,34
5323,1,1,1,2,1,3,1,0,3,1,0,2,0,2,0,2,1,1,0,2,1,25
5324,2,1,1,2,3,1,1,1,3,3,2,1,1,1,1,0,0,1,0,2,1,28
5325,0,3,1,3,0,1,0,0,1,0,3,0,2,3,0,0,3,1,3,3,1,28
5326,1,2,0,3,0,1,0,2,1,2,2,0,1,0,0,0,0,0,1,0,2,18
5327,3,0,2,3,2,3,3,3,2,0,1,1,2,3,2,0,2,0,0,0,2,34
5328,1,0,3,0,3,3,3,1,3,0,3,3,2,0,3,2,1,3,1,0,1,36
5329,1,1,2,0,2,3,3,0,3,3,0,3,0,2,2,2,3,3,3,2,0,38
5330,0,1,2,0,1,2,1,3,1,2,0,0,1,2,2,3,0,3,0,3,1,28
5331,2,0,2,1,1,1,2,2,1,3,1,0,0,3,1,2,0,2,2,0,3,29
5332,0,2,2,3,2,3,1,3,1,3,3,0,1,0,2,3,3,2,0,2,2,38
5333,2,3,1,3,1,3,3,1,3,3,0,1,3,0,0,3,3,2,0,1,2,38
5334,3,0,3,2,3,2,1,1,0,2,1,3,2,1,1,3,2,1,2,2,0,35
5335,2,2,3,1,2,2,2,1,2,0,0,3,2,2,1,2,0,0,3,2,1,33
5336,2,2,1,2,0,3,2,0,1,1,1,1,3,2,2,0,2,0,2,1,0,28
5337,1,1,2,0,2,3,0,1,1,1,1,1,2,0,3,3,1,2,3,2,1,31
5338,2,1,3,2,0,1,0,3,0,2,2,1,1,3,0,1,2,3,1,2,3,33
5339,3,3,0,2,3,0,0,2,0,0,2,3,3,3,0,2,3,2,3,0,2,36
5340,1,2,3,1,2,1,1,2,0,2,2,2,0,1,1,1,0,0,3,2,2,29
5341,2,2,2,3,1,0,3,3,3,2,1,3,0,2,2,2,2,0,1,3,2,39
5342,3,3,0,2,3,0,1,3,3,2,0,1,2,1,2,3,1,3,3,3,2,41
5343,3,1,1,0,3,1,0,3,0,1,2,1,3,2,2,0,2,3,2,3,2,35
5344,0,0,0,1,3,1,3,3,0,0,2,0,1,1,0,1,0,3,0,1,0,20
5345,0,3,2,1,3,3,2,3,3,1,2,2,3,1,2,3,1,2,3,0,1,41
5346,1,3,0,2,1,1,2,2,2,1,3,0,1,3,0,0,1,0,0,1,1,25
5347,0,2,1,1,1,1,2,1,0,0,2,2,0,1,0,3,1,1,3,0,3,25
5348,0,2,3,3,3,0,3,3,3,3,2,1,0,0,1,2,1,0,2,1,0,33
5349,3,1,2,0,2,3,3,3,2,2,1,1,2,0,3,2,1,2,1,3,1,38
5350,3,0,0,3,2,0,0,0,1,3,0,2,3,3,0,3,2,1,2,1,1,30
5351,2,2,2,3,2,1,1,3,2,3,1,1,0,2,1,1,2,1,0,1,3,34
5352,3,3,0,3,0,0,2,2,2,2,3,3,1,3,0,2,1,0,3,0,2,35
5353,1,1,0,1,2,3,2,1,3,2,3,0,0,2,2,2,3,0,3,2,1,34
5354,2,0,1,2,1,1,0,1,3,1,3,3,2,0,0,3,1,0,3,3,2,32
5355,3,1,0,0,1,2,2,2,3,1,0,3,0,3,0,2,2,1,1,3,2,32
5356,2,0,0,2,0,2,2,1,3,2,3,3,0,2,0,3,2,3,2,1,2,35
5357,1,2,3,0,1,0,3,3,0,2,3,0,2,2,1,3,0,1,2,0,1,30
5358,3,2,0,2,1,0,0,2,2,1,3,0,2,0,1,2,1,2,3,2,1,30
5359,2,0,2,2,0,2,2,1,2,2,0,3,0,3,1,0,1,3,1,3,2,32
5360,2,0,3,1,1,2,1,3,3,3,2,0,3,0,3,1,2,0,1,1,1,33
5361,3,3,3,1,1,1,0,0,0,1,2,3,3,0,2,1,2,0,2,2,1,31
5362,2,3,0,2,0,0,2,1,3,3,3,1,2,0,1,0,2,1,3,1,2,32
5363,2,0,1,1,2,2,3,1,3,3,2,0,0,0,2,2,2,1,1,2,0,30
5364,3,1,2,3,1,0,1,2,1,3,0,0,1,2,0,1,0,3,2,0,0,26
5365,1,1,1,1,3,0,1,0,2,3,2,2,2,3,0,0,1,0,3,2,2,30
5366,2,2,3,1,1,1,0,2,0,3,1,3,0,3,0,3,2,0,0,1,3,31
5367,2,2,2,3,2,3,1,0,0,1,3,1,1,3,2,0,1,0,1,3,2,33
5368,3,2,2,2,1,3,1,2,1,1,0,1,1,0,2,3,2,1,0,3,2,33
5369,1,0,2,3,2,2,0,2,3,1,1,1,3,3,3,1,3,1,1,2,3,38
5370,1,3,0,1,3,2,3,0,1,3,0,2,2,3,2,1,3,2,1,1,0,34
5371,2,2,2,1,3,2,0,2,2,1,3,2,3,3,3,3,1,2,3,2,0,42
5372,2,2,0,1,0,2,0,2,3,2,3,0,3,0,2,0,1,3,0,3,3,32
5373,3,0,1,1,0,3,2,2,3,2,1,2,0,3,3,3,3,2,3,3,0,40
5374,3,0,3,0,0,0,0,0,1,0,3,1,2,3,1,2,2,1,3,1,1,27
5375,1,1,2,1,3,0,1,1,1,0,3,3,0,1,0,2,1,3,0,0,1,25
5376,1,0,2,2,0,3,0,0,2,3,0,0,0,2,0,3,3,3,2,3,2,31
5377,3,0,0,2,1,0,0,3,1,0,1,1,3,2,2,3,2,0,1,2,3,30
5378,2,3,2,0,1,2,3,2,1,0,1,3,0,3,1,0,2,3,0,0,1,30
5379,2,0,1,1,1,3,3,2,0,0,1,2,0,3,1,3,2,1,2,0,0,28
5380,0,0,0,2,2,2,1,1,1,1,2,0,2,1,1,3,3,0,2,3,3,30
5381,0,1,3,0,3,1,1,1,3,2,3,1,1,1,3,1,0,2,3,2,0,32
5382,3,0,2,1,3,2,2,2,2,3,3,2,2,2,0,0,3,2,2,3,0,39
5383,1,1,1,0,3,0,0,1,0,2,1,2,2,1,3,0,1,1,1,0,2,23
5384,1,0,3,3,0,0,3,3,3,1,2,2,0,2,3,0,3,2,3,0,1,35
5385,1,2,1,0,1,1,1,3,2,0,3,1,3,1,3,2,2,0,3,0,2,32
5386,1,2,3,1,2,3,3,2,1,1,1,2,2,0,1,3,1,0,2,1,3,35
5387,3,3,0,3,2,1,0,1,1,1,2,1,0,1,0,3,2,1,3,1,3,32
5388,3,2,2,3,2,1,2,1,1,3,1,2,1,1,1,0,3,1,3,1,0,34
5389,0,0,0,2,2,3,0,1,3,0,2,0,1,3,1,2,1,2,0,3,1,27
5390,0,1,0,3,3,0,3,1,0,0,0,3,3,3,1,2,0,3,1,2,2,31
5391,0,0,2,2,1,0,2,1,3,1,3,0,0,2,3,0,2,3,2,3,1,31
5392,2,1,3,2,0,0,1,0,3,2,3,1,0,1,1,2,2,1,3,2,3,33
5393,2,0,0,0,3,1,0,3,1,2,0,2,0,0,2,2,1,0,2,2,1,24
5394,2,1,1,3,0,1,1,3,0,1,1,3,0,1,2,2,2,2,3,0,1,30
5395,2,2,0,0,2,2,3,3,0,3,1,3,0,3,0,3,3,1,1,2,3,37
5396,0,0,2,0,2,0,2,2,0,3,0,3,0,3,0,2,2,0,0,0,2,23
5397,2,2,1,1,2,3,2,1,3,0,2,0,2,2,0,3,1,3,0,0,2,32
5398,3,1,1,2,1,0,3,1,3,2,1,3,0,1,3,2,3,0,0,2,1,33
5399,2,1,0,3,0,2,0,1,2,1,3,0,1,0,3,3,3,3,3,2,1,34
5400,0,2,2,1,2,0,2,3,0,0,0,3,0,2,2,0,2,0,0,2,0,23
5401,2,0,2,0,0,2,3,2,1,3,0,2,1,0,1,1,1,2,1,2,3,29
5402,2,0,1,2,1,0,2,2,2,2,0,3,0,1,1,2,2,1,0,0,1,25
5403,3,3,2,1,2,2,3,1,3,0,1,2,3,2,2,3,1,3,2,2,0,41
5404,1,2,0,2,2,1,3,1,1,0,0,2,3,1,3,1,0,0,0,3,3,29
5405,1,0,1,3,1,0,3,0,1,3,3,1,0,3,3,3,0,2,1,0,1,30
5406,2,2,0,3,0,3,2,3,3,3,3,2,1,3,0,1,2,1,2,1,1,38
5407,0,0,0,3,3,3,1,1,1,3,2,2,1,2,3,0,1,0,3,3,3,35
5408,3,0,1,0,1,0,2,3,2,2,2,2,2,2,2,2,0,1,1,3,1,32
5409,1,1,1,3,1,3,2,2,0,2,2,0,2,1,0,3,1,0,2,0,1,28
5410,1,1,3,0,3,0,3,1,2,0,1,2,1,1,0,3,3,1,1,3,2,32
5411,1,0,0,1,1,3,3,3,3,1,0,3,2,3,1,1,2,0,1,0,1,30
5412,0,2,1,2,2,0,0,1,1,3,1,0,3,1,0,1,3,2,3,1,2,29
5413,3,3,2,3,0,0,2,3,1,3,3,3,2,3,0,0,3,0,3,3,3,43
5414,0,1,1,1,0,1,1,2,1,3,0,0,1,0,3,1,3,0,1,0,1,21
5415,1,1,2,0,3,2,3,2,0,1,3,3,1,2,0,0,2,2,0,0,2,30
5416,2,3,0,2,0,0,3,3,2,0,3,3,0,2,0,2,0,3,0,2,0,30
5417,2,1,3,0,0,3,2,3,0,2,3,0,3,0,0,1,1,3,0,1,2,30
5418,0,2,1,2,2,1,2,3,0,0,0,1,3,3,3,0,0,0,2,0,0,25
5419,3,0,3,0,0,3,0,2,2,0,3,0,0,0,1,1,3,1,1,2,1,26
5420,2,0,0,0,0,2,0,2,2,1,0,0,0,1,0,2,2,3,2,3,2,24
5421,1,2,2,2,3,1,3,0,2,0,1,2,3,2,2,1,1,1,2,2,3,36
5422,1,2,2,1,2,2,0,0,3,1,2,1,0,1,3,3,0,1,3,0,2,30
5423,2,3,2,3,2,3,3,3,0,3,0,0,0,2,2,0,3,3,2,3,1,40
5424,0,0,0,2,2,1,3,3,3,1,3,0,1,2,1,2,2,1,2,0,3,32
5425,0,1,2,0,0,2,3,1,2,2,1,1,2,2,1,0,3,0,1,0,0,24
5426,2,3,0,2,1,0,2,0,0,2,3,2,3,0,2,2,3,2,2,0,1,32
5427,1,2,3,0,3,3,2,2,1,1,0,2,0,2,1,0,2,3,1,2,3,34
5428,2,2,0,0,0,2,0,0,1,1,1,0,1,2,0,1,3,1,1,1,1,20
5429,3,3,1,1,2,3,2,3,2,1,2,2,0,2,0,2,1,1,3,0,3,37
5430,3,3,0,0,1,3,1,3,1,2,3,1,2,1,2,0,2,1,2,2,3,36
5431,3,1,0,0,0,2,0,0,1,0,2,0,2,3,2,1,3,0,2,2,0,24
5432,3,0,2,2,0,3,1,2,0,2,1,2,2,1,3,1,2,1,2,3,0,33
5433,1,3,2,2,2,0,1,2,2,2,0,2,2,3,2,2,1,2,3,2,0,36
5434,3,2,1,3,0,0,3,3,3,2,1,0,3,0,3,3,0,0,2,0,3,35
5435,0,1,1,0,2,0,1,3,3,0,3,2,2,1,0,0,2,1,2,2,3,29
5436,0,0,3,2,1,3,0,1,3,1,3,2,0,3,2,0,1,2,3,0,2,32
5437,0,0,1,0,0,2,0,3,0,1,0,3,1,0,0,3,1,2,3,3,2,25
5438,1,1,3,3,3,1,0,2,1,0,2,2,2,1,2,2,2,2,0,2,0,32
5439,1,3,1,3,1,2,2,3,3,2,3,3,2,3,0,2,2,0,2,0,1,39
5440,2,3,1,2,1,1,1,0,2,2,3,3,0,3,1,2,1,2,2,2,1,35
5441,0,0,1,0,0,2,3,1,1,1,2,1,2,1,2,1,3,3,0,1,3,28
5442,2,2,2,0,0,0,1,1,0,2,2,0,2,0,0,3,2,0,1,0,2,22
5443,3,1,0,3,2,3,0,1,2,1,3,3,1,0,3,1,2,2,0,1,0,32
5444,2,1,0,3,1,1,2,3,0,1,1,1,1,1,0,1,3,0,3,3,3,31
5445,0,0,0,1,1,1,3,1,1,3,0,0,2,0,3,0,0,0,2,0,0,18
5446,1,1,2,0,3,2,1,1,2,3,0,1,3,1,2,0,2,3,3,2,0,33
5447,3,1,2,0,0,2,1,2,0,1,0,2,1,1,1,2,0,0,0,0,0,19
5448,1,3,0,2,2,1,0,0,0,2,1,2,2,3,1,3,3,1,0,0,0,27
5449,1,0,3,2,0,2,2,1,2,3,2,2,2,1,3,0,1,3,2,0,2,34
5450,1,1,0,2,1,0,3,0,0,1,2,1,3,1,2,2,3,0,3,2,1,29
5451,0,0,1,0,2,3,0,3,1,0,2,1,0,3,0,3,0,2,0,3,0,24
5452,1,1,0,3,2,2,1,2,2,0,0,0,2,3,1,3,3,3,0,2,3,34
5453,3,1,1,1,0,0,1,1,3,2,0,3,1,1,3,3,3,0,2,1,3,33
5454,2,0,0,2,2,2,0,0,3,2,3,1,3,0,3,2,0,2,2,2,1,32
5455,0,3,2,3,2,0,0,1,3,3,0,1,1,1,1,3,2,3,0,2,1,32
5456,0,1,3,2,0,1,1,0,3,2,0,0,2,3,1,3,2,3,1,1,2,31
5457,1,0,1,0,3,3,2,0,0,1,0,0,0,3,1,3,1,0,2,0,0,21
5458,1,2,2,2,0,2,0,0,1,3,3,3,3,2,2,1,2,0,0,1,2,32
5459,0,0,2,0,1,2,2,1,1,1,2,1,3,1,2,3,3,1,1,0,2,29
5460,0,3,0,3,1,2,2,3,1,3,1,0,0,3,0,0,0,0,2,2,2,28
5461,0,2,1,1,2,3,3,0,3,2,0,2,2,1,1,3,0,0,1,0,1,28
5462,0,0,0,1,2,3,1,3,1,0,3,1,1,2,3,0,3,1,0,2,3,30
5463,0,1,0,3,0,3,1,3,3,3,0,2,2,2,3,1,1,1,2,2,3,36
5464,2,1,1,0,1,0,0,0,3,1,1,1,3,2,0,0,2,1,2,0,0,21
5465,0,0,2,0,3,2,3,0,2,2,1,1,1,3,1,2,0,3,1,2,3,32
5466,0,0,3,2,1,3,1,1,1,1,1,2,3,2,0,1,0,2,1,0,0,25
5467,3,2,1,2,1,0,3,0,3,3,3,0,2,3,2,0,1,1,2,1,3,36
5468,3,1,2,0,0,0,3,3,1,2,2,2,0,2,1,2,3,0,2,1,1,31
5469,1,2,0,1,1,3,3,1,0,3,1,3,3,3,2,3,3,0,2,2,3,40
5470,0,2,0,1,0,3,1,1,3,2,2,1,1,3,3,2,1,2,3,3,1,35
5471,1,1,1,0,0,1,1,0,1,2,0,2,1,1,3,1,3,3,2,0,1,25
5472,2,1,1,0,0,0,3,2,1,3,3,3,1,2,3,2,3,2,3,3,0,38
5473,2,3,2,3,3,3,2,0,0,3,1,0,1,0,2,1,2,2,0,3,2,35
5474,0,0,3,2,2,1,0,0,2,3,1,2,2,3,0,0,0,1,3,1,1,27
5475,3,0,3,0,1,2,0,3,3,1,2,1,3,0,1,1,3,3,2,0,3,35
5476,1,2,3,2,3,0,3,2,0,3,0,3,3,0,1,2,2,0,2,3,2,37
5477,3,3,3,3,2,2,1,1,2,3,3,3,3,2,3,0,1,1,0,0,1,40
5478,1,0,2,3,2,1,1,3,1,0,1,3,1,1,0,3,1,3,3,1,1,32
5479,0,1,3,3,0,2,2,0,0,1,1,0,0,0,2,3,0,2,0,3,0,23
5480,0,0,2,2,3,1,2,1,0,1,1,2,3,3,0,0,0,3,0,0,0,24
5481,3,2,2,1,1,0,3,0,0,2,3,0,1,0,2,0,0,2,3,0,1,26
5482,2,2,3,2,2,0,1,0,3,1,2,3,3,0,2,2,1,2,1,0,1,33
5483,0,2,0,1,0,1,1,0,3,0,3,1,3,1,1,1,2,0,3,1,1,25
5484,1,0,1,0,3,0,0,2,3,2,3,1,2,2,1,3,3,3,1,1,1,33
5485,0,3,2,1,3,3,1,0,1,0,3,3,2,2,0,1,2,1,3,2,3,36
5486,3,2,1,0,3,1,2,2,1,3,3,3,1,0,1,3,3,0,3,2,3,40
5487,2,2,3,0,2,2,1,1,0,3,1,0,2,0,2,3,0,0,2,1,2,29
5488,0,1,1,1,0,0,1,3,1,0,2,3,1,2,2,0,1,0,2,0,3,24
5489,2,3,2,0,0,2,0,1,2,3,3,0,2,1,2,0,2,0,0,3,0,28
5490,2,2,3,2,3,2,3,1,2,1,0,3,2,2,1,1,1,2,2,0,1,36
5491,0,0,2,0,3,3,2,0,1,0,1,1,1,3,1,2,2,2,2,1,1,28
5492,1,2,2,2,3,3,1,0,0,2,3,0,3,3,1,3,1,0,3,1,1,35
5493,3,1,2,0,2,3,1,0,0,1,2,0,0,0,2,2,2,1,1,1,1,25
5494,0,0,3,2,0,1,3,3,2,3,0,0,3,1,2,0,1,1,1,2,1,29
5495,3,1,0,0,0,1,3,1,3,3,2,3,2,0,1,0,1,1,1,3,0,29
5496,1,3,2,0,3,2,1,3,1,1,1,1,1,0,3,3,0,1,3,0,1,31
5497,2,2,1,3,3,2,3,3,0,2,0,3,1,1,0,0,0,3,1,0,1,31
5498,0,3,0,3,3,2,3,0,2,0,3,2,0,2,0,3,2,1,1,1,1,32
5499,3,0,0,3,3,2,1,3,0,0,2,2,2,1,3,2,3,2,0,1,1,34
5500,2,0,2,0,3,2,0,2,2,3,2,1,2,1,1,2,3,0,2,0,3,33
5501,2,1,1,3,3,2,2,3,3,2,0,1,0,3,2,0,3,3,1,0,1,36
5502,0,2,2,2,0,0,0,1,0,1,0,2,3,2,3,2,2,2,2,3,3,32
5503,2,2,3,1,1,1,2,1,1,0,0,0,0,0,1,2,0,2,3,0,3,25
5504,0,0,1,3,0,0,3,0,2,1,0,0,2,1,1,3,3,2,0,0,3,25
5505,1,1,3,0,3,1,3,1,1,0,2,1,0,0,2,2,2,0,0,2,0,25
5506,3,1,0,2,2,1,0,0,0,3,1,1,2,3,0,0,0,1,3,2,1,26
5507,1,0,1,2,0,0,0,3,3,3,0,0,3,2,2,2,0,3,2,1,3,31
5508,3,3,0,1,1,1,2,3,1,2,0,0,1,3,2,3,1,2,0,2,0,31
5509,0,3,3,1,3,3,3,3,0,0,3,0,0,1,3,0,2,1,3,3,3,38
5510,2,0,0,0,0,3,2,0,2,2,1,3,0,3,3,2,1,1,1,3,1,30
5511,2,1,0,1,2,3,1,2,1,0,1,1,1,0,2,2,1,1,2,3,0,27
5512,2,2,0,0,2,2,3,1,0,1,0,2,1,3,3,3,2,3,2,3,1,36
5513,3,0,1,1,1,2,3,1,2,1,1,0,3,2,2,2,3,2,2,3,0,35
5514,2,0,1,1,2,3,1,3,3,1,2,0,3,2,3,3,3,2,1,0,3,39
5515,3,0,2,1,0,2,1,0,2,2,2,1,2,2,0,0,0,2,1,1,1,25
5516,0,3,1,1,1,0,3,0,0,0,2,2,3,0,1,3,0,3,0,1,0,24
5517,1,0,3,0,1,1,2,1,1,2,0,1,1,3,2,1,0,2,2,0,1,25
5518,3,2,2,1,0,0,3,0,3,0,1,0,2,0,1,0,0,0,1,0,3,22
5519,1,3,3,3,0,2,2,1,3,2,1,3,3,0,0,0,3,3,2,3,2,40
5520,1,2,1,3,1,1,3,0,0,3,1,0,1,2,3,0,0,0,2,3,3,30
5521,2,0,1,1,3,2,3,1,2,2,2,3,3,0,1,2,1,2,0,1,3,35
5522,2,0,3,3,3,3,1,1,0,2,1,2,2,1,3,2,0,3,1,2,1,36
5523,2,0,3,1,1,3,0,1,3,0,3,2,0,1,0,1,1,3,1,0,1,27
5524,0,0,3,0,0,3,3,3,1,2,3,3,2,3,0,2,1,2,1,1,2,35
5525,0,3,3,0,3,0,2,2,2,2,3,3,3,2,3,2,3,3,2,0,3,44
5526,3,3,1,0,0,1,3,3,1,0,3,2,1,1,3,2,3,1,2,2,1,36
5527,0,2,1,1,3,2,1,0,1,2,1,3,1,3,2,0,2,3,0,2,2,32
5528,1,3,1,0,1,0,3,1,3,1,0,0,3,2,0,0,3,1,3,2,2,30
5529,3,1,1,2,2,1,0,2,2,1,0,3,3,3,0,2,2,0,1,2,0,31
5530,2,0,0,3,0,3,1,2,0,2,1,3,0,0,0,0,3,2,0,1,2,25
5531,3,0,2,1,3,0,3,3,3,1,0,1,2,2,2,0,2,0,2,1,0,31
5532,3,0,3,2,1,1,2,3,3,2,2,2,2,0,0,2,3,2,0,2,3,38
5533,1,2,2,3,1,1,1,0,0,1,0,1,0,3,2,2,1,1,2,3,3,30
5534,0,2,0,3,0,0,2,1,0,2,2,3,3,1,2,0,1,2,1,0,0,25
5535,3,1,3,2,1,2,2,2,0,1,2,3,0,2,3,2,2,3,2,1,2,39
5536,0,3,0,2,3,0,0,1,1,2,3,1,0,2,0,3,0,2,1,0,2,26
5537,2,0,1,3,3,0,3,3,1,1,0,2,1,0,0,3,0,2,0,0,2,27
5538,0,0,2,3,0,3,2,2,3,3,3,3,2,2,1,3,3,1,3,0,1,40
5539,0,1,0,3,2,1,3,0,2,0,1,2,0,0,1,0,2,2,1,1,2,24
5540,3,2,3,2,0,2,3,3,3,0,3,1,0,1,2,0,3,3,2,2,3,41
5541,2,2,0,0,0,2,0,3,0,0,1,2,1,2,0,2,0,2,1,2,1,23
5542,3,2,0,2,0,2,0,0,1,3,0,1,2,0,3,3,0,0,3,0,3,28
5543,1,2,3,2,0,2,3,1,2,0,2,3,2,2,2,3,3,2,0,2,3,40
5544,3,3,1,2,2,2,3,3,0,3,3,0,3,3,2,2,2,0,0,3,2,42
5545,3,1,2,0,2,1,3,1,1,0,0,1,1,3,0,0,3,2,3,3,1,31
5546,2,1,0,2,3,0,2,1,0,1,1,1,1,0,3,1,1,0,0,1,1,22
5547,2,1,1,3,3,0,2,2,1,3,2,2,2,2,3,2,1,3,1,3,3,42
5548,1,3,0,1,1,0,3,1,2,1,2,2,2,2,0,1,0,0,3,2,2,29
5549,0,2,1,0,1,0,3,1,1,0,1,3,2,1,2,3,2,2,2,2,0,29
5550,0,0,3,1,1,1,3,3,1,3,2,3,1,2,0,2,3,2,2,3,2,38
5551,2,1,1,0,2,2,3,2,1,0,3,1,1,0,2,2,3,1,1,0,0,28
5552,0,2,3,0,3,0,1,2,3,3,3,0,3,2,0,2,3,3,3,2,2,40
5553,1,0,0,0,3,0,3,3,1,3,2,3,3,3,1,2,0,3,1,0,1,33
5554,1,0,1,3,3,3,1,0,1,1,2,0,0,3,1,2,2,1,3,0,2,30
5555,3,1,3,3,3,0,1,2,0,2,2,1,3,2,3,3,1,1,1,0,2,37
5556,1,3,2,1,0,3,3,0,1,1,2,2,0,2,1,3,2,3,2,0,3,35
5557,0,0,2,1,0,1,3,2,1,1,2,3,1,0,3,3,3,3,3,3,3,38
5558,3,0,0,0,1,0,3,1,1,3,1,2,0,1,3,0,2,0,1,3,0,25
5559,0,3,0,1,0,1,0,0,3,1,0,0,0,3,3,2,1,2,0,0,1,21
5560,3,3,1,1,0,1,1,2,2,1,2,3,0,0,3,0,1,0,1,1,2,28
5561,2,0,1,3,3,3,0,0,1,2,0,3,3,1,1,1,3,3,1,1,2,34
5562,0,0,0,2,0,0,1,1,2,0,1,0,3,1,3,0,0,1,1,0,1,17
5563,1,0,0,1,3,1,3,2,0,0,2,1,1,1,0,2,1,0,0,0,0,19
5564,1,1,0,2,0,2,1,3,1,3,2,3,3,0,3,1,1,3,2,0,0,32
5565,2,3,3,2,1,1,0,0,1,3,2,2,1,2,0,1,1,1,2,1,1,30
5566,3,1,1,0,0,3,1,1,3,3,3,3,1,1,1,1,1,3,2,0,1,33
5567,2,3,2,1,3,1,2,1,1,3,3,2,1,2,2,1,1,0,2,3,3,39
5568,3,1,0,3,2,3,0,1,1,0,3,0,1,1,1,3,1,1,1,2,2,30
5569,2,1,1,2,3,3,3,1,1,2,2,3,2,0,3,1,0,2,2,1,3,38
5570,0,2,0,2,0,0,0,3,2,3,1,2,3,2,3,0,2,3,3,2,3,36
5571,0,1,3,0,1,3,3,3,2,0,0,3,0,0,3,1,3,3,1,3,0,33
5572,2,2,1,2,2,0,0,0,1,2,1,3,0,2,3,1,3,0,1,3,0,29
5573,1,0,2,0,2,0,0,1,2,3,0,0,2,3,1,2,1,1,3,2,2,28
5574,3,3,0,0,2,1,1,2,0,3,1,3,2,0,1,1,2,0,0,2,3,30
5575,3,3,3,0,0,2,2,3,3,2,0,3,2,1,2,0,0,0,0,0,2,31
5576,3,2,3,0,0,0,2,1,3,3,1,1,1,1,2,1,3,1,3,0,2,33
5577,3,0,3,0,0,0,0,1,0,3,1,2,1,2,2,1,1,1,3,2,2,28
5578,0,3,2,3,0,1,3,2,3,1,0,1,0,2,1,3,0,3,0,3,1,32
5579,1,0,0,1,0,2,3,1,0,1,2,3,3,0,1,2,1,0,0,0,1,22
5580,2,1,0,3,3,0,2,3,2,1,3,3,1,0,2,0,3,3,0,3,0,35
5581,0,0,2,2,1,1,2,1,2,3,1,3,0,0,1,2,0,2,2,2,2,29
5582,3,2,2,0,0,2,1,3,3,2,3,1,3,1,3,1,3,3,1,3,2,42
5583,2,1,2,1,3,0,1,3,1,2,3,3,2,2,2,3,1,2,3,3,1,41
5584,0,3,1,1,1,3,3,1,0,3,2,1,3,2,2,1,2,3,2,0,3,37
5585,3,2,2,0,0,1,2,1,2,1,3,0,0,2,2,2,0,3,3,0,2,31
5586,2,2,2,3,3,3,3,0,2,3,1,3,2,1,2,2,3,3,2,1,0,43
5587,0,1,3,3,0,1,0,2,1,0,1,1,2,3,2,3,1,1,2,3,1,31
5588,0,2,2,3,3,1,2,0,3,3,1,2,1,2,3,2,0,1,2,2,3,38
5589,0,1,3,0,2,0,3,2,2,1,3,3,3,2,2,3,3,2,1,1,1,38
5590,2,0,0,0,1,2,1,3,0,0,2,1,0,0,2,2,0,2,0,2,2,22
5591,2,1,0,0,1,1,3,3,1,1,1,2,2,0,0,1,3,2,1,3,2,30
5592,1,0,3,1,3,2,0,3,1,1,1,1,2,0,0,3,0,3,1,2,2,30
5593,3,0,2,3,0,3,1,2,1,1,2,2,1,2,3,2,2,2,0,3,2,37
5594,0,0,3,3,3,0,0,1,0,3,0,2,0,0,0,1,1,0,0,3,1,21
5595,0,0,3,1,0,2,1,3,0,1,0,2,0,1,2,2,2,3,0,0,1,24
5596,2,3,3,3,2,2,0,0,2,3,3,1,1,1,2,1,3,1,1,1,1,36
5597,3,1,1,1,3,3,1,2,1,2,0,3,0,0,1,3,3,2,3,3,0,36
5598,0,1,0,0,2,1,3,3,3,3,0,0,1,3,1,0,2,3,1,0,1,28
5599,1,1,2,1,2,2,2,0,0,0,1,3,3,1,0,0,2,3,3,3,2,32
5600,3,0,1,3,3,0,3,1,1,2,1,2,1,2,1,2,1,3,1,1,3,35
5601,3,3,0,1,1,2,1,3,0,2,1,3,2,2,1,2,1,1,0,2,0,31
5602,2,2,0,3,1,1,0,1,2,1,0,2,0,2,0,3,2,1,3,2,2,30
5603,3,3,2,0,1,3,0,0,3,1,1,0,1,3,1,2,2,1,2,2,2,33
5604,1,2,1,0,1,1,3,2,2,3,3,3,2,0,3,0,3,0,1,0,0,31
5605,2,2,1,1,0,2,1,3,0,1,3,0,1,0,1,1,3,0,3,1,2,28
5606,2,3,3,2,2,3,2,0,3,3,3,0,1,0,1,1,2,1,3,0,0,35
5607,0,2,0,3,2,0,2,2,0,3,2,1,2,2,2,1,2,1,3,0,0,30
5608,0,2,1,1,1,2,3,3,2,3,2,1,2,1,1,0,1,0,3,3,0,32
5609,3,2,2,1,2,1,2,0,3,3,1,3,1,1,3,1,0,1,3,2,0,35
5610,2,0,1,2,2,2,0,0,2,0,2,0,3,3,0,3,1,1,3,1,0,28
5611,2,0,0,0,1,1,2,1,3,3,2,1,3,0,0,3,3,0,0,3,2,30
5612,0,2,3,2,3,1,2,1,1,2,0,3,3,3,2,3,2,1,1,1,3,39
5613,3,0,3,3,0,2,0,3,0,2,3,0,3,2,0,1,1,0,0,1,0,27
5614,3,0,1,0,1,2,2,2,1,2,2,3,0,1,1,1,1,3,3,0,0,29
5615,0,2,2,3,1,1,0,1,3,0,0,0,2,0,3,0,1,3,3,0,1,26
5616,2,3,1,2,0,3,0,1,1,2,1,0,1,3,0,2,3,1,3,0,3,32
5617,3,0,1,3,2,0,2,1,0,1,0,1,3,2,2,1,0,2,2,1,3,30
5618,1,3,3,3,2,3,1,2,0,2,2,0,1,0,0,0,2,3,2,3,2,35
5619,1,3,1,2,0,2,2,2,2,0,2,3,1,1,0,0,2,3,3,3,1,34
5620,1,2,1,3,2,0,3,0,2,0,0,1,2,0,0,0,3,1,1,2,0,24
5621,2,0,3,0,0,3,3,1,0,1,0,2,2,1,0,1,0,0,0,0,2,21
5622,2,0,3,2,1,1,1,1,3,2,0,3,0,1,2,3,3,0,3,2,2,35
5623,0,3,1,1,0,0,3,2,3,3,3,2,1,0,2,3,1,1,0,1,0,30
5624,0,1,1,2,2,0,0,0,3,0,0,2,1,0,0,2,2,1,0,2,2,21
5625,1,1,2,3,1,1,2,2,2,3,3,1,0,3,3,2,2,2,2,0,1,37
5626,2,3,3,3,3,3,0,1,1,3,3,3,1,3,2,0,2,0,3,0,1,40
5627,1,0,1,0,3,1,0,1,0,1,0,3,0,1,2,2,1,2,0,2,0,21
5628,1,2,3,3,0,0,3,0,1,1,0,0,2,1,1,0,0,3,2,2,0,25
5629,1,0,1,1,1,2,2,2,0,3,3,1,3,3,1,3,0,0,0,2,3,32
5630,0,1,0,0,1,2,2,0,3,1,2,2,2,1,1,3,1,3,3,0,0,28
5631,2,2,2,1,3,3,3,2,2,0,2,2,2,3,2,1,0,1,3,2,1,39
5632,2,3,0,2,2,2,2,3,0,3,0,3,0,0,3,0,1,0,0,2,3,31
5633,3,0,1,2,1,0,1,1,3,1,0,2,2,3,3,1,0,2,0,3,0,29
5634,1,0,3,3,2,0,2,2,1,2,2,0,1,2,2,0,1,3,1,2,3,33
5635,2,1,1,3,0,0,0,0,1,1,0,0,0,1,2,1,3,0,2,2,3,23
5636,2,3,2,1,2,1,2,0,2,0,1,1,2,3,2,0,0,1,1,1,3,30
5637,3,2,2,3,1,1,2,2,2,3,2,1,3,1,0,1,1,2,1,3,2,38
5638,3,2,0,0,1,1,2,1,1,3,2,1,2,1,1,2,2,0,0,0,3,28
5639,1,1,3,1,0,1,1,2,3,0,3,3,3,3,3,2,1,2,1,1,0,35
5640,2,0,1,2,1,3,1,0,3,1,3,3,0,1,2,0,3,0,2,3,0,31
5641,0,1,1,0,3,3,3,3,0,0,3,0,3,0,0,1,1,0,0,2,2,26
5642,1,3,1,3,3,1,3,0,1,0,2,2,2,1,0,2,2,3,3,2,3,38
5643,1,1,1,3,1,3,0,2,3,0,1,3,1,0,3,1,1,2,3,0,2,32
5644,0,2,1,1,2,3,0,2,0,0,3,3,2,0,3,1,3,0,3,3,2,34
5645,2,3,2,0,0,3,1,0,0,3,3,1,1,2,1,1,1,3,3,3,2,35
5646,1,2,1,2,1,1,0,1,1,2,3,3,2,3,0,1,1,1,2,1,1,30
5647,2,2,3,1,1,3,2,0,3,0,3,3,1,3,3,2,2,0,0,2,0,36
5648,2,1,0,0,1,1,2,1,2,1,1,3,3,3,1,0,0,1,2,0,0,25
5649,3,0,1,0,1,2,0,0,1,1,2,1,3,1,3,0,3,2,0,2,1,27
5650,3,0,1,0,0,2,2,3,3,0,0,2,1,0,0,3,2,3,2,0,1,28
5651,0,0,3,3,1,2,1,0,3,2,2,0,1,2,1,3,2,3,2,2,1,34
5652,3,2,3,2,1,2,2,0,3,3,2,2,3,2,1,2,1,0,2,2,2,40
5653,2,3,2,2,1,1,0,2,0,0,2,3,2,3,2,1,3,1,0,1,0,31
5654,3,1,3,2,2,3,0,0,3,2,3,1,1,3,0,0,3,3,0,1,3,37
5655,2,3,1,2,1,2,1,1,2,0,3,2,1,0,3,1,0,2,1,0,0,28
5656,2,0,3,0,1,0,1,2,1,0,1,1,1,0,3,1,0,0,1,0,0,18
5657,2,1,1,1,3,2,2,1,1,3,1,0,1,0,0,2,1,3,3,2,0,30
5658,3,3,1,1,1,1,2,1,2,2,2,2,0,2,0,0,0,0,3,0,2,28
5659,0,2,0,2,0,3,3,2,1,0,2,2,3,2,3,3,2,1,1,1,2,35
5660,3,0,1,3,2,1,0,0,3,0,2,2,0,2,3,2,2,3,0,1,0,30
5661,0,0,0,2,2,3,3,2,2,0,2,0,3,0,1,3,1,3,3,3,2,35
5662,3,2,3,2,2,3,1,2,3,2,3,0,0,3,3,1,1,0,2,1,1,38
5663,1,2,2,0,0,2,1,1,1,0,0,2,0,2,3,1,1,1,1,2,2,25
5664,2,0,1,0,3,3,2,2,3,0,3,1,2,0,2,1,1,1,2,2,3,34
5665,3,2,0,3,3,2,3,1,3,0,0,1,1,1,0,3,2,0,1,1,1,31
5666,1,0,0,2,3,3,3,1,2,3,0,1,3,3,0,3,1,1,3,1,0,34
5667,2,1,1,0,3,1,1,2,1,3,0,2,0,0,2,3,3,2,0,1,1,29
5668,1,1,1,1,3,1,2,2,1,1,3,0,3,0,1,0,1,3,0,1,3,29
5669,2,0,1,2,3,2,3,1,3,1,0,3,3,3,2,3,2,3,2,2,3,44
5670,3,1,3,2,1,2,0,0,3,3,3,3,0,1,0,3,1,2,0,3,3,37
5671,1,2,3,2,2,2,2,1,0,0,3,3,0,2,2,1,1,0,0,2,1,30
5672,1,0,0,0,3,2,0,1,2,3,2,3,1,2,2,2,1,3,1,1,0,30
5673,3,3,2,0,1,1,0,1,1,0,2,1,1,0,0,1,0,2,2,3,0,24
5674,3,0,0,1,0,3,3,2,0,0,2,0,3,0,0,3,0,1,0,1,0,22
5675,3,0,0,3,3,2,0,2,3,0,1,3,3,3,3,2,3,3,1,1,2,41
5676,3,0,1,2,1,3,2,0,3,2,0,3,2,2,3,0,2,1,1,2,2,35
5677,2,2,0,3,2,0,2,3,0,2,1,0,0,0,1,0,2,3,1,0,2,26
5678,1,1,1,3,0,2,2,2,2,1,2,1,0,1,0,0,2,3,1,0,0,25
5679,0,0,0,2,0,2,3,1,0,2,0,0,3,3,3,0,0,2,1,2,1,25
5680,3,2,3,0,3,2,1,0,2,0,1,3,2,0,0,0,3,1,1,0,1,28
5681,2,3,3,1,3,0,2,0,3,0,3,0,0,1,1,0,1,1,1,3,1,29
5682,3,0,2,2,2,2,1,0,0,0,2,2,2,3,3,1,0,2,1,1,3,32
5683,2,2,2,2,2,0,0,1,2,3,0,2,2,0,3,3,2,2,2,2,1,35
5684,1,1,1,1,2,3,3,3,2,3,0,0,2,0,0,3,0,3,2,1,2,33
5685,1,3,1,0,2,3,3,3,3,3,1,0,1,0,3,0,0,3,3,3,1,37
5686,1,0,2,1,1,0,3,0,3,1,3,3,3,0,2,3,0,2,3,1,3,35
5687,1,2,0,3,3,3,3,0,1,3,3,0,3,1,0,1,0,1,3,0,1,32
5688,3,0,1,2,3,3,1,0,2,2,0,1,1,0,0,1,0,1,3,1,1,26
5689,3,2,2,2,0,1,0,1,3,1,2,2,0,0,2,1,3,1,2,3,1,32
5690,1,0,2,0,1,3,0,0,2,2,1,2,1,2,1,0,2,0,0,3,2,25
5691,0,0,0,0,3,3,1,2,3,2,2,2,2,0,3,2,2,1,2,3,3,36
5692,0,0,0,0,2,3,1,3,0,0,3,0,3,2,0,3,0,0,1,1,0,22
5693,3,2,2,2,3,1,0,3,1,2,1,2,1,2,0,2,0,2,1,0,1,31
5694,3,3,2,2,3,2,1,1,2,3,1,2,0,2,2,2,3,3,2,3,0,42
5695,3,1,3,0,2,3,3,0,1,0,3,3,1,0,3,2,2,1,3,3,1,38
5696,0,3,2,0,2,0,0,0,2,1,0,1,1,3,3,1,3,2,3,2,1,30
5697,0,0,2,1,0,3,3,1,3,1,0,0,1,3,1,2,0,3,2,1,1,28
5698,1,2,3,3,0,3,1,0,2,1,2,0,2,2,0,3,1,2,1,1,2,32
5699,3,0,0,3,0,0,2,1,2,1,0,0,3,0,0,0,2,3,3,0,3,26
5700,1,0,2,0,3,0,2,3,1,1,2,0,2,3,1,2,2,2,2,2,2,33
5701,1,2,1,2,1,0,0,0,1,2,1,0,0,0,3,2,2,0,2,2,1,23
5702,0,2,3,0,2,2,2,2,1,1,1,0,1,3,0,2,2,1,1,3,1,30
5703,0,3,1,3,0,0,0,3,2,0,3,1,2,0,0,2,2,3,2,1,1,29
5704,0,3,2,0,2,1,2,2,0,1,2,3,3,2,3,0,1,0,3,2,0,32
5705,2,2,1,0,0,0,3,2,2,3,1,3,0,2,3,1,3,3,3,0,1,35
5706,3,1,2,2,3,1,2,3,3,3,3,3,0,3,2,1,2,2,0,3,1,43
5707,3,3,1,1,1,0,2,0,1,1,3,2,2,2,3,2,2,0,0,2,1,32
5708,2,2,3,2,2,0,3,0,3,1,2,0,3,0,3,2,3,1,2,0,1,35
5709,0,1,1,2,0,3,0,3,1,1,3,2,2,3,2,2,2,1,2,3,2,36
5710,1,0,2,3,1,3,2,1,2,1,2,0,0,3,2,1,1,2,1,1,0,29
5711,1,1,3,2,0,3,1,0,1,2,0,3,1,1,3,0,3,0,1,1,3,30
5712,0,3,3,3,0,0,2,2,3,2,0,3,3,0,3,1,3,0,2,0,1,34
5713,1,3,0,3,3,0,3,2,0,3,1,2,2,3,1,3,2,0,2,2,1,37
5714,3,1,3,0,2,0,3,2,2,3,1,0,2,0,3,1,2,3,2,3,2,38
5715,2,3,3,0,1,1,2,1,2,1,1,1,3,2,1,0,1,0,1,1,3,30
5716,0,0,3,1,3,2,1,2,2,1,0,3,3,3,0,1,1,0,3,3,1,33
5717,0,1,1,1,0,1,3,2,1,2,3,0,1,1,0,1,2,1,0,2,0,23
5718,0,3,2,3,1,3,1,3,2,2,0,3,1,3,2,3,2,2,0,2,3,41
5719,0,0,0,3,1,1,0,0,2,1,3,0,1,0,1,0,2,0,2,2,1,20
5720,1,1,1,1,0,2,3,2,0,0,3,0,3,2,0,3,1,3,3,3,1,33
5721,2,0,0,3,2,0,3,1,1,3,0,0,2,2,0,2,1,3,0,2,3,30
5722,3,1,3,0,3,1,1,1,3,2,3,3,2,3,0,0,0,1,1,3,1,35
5723,0,3,2,1,0,1,3,0,0,0,1,1,3,2,1,0,0,3,2,0,0,23
5724,1,1,0,0,1,2,3,3,0,2,1,2,1,1,3,2,0,3,3,3,2,34
5725,2,3,1,2,2,2,1,2,3,2,3,2,0,0,1,3,3,3,0,3,1,39
5726,1,1,2,0,2,1,2,0,2,1,1,2,0,2,0,0,1,0,0,0,2,20
5727,2,0,1,3,1,0,0,1,1,2,1,0,0,2,3,1,2,2,3,3,0,28
5728,1,0,3,0,2,0,3,1,0,3,1,0,2,1,2,0,1,2,3,1,1,27
5729,0,1,3,1,1,1,2,3,3,2,1,1,1,3,2,3,2,2,0,2,1,35
5730,3,0,2,2,0,1,3,1,3,3,1,0,0,2,1,0,0,1,2,0,3,28
5731,1,2,1,0,1,1,3,3,2,1,2,0,2,1,1,1,2,2,1,0,2,29
5732,1,3,3,0,1,0,3,3,1,0,3,2,2,3,0,2,1,0,2,0,1,31
5733,3,0,0,0,3,1,2,0,1,2,2,2,0,0,1,1,2,3,2,1,1,27
5734,1,1,0,1,0,2,2,2,2,1,2,0,0,1,0,0,1,0,3,0,0,19
5735,3,3,1,2,3,2,2,0,0,2,0,1,2,3,0,3,1,2,2,1,1,34
5736,1,2,1,0,2,0,3,1,0,3,1,3,1,2,0,3,3,2,0,1,2,31
5737,0,0,2,3,2,1,0,3,2,1,2,1,3,0,0,2,3,2,0,1,1,29
5738,3,3,1,3,1,2,3,0,1,1,3,3,0,2,3,2,3,1,3,0,0,38
5739,1,1,3,0,0,3,0,0,0,0,3,2,3,1,0,3,0,2,0,1,3,26
5740,2,2,3,1,0,1,0,2,2,1,3,0,1,2,0,1,1,0,0,0,0,22
5741,2,1,2,1,2,0,2,1,2,3,0,2,3,2,3,1,0,2,2,3,1,35
5742,3,3,2,1,3,3,3,3,2,0,3,1,3,1,0,0,1,0,0,3,0,35
5743,0,0,1,0,2,3,2,3,2,0,2,2,2,1,3,0,0,2,1,3,1,30
5744,2,2,2,2,3,2,0,2,1,2,2,2,1,2,0,3,1,0,0,2,2,33
5745,1,2,1,2,3,3,2,3,1,2,0,2,1,2,2,3,0,1,2,3,1,37
5746,2,1,3,2,3,3,3,2,1,2,1,2,2,3,2,2,0,3,3,2,0,42
5747,0,0,2,0,2,3,1,0,2,3,1,1,1,0,0,1,3,1,3,0,3,27
5748,1,0,1,1,1,0,2,0,3,3,1,3,3,3,2,0,2,2,2,3,2,35
5749,1,3,3,2,2,2,2,0,0,3,2,3,1,2,0,2,2,0,1,3,2,36
5750,2,1,2,3,3,3,2,1,3,1,0,1,2,3,0,1,3,3,3,0,3,40
5751,2,0,3,0,0,0,0,1,2,3,1,2,0,0,1,3,1,1,3,3,1,27
5752,1,1,1,1,2,0,1,3,1,1,1,2,1,0,3,0,2,2,2,1,3,29
5753,3,3,3,1,3,0,2,1,2,1,1,3,3,0,0,1,0,1,2,1,2,33
5754,0,3,3,1,2,1,0,0,2,0,1,0,1,3,1,0,2,1,1,0,2,24
5755,1,1,0,1,2,2,3,3,3,3,0,2,1,3,3,3,3,0,2,2,1,39
5756,3,3,3,1,2,2,1,2,2,3,3,2,1,1,3,0,1,2,0,0,3,38
5757,2,0,1,0,0,2,1,0,0,2,3,3,1,3,0,1,0,0,3,0,0,22
5758,0,0,2,2,1,3,0,0,0,1,3,1,3,1,1,1,1,3,0,2,3,28
5759,1,1,0,1,3,3,2,1,1,2,2,2,0,3,3,1,3,2,1,3,0,35
5760,0,3,3,1,1,2,2,2,3,2,2,3,3,3,3,1,2,2,1,1,1,41
5761,1,1,3,1,1,1,3,3,0,3,0,2,1,2,2,2,0,3,3,2,2,36
5762,0,1,1,3,1,3,2,1,3,1,3,3,1,1,2,2,3,2,3,2,3,41
5763,3,2,2,0,0,2,0,1,1,3,1,0,3,2,0,1,3,1,3,3,3,34
5764,2,1,3,3,1,1,3,2,0,0,3,2,2,0,1,3,3,2,0,1,0,33
5765,2,1,3,3,0,2,2,3,3,3,2,2,1,3,2,2,3,1,2,2,1,43
5766,2,2,2,3,1,1,2,2,3,1,3,1,1,1,0,0,2,3,0,2,0,32
5767,1,2,3,1,2,1,3,1,1,3,1,3,1,3,1,3,1,1,2,3,3,40
5768,3,1,0,1,3,0,3,3,3,2,0,1,1,0,0,3,0,0,3,2,0,29
5769,1,0,2,3,1,3,0,1,3,2,2,0,2,2,2,1,2,0,3,1,1,32
5770,1,1,0,3,1,1,2,0,0,3,3,2,1,3,1,1,2,2,2,1,2,32
5771,2,3,1,0,0,1,3,0,1,3,1,3,3,0,0,0,1,0,3,1,0,26
5772,0,0,3,1,3,0,0,0,3,3,1,0,3,1,0,3,0,0,3,1,1,26
5773,1,2,3,0,1,2,1,2,0,1,1,1,0,3,2,2,2,1,1,0,3,29
5774,1,3,3,1,2,3,2,3,0,0,1,1,0,0,1,0,2,3,2,0,1,29
5775,3,0,1,3,0,3,2,3,1,3,3,2,1,1,3,0,2,0,3,1,3,38
5776,0,2,0,2,3,0,1,2,3,3,0,3,1,2,1,2,2,2,2,0,0,31
5777,2,1,2,2,0,2,0,2,0,3,2,3,0,1,1,2,0,1,2,2,3,31
5778,0,3,3,2,0,3,1,0,2,3,1,1,2,1,0,2,0,1,1,0,2,28
5779,1,3,0,1,3,3,3,0,0,2,2,0,1,1,2,1,3,3,0,1,0,30
5780,3,2,0,2,2,2,3,1,2,2,3,3,1,1,3,2,1,3,1,0,1,38
5781,3,0,3,0,0,0,3,0,3,3,3,2,1,2,3,1,2,1,3,1,2,36
5782,0,3,1,3,0,2,0,1,1,1,3,1,2,0,2,3,0,2,3,2,0,30
5783,3,2,2,3,0,3,2,0,0,2,3,0,1,3,2,0,3,1,2,2,2,36
5784,2,2,0,3,2,1,2,2,3,2,0,2,0,3,3,2,0,0,3,3,3,38
5785,3,2,0,3,1,1,0,2,3,2,3,2,3,1,3,1,1,0,0,0,1,32
5786,0,2,0,1,2,1,3,1,2,0,0,1,3,3,2,1,3,3,0,3,2,33
5787,2,1,0,2,1,1,1,0,2,0,1,2,0,3,2,0,0,3,3,3,0,27
5788,1,1,3,2,0,0,0,3,3,3,2,2,2,1,0,0,3,1,3,0,0,30
5789,3,1,2,2,0,1,0,3,0,0,1,3,3,3,2,2,3,0,3,0,0,32
5790,2,2,1,2,0,3,0,2,1,1,2,1,1,3,0,3,0,0,3,3,2,32
5791,1,1,1,3,0,0,3,2,1,1,1,1,2,0,2,0,2,0,0,0,2,23
5792,0,0,0,3,0,1,0,3,1,0,3,0,3,0,3,1,1,2,3,3,0,27
5793,0,0,3,0,3,2,3,0,1,2,0,0,0,3,0,2,3,1,3,1,1,28
5794,1,2,0,1,0,1,0,3,2,1,1,2,3,3,0,2,2,3,0,2,1,30
5795,2,2,3,2,0,1,2,3,2,3,0,0,1,3,3,1,0,2,0,1,2,33
5796,2,0,0,1,0,3,2,0,0,3,3,1,1,0,0,0,0,1,0,1,3,21
5797,1,3,0,2,0,3,1,3,0,3,2,1,2,3,3,2,0,3,0,1,1,34
5798,2,0,1,2,3,1,2,0,1,1,3,0,2,2,0,2,3,0,2,3,2,32
5799,2,0,3,2,3,3,2,0,3,3,2,2,1,1,1,0,3,2,1,1,2,37
5800,0,2,1,0,2,2,2,3,0,0,2,3,2,2,3,3,0,1,0,1,0,29
5801,2,3,3,1,3,3,2,2,1,0,1,0,2,3,0,0,1,1,3,0,0,31
5802,2,1,1,2,2,0,2,1,3,0,2,0,3,2,3,3,2,0,1,1,1,32
5803,3,1,2,1,1,0,1,3,3,0,1,2,2,2,1,0,0,0,3,3,1,30
5804,3,1,1,3,3,0,3,3,0,2,3,0,1,1,0,1,2,3,2,0,0,32
5805,2,2,2,2,3,0,2,2,0,0,3,1,2,0,1,0,2,2,3,0,2,31
5806,0,1,1,0,1,1,1,2,0,3,2,0,2,0,1,1,3,1,2,1,3,26
5807,3,2,3,1,3,1,2,3,1,3,2,2,2,1,3,1,3,3,1,0,2,42
5808,0,2,0,1,0,0,3,3,1,1,3,1,0,3,1,1,2,0,1,0,1,24
5809,3,1,1,3,1,3,2,2,2,2,1,1,3,0,0,0,0,2,1,3,2,33
5810,1,2,3,1,3,2,3,2,2,2,2,2,0,3,2,0,1,0,3,2,0,36
5811,0,0,3,2,1,3,1,0,3,0,1,1,2,3,1,0,2,1,0,2,2,28
5812,3,0,0,0,3,0,0,3,3,3,3,0,1,2,2,0,2,3,2,1,0,31
5813,0,2,1,0,2,3,2,1,2,0,1,3,3,3,0,2,3,3,1,0,2,34
5814,3,3,0,1,2,2,3,2,0,2,1,3,1,2,2,1,0,3,1,3,0,35
5815,1,1,0,1,0,3,3,2,2,1,3,3,0,0,1,2,2,1,2,2,2,32
5816,3,1,0,1,0,3,2,1,3,0,2,3,0,3,3,1,1,1,3,1,0,32
5817,3,0,1,2,2,3,1,0,0,3,1,1,0,0,0,2,1,2,2,2,0,26
5818,0,3,3,2,2,1,1,2,0,3,2,1,3,2,2,0,0,1,0,1,2,31
5819,1,0,0,1,3,3,2,1,2,3,1,2,0,2,1,2,0,1,2,3,3,33
5820,2,3,3,1,2,0,2,3,1,3,2,3,3,2,0,2,2,1,3,0,3,41
5821,3,1,1,3,3,1,2,2,1,2,1,1,1,3,1,1,3,3,1,3,3,40
5822,2,0,2,1,0,3,0,2,1,3,3,2,2,0,1,2,2,2,3,1,0,32
5823,0,3,3,3,3,2,2,2,2,1,0,0,3,2,1,2,3,3,0,3,3,41
5824,1,1,3,0,2,0,1,2,0,3,0,1,1,0,1,1,2,1,2,0,0,22
5825,2,1,3,2,1,0,0,2,3,0,3,3,2,3,1,0,2,0,3,2,0,33
5826,0,0,0,2,1,0,1,1,2,0,2,0,0,3,1,1,3,0,3,0,3,23
5827,3,3,3,3,2,0,1,3,3,0,2,0,2,3,0,2,1,3,2,3,3,42
5828,1,2,0,0,2,0,3,0,1,0,2,2,1,1,1,1,2,1,3,2,1,26
5829,2,0,0,0,1,1,3,1,2,2,0,3,0,2,2,1,0,3,0,3,2,28
5830,3,2,1,3,2,3,1,2,2,3,3,2,2,0,2,0,2,0,2,3,0,38
5831,0,0,2,2,1,3,0,3,0,2,1,1,3,2,3,0,3,1,0,3,3,33
5832,3,2,2,1,1,2,2,2,1,0,3,3,1,3,0,0,2,3,0,2,0,33
5833,3,2,2,3,0,1,1,1,2,2,3,2,3,3,2,3,2,3,3,0,0,41
5834,2,2,3,0,1,0,1,1,2,0,2,0,0,2,0,2,2,2,1,1,1,25
5835,0,2,2,3,3,3,0,0,0,2,3,2,0,3,2,2,1,3,1,3,2,37
5836,1,3,0,1,0,3,2,1,3,3,3,1,1,0,3,1,2,3,3,0,2,36
5837,3,1,1,1,3,3,2,3,2,2,3,1,3,3,1,1,0,1,0,1,3,38
5838,3,3,3,3,0,0,0,0,2,2,3,2,3,0,0,1,0,2,2,1,1,31
5839,3,3,0,1,1,2,3,3,3,3,0,0,0,2,1,2,0,0,2,2,1,32
5840,0,1,0,2,2,2,2,3,1,0,2,2,3,3,3,0,2,0,1,0,3,32
5841,1,2,1,0,1,2,2,3,0,3,1,3,0,1,1,2,0,1,1,2,1,28
5842,2,1,1,3,2,2,0,0,1,2,3,1,0,3,0,1,0,0,1,2,1,26
5843,3,0,2,2,3,1,2,1,1,1,1,2,0,1,2,2,2,3,2,3,0,34
5844,1,1,0,1,2,0,1,2,3,1,3,1,1,0,2,1,3,0,3,3,3,32
5845,2,3,2,2,0,0,2,1,1,1,1,2,3,2,2,0,0,0,2,2,3,31
5846,1,3,3,0,0,2,0,3,0,3,2,1,0,2,1,1,1,1,0,1,2,27
5847,2,1,1,2,2,0,2,1,2,3,0,1,2,0,1,1,0,0,1,3,3,28
5848,3,1,2,0,2,2,3,1,2,0,2,3,2,2,1,1,2,3,2,3,2,39
5849,0,2,3,2,1,3,1,3,2,3,0,1,1,3,3,2,0,1,0,2,2,35
5850,3,0,1,3,2,2,0,0,2,0,3,3,0,0,1,2,1,2,0,1,3,29
5851,2,2,2,2,2,0,1,1,2,3,2,3,2,1,1,0,1,2,3,3,0,35
5852,1,1,0,3,3,1,0,1,1,0,1,1,0,0,3,2,2,0,1,0,2,23
5853,2,2,3,1,0,2,3,1,1,1,1,2,1,3,3,1,3,2,0,2,0,34
5854,0,2,0,2,1,1,2,3,1,2,2,0,0,1,2,3,3,1,1,2,1,30
5855,0,0,1,2,1,1,3,2,0,3,2,2,3,2,1,2,3,2,2,1,1,34
5856,3,2,3,2,1,0,3,3,1,1,2,1,0,1,2,3,2,2,2,2,3,39
5857,3,2,2,2,1,1,2,1,2,0,1,1,1,0,1,0,3,3,2,3,3,34
5858,0,3,3,3,1,0,2,0,1,3,0,0,2,0,1,0,0,0,1,2,1,23
5859,0,0,3,3,0,1,1,0,1,1,1,0,0,3,2,2,2,3,1,2,1,27
5860,2,2,2,1,2,2,1,0,2,1,1,0,1,1,0,2,0,0,0,3,2,25
5861,0,0,0,1,0,1,3,3,2,2,2,0,1,2,0,1,3,0,3,2,2,28
5862,3,1,2,1,0,0,2,3,0,2,0,1,1,0,1,0,2,1,1,0,2,23
5863,0,0,2,0,2,3,3,3,1,3,3,1,0,3,3,2,3,2,0,3,0,37
5864,1,0,1,0,1,3,3,3,2,3,0,3,3,3,0,3,1,2,1,2,1,36
5865,2,2,1,2,0,1,1,2,2,0,2,0,2,1,3,2,1,0,3,2,1,30
5866,3,3,2,1,2,2,0,1,3,1,1,3,3,2,3,3,3,0,3,3,3,45
5867,3,1,1,2,3,2,3,2,0,0,3,3,1,3,1,1,1,3,3,3,3,42
5868,2,2,3,3,0,1,3,3,0,3,1,1,2,2,1,0,3,1,0,2,1,34
5869,3,0,2,2,3,2,1,3,3,1,3,0,0,1,2,2,2,2,0,3,0,35
5870,3,3,0,2,0,0,3,0,3,3,3,0,1,3,0,0,0,1,0,0,1,26
5871,3,2,3,0,2,1,2,0,1,3,0,0,1,3,0,3,2,1,2,2,1,32
5872,0,3,3,0,0,3,2,0,3,3,0,0,3,0,0,1,3,2,3,0,0,29
5873,1,3,1,0,1,3,1,3,0,1,0,0,0,1,0,0,2,0,1,2,1,21
5874,2,3,3,1,1,1,1,0,3,2,3,3,1,3,2,0,0,3,2,0,1,35
5875,1,1,3,1,3,0,1,2,0,1,3,0,3,1,2,0,0,1,3,1,1,28
5876,1,1,3,2,1,0,2,1,2,0,3,1,0,2,2,2,1,0,0,0,1,25
5877,0,1,1,3,0,0,1,0,3,0,2,2,0,1,1,1,0,3,1,3,3,26
5878,1,1,2,0,3,0,1,0,1,1,3,2,1,3,0,3,0,1,2,2,0,27
5879,1,2,2,3,1,2,1,3,1,1,1,0,3,2,2,2,1,2,2,3,0,35
5880,0,2,3,0,2,3,2,1,3,0,3,3,3,2,2,2,3,2,1,2,3,42
5881,0,1,3,0,0,3,1,0,2,3,2,2,1,2,2,0,2,3,2,1,1,31
5882,0,1,3,2,1,1,0,2,2,3,3,2,3,2,0,1,2,3,0,2,2,35
5883,1,0,0,3,1,1,3,2,3,2,0,1,3,3,2,1,0,2,2,3,3,36
5884,0,1,2,2,2,0,1,1,3,2,2,0,1,3,0,0,0,1,3,0,2,26
5885,2,3,1,3,3,3,1,2,0,2,0,1,2,1,2,3,2,0,1,2,3,37
5886,0,0,1,2,1,3,1,3,0,2,2,3,3,1,0,3,2,2,0,1,1,31
5887,3,0,2,1,3,3,2,1,1,0,3,1,2,1,3,0,0,2,2,0,3,33
5888,2,2,0,2,3,1,3,1,3,0,1,0,3,3,2,2,1,3,0,3,0,35
5889,3,0,1,3,0,0,2,2,2,1,1,0,3,1,2,1,1,0,2,0,0,25
5890,2,0,2,3,2,1,3,3,1,1,0,1,1,3,3,2,3,3,1,1,3,39
5891,1,3,1,2,3,1,2,1,1,2,3,1,0,0,3,0,3,3,0,0,2,32
5892,1,0,0,0,0,1,0,0,2,2,0,0,1,0,1,0,0,2,3,0,1,14
5893,1,0,2,3,3,1,1,2,0,0,2,1,2,1,2,1,3,0,3,3,1,32
5894,0,2,3,3,0,3,1,0,1,1,2,3,1,3,1,2,1,2,2,0,3,34
5895,0,0,0,0,0,3,3,0,0,1,3,3,2,2,1,1,2,2,1,1,0,25
5896,3,0,2,3,3,3,0,3,0,0,2,3,2,0,3,3,0,1,3,1,0,35
5897,0,3,3,2,0,3,3,2,2,3,0,3,1,1,2,0,1,3,2,2,1,37
5898,2,0,0,2,1,3,0,0,0,1,1,3,2,1,2,2,3,1,1,3,1,29
5899,1,1,2,3,2,3,3,2,3,2,2,1,3,1,3,0,1,2,2,1,0,38
5900,3,0,3,3,1,0,3,3,2,1,0,0,3,1,0,3,3,2,1,3,0,35
5901,2,2,3,2,3,3,1,1,3,1,0,1,1,1,2,0,3,0,3,0,0,32
5902,2,3,2,0,0,0,1,2,2,1,0,2,1,1,0,2,0,1,3,2,1,26
5903,0,3,3,2,0,0,2,0,3,2,2,3,0,3,2,0,0,2,0,0,0,27
5904,1,0,1,3,0,1,0,1,0,3,0,0,3,3,1,0,2,0,3,2,0,24
5905,3,2,3,1,2,0,2,3,3,0,2,1,1,3,1,1,3,1,3,1,2,38
5906,2,1,3,3,0,2,2,0,0,2,3,2,2,2,0,1,3,2,3,0,1,34
5907,1,1,3,1,3,2,0,0,2,1,3,3,0,1,1,1,2,3,2,3,0,33
5908,0,2,0,2,2,2,3,0,0,1,3,1,2,2,1,0,3,0,3,1,0,28
5909,1,3,3,1,1,0,2,1,1,2,3,2,2,1,1,0,3,3,2,3,0,35
5910,0,0,2,2,1,3,1,0,1,1,3,3,2,3,1,3,0,2,0,1,2,31
5911,2,1,2,2,3,1,3,1,1,0,2,1,3,1,2,0,0,2,3,3,2,35
5912,1,1,1,3,2,1,1,1,0,0,2,2,0,2,1,0,3,1,1,3,2,28
5913,2,2,1,3,3,3,2,2,1,3,0,2,3,2,2,0,1,0,0,3,1,36
5914,3,2,3,2,1,2,2,2,2,0,0,0,2,2,1,0,3,0,0,0,0,27
5915,2,2,1,2,2,1,1,2,3,0,0,0,1,1,3,1,3,1,3,3,0,32
5916,1,1,3,3,1,1,3,2,0,1,2,0,1,1,3,2,2,3,2,1,3,36
5917,0,1,2,1,2,0,3,2,2,0,1,3,0,2,3,2,2,2,2,1,1,32
5918,3,1,1,3,1,1,0,1,3,1,0,1,0,3,3,3,1,1,2,3,0,32
5919,1,0,1,3,3,2,2,1,2,0,2,0,0,2,2,3,2,2,0,3,3,34
5920,2,1,1,3,3,0,2,1,2,2,3,1,3,1,0,0,1,1,1,2,0,30
5921,3,2,0,3,3,0,3,2,0,2,0,3,0,2,2,3,1,3,2,0,2,36
5922,1,3,2,0,1,1,3,1,2,2,1,1,3,0,3,3,3,1,2,1,0,34
5923,0,2,0,1,3,1,3,2,2,1,0,2,1,1,2,1,3,0,0,3,0,28
5924,2,2,1,2,3,2,3,2,2,3,2,3,2,0,2,1,1,1,1,0,3,38
5925,1,1,2,1,0,1,3,3,0,2,2,2,3,3,1,2,2,2,0,0,2,33
5926,3,0,3,1,1,2,0,2,3,3,1,1,0,1,2,0,3,1,2,2,3,34
5927,2,1,3,2,2,3,3,0,2,2,3,2,3,1,2,0,3,2,3,1,1,41
5928,3,3,0,3,3,1,2,0,2,0,0,0,0,3,1,0,2,0,3,1,0,27
5929,2,2,3,1,2,2,0,3,2,1,2,0,1,0,1,3,0,2,2,2,2,33
5930,2,2,1,1,2,1,0,3,3,0,1,3,1,2,2,2,3,1,0,1,2,33
5931,2,1,2,1,1,3,3,2,3,0,2,1,1,3,1,0,3,2,0,0,1,32
5932,1,2,3,0,1,3,0,1,2,1,3,1,2,0,2,0,1,0,0,1,1,25
5933,2,3,2,2,2,1,1,0,0,3,2,3,0,3,2,0,0,2,2,3,2,35
5934,0,3,3,2,2,0,3,0,1,1,2,3,3,3,1,0,2,3,3,1,2,38
5935,0,1,1,1,2,1,2,3,2,2,3,0,1,0,3,2,3,1,3,2,0,33
5936,3,0,2,0,1,0,2,2,3,3,3,3,0,1,1,3,0,2,3,1,2,35
5937,0,2,3,3,1,2,3,3,0,1,2,1,3,2,2,1,0,0,3,0,2,34
5938,0,2,2,0,1,2,3,3,0,1,0,2,3,0,1,0,2,1,1,3,0,27
5939,1,3,3,1,2,2,1,2,1,1,2,0,0,0,2,0,0,0,0,1,2,24
5940,0,1,3,2,2,3,1,0,1,1,0,1,2,2,0,2,1,2,2,3,1,30
5941,0,2,3,1,3,2,2,3,3,0,0,2,1,0,3,0,2,1,0,0,1,29
5942,2,3,1,0,3,2,2,0,2,1,0,2,0,1,1,3,3,2,0,1,3,32
5943,1,3,1,1,0,2,0,1,2,3,1,0,0,3,3,3,3,1,2,0,3,33
5944,3,0,0,0,2,2,3,0,1,3,1,0,0,3,2,1,3,3,2,1,3,33
5945,1,0,1,2,1,1,1,2,3,1,3,0,0,2,2,0,1,0,3,2,3,29
5946,3,0,1,3,1,1,3,3,2,1,2,3,1,2,0,1,2,1,0,1,0,31
5947,3,2,1,2,0,0,0,2,0,2,1,1,1,0,0,0,1,0,3,3,0,22
5948,3,3,0,3,0,0,1,3,1,2,1,3,1,1,2,1,2,3,1,2,0,33
5949,2,3,0,2,3,2,1,2,3,1,3,0,1,3,1,1,0,0,3,1,2,34
5950,0,1,3,2,0,0,1,1,3,3,2,0,3,1,3,2,3,2,1,3,1,35
5951,1,1,1,2,3,1,0,0,1,0,1,2,2,2,1,2,2,2,0,2,0,26
5952,2,2,0,1,1,1,0,3,3,1,1,1,2,2,2,3,2,3,3,3,1,37
5953,1,0,0,0,0,1,1,3,2,2,2,1,2,0,1,2,1,2,2,3,2,28
5954,3,1,2,0,3,1,2,1,0,3,1,2,1,2,0,3,1,0,0,1,3,30
5955,2,3,3,1,0,0,2,2,2,2,1,2,2,2,2,2,2,1,3,3,2,39
5956,0,2,2,2,0,0,2,3,0,0,2,2,1,2,1,1,1,2,3,3,3,32
5957,3,0,2,1,1,1,0,3,0,1,0,0,2,3,2,3,0,0,1,3,0,26
5958,3,2,1,0,1,3,1,1,1,0,0,3,3,2,3,0,2,1,2,2,3,34
5959,2,1,1,0,1,2,0,1,1,0,1,0,0,3,2,3,3,0,3,2,2,28
5960,1,3,1,1,2,0,1,2,2,1,3,0,0,0,1,0,3,1,1,1,0,24
5961,0,0,1,3,3,0,1,1,2,2,3,1,3,3,2,3,0,1,1,1,1,32
5962,3,1,3,3,0,0,2,2,0,0,3,3,2,2,2,3,3,2,3,0,2,39
5963,0,3,3,0,3,2,1,3,1,2,0,0,3,2,1,1,2,1,2,3,0,33
5964,2,3,0,2,3,3,1,2,1,0,3,2,3,0,0,2,1,1,1,1,3,34
5965,1,2,1,0,1,0,2,1,2,2,2,3,2,3,2,1,1,0,1,1,2,30
5966,2,3,3,0,2,3,0,0,1,3,2,1,2,1,0,2,3,0,3,0,1,32
5967,3,1,1,1,0,1,0,0,3,1,3,3,0,3,0,2,3,1,3,1,3,33
5968,3,3,1,3,3,3,2,3,0,3,2,3,1,0,0,2,0,1,1,2,1,37
5969,2,3,1,0,0,3,0,1,2,0,1,0,0,2,3,2,1,3,1,0,0,25
5970,0,1,1,2,2,0,1,3,2,3,1,2,1,0,2,2,3,1,1,0,2,30
5971,1,1,1,0,1,3,2,1,1,0,1,2,2,0,2,0,3,0,2,2,0,25
5972,0,2,1,2,2,0,3,1,0,0,0,0,0,2,1,1,0,3,1,0,3,22
5973,0,2,1,2,1,1,1,3,3,3,2,0,3,0,2,3,0,2,2,3,3,37
5974,2,0,3,3,3,1,3,1,3,0,1,0,2,0,2,1,0,0,3,0,1,29
5975,0,3,1,1,1,2,0,1,1,1,1,2,2,3,3,2,1,3,1,2,0,31
5976,2,1,3,3,2,1,2,1,3,3,2,0,2,0,2,0,0,3,0,0,3,33
5977,0,2,3,0,1,2,3,0,1,1,0,2,1,3,0,1,1,3,3,3,1,31
5978,3,3,3,2,3,3,2,3,2,3,0,1,2,1,0,3,2,2,1,0,3,42
5979,3,3,3,0,2,2,2,1,3,3,1,2,2,0,3,2,2,1,3,2,0,40
5980,1,0,1,1,0,3,1,2,3,3,3,2,1,0,1,1,2,3,0,2,3,33
5981,1,2,3,2,1,0,0,1,1,1,3,3,1,2,0,1,3,0,2,2,2,31
5982,0,0,3,1,2,3,2,1,3,1,0,3,1,1,1,1,3,0,0,1,3,30
5983,1,3,2,3,3,2,3,3,3,2,2,2,2,3,3,1,1,0,0,0,0,39
5984,2,0,1,3,0,2,3,1,2,3,2,2,1,2,0,2,0,2,2,1,3,34
5985,3,1,3,3,3,0,3,0,0,0,0,2,3,1,2,0,2,3,0,3,2,34
5986,0,0,3,3,2,2,0,1,1,0,1,1,1,3,3,1,0,0,0,2,0,24
5987,3,3,3,3,1,1,1,3,3,0,1,2,3,3,2,0,2,1,1,0,1,37
5988,3,2,1,2,0,3,0,1,0,3,0,3,3,2,2,2,3,1,1,3,2,37
5989,1,0,1,2,2,1,3,2,0,2,2,1,3,2,2,2,1,0,0,1,1,29
5990,1,3,1,1,2,1,0,1,2,2,3,2,1,2,2,1,2,2,0,3,2,34
5991,3,1,1,1,2,1,3,0,0,3,1,0,1,3,3,0,3,1,2,3,3,35
5992,1,0,3,1,2,3,1,2,3,2,0,2,1,3,1,0,1,2,0,2,2,32
5993,3,2,1,0,1,1,1,2,3,3,2,2,3,2,2,1,0,3,2,3,2,39
5994,3,2,1,0,3,3,2,2,0,2,1,1,0,1,1,1,0,0,0,0,0,23
5995,3,2,3,2,0,3,2,1,2,0,0,1,1,0,1,3,2,3,1,2,0,32
5996,1,2,1,1,1,3,0,0,2,0,0,0,2,0,1,0,2,3,1,2,0,22
5997,3,1,3,3,0,2,2,1,0,2,1,0,0,3,2,0,0,1,2,2,2,30
5998,0,3,2,1,3,1,3,1,3,3,0,1,3,1,3,1,0,0,3,1,3,36
5999,0,2,2,3,3,1,3,2,3,0,2,1,3,3,3,3,0,2,0,2,3,41
6000,0,1,2,2,3,0,2,3,2,3,2,1,0,1,1,2,0,0,3,3,1,32
6001,3,0,1,0,2,1,1,2,1,1,0,2,3,1,3,0,3,0,0,3,1,28
6002,1,0,0,0,3,2,1,3,0,0,1,3,0,2,0,0,1,2,0,0,3,22
6003,0,1,1,2,3,0,1,3,0,2,1,0,1,1,3,3,0,2,2,0,1,27
6004,2,3,1,1,0,3,1,1,3,1,3,3,0,1,2,1,2,0,0,3,3,34
6005,2,3,3,3,2,2,2,0,0,2,3,2,1,3,3,1,2,0,3,0,0,37
6006,1,1,3,2,2,2,1,3,2,0,3,3,2,0,0,0,1,2,2,0,0,30
6007,1,3,1,0,0,1,1,0,1,3,2,3,0,0,2,2,3,0,0,3,0,26
6008,3,2,1,3,3,2,0,0,0,2,2,0,3,0,0,2,0,3,2,3,3,34
6009,1,3,1,3,2,1,3,2,0,1,3,3,0,2,0,0,2,0,3,1,0,31
6010,0,3,3,0,0,2,1,0,0,1,1,1,1,1,1,2,1,3,3,3,0,27
6011,2,0,1,0,2,1,2,3,1,0,0,0,1,3,0,0,3,3,3,0,2,27
6012,1,0,0,2,1,2,3,2,2,3,0,0,1,2,2,0,1,0,0,3,0,25
6013,2,1,3,3,3,2,0,1,1,3,1,3,0,1,1,2,1,2,2,2,1,35
6014,3,1,1,2,0,0,0,0,0,2,3,0,0,2,3,1,0,0,0,1,1,20
6015,3,3,3,3,0,0,2,2,0,3,0,3,1,3,3,3,2,1,2,2,3,42
6016,0,3,3,0,2,0,0,1,3,2,1,2,3,2,3,2,1,2,3,0,0,33
6017,0,0,0,2,0,2,2,0,2,2,3,0,2,3,0,3,2,3,2,3,0,31
6018,2,1,1,2,2,0,1,2,0,2,2,0,0,0,2,0,1,2,1,3,0,24
6019,3,1,2,2,1,2,1,3,0,2,1,1,1,1,3,1,2,2,3,1,3,36
6020,2,2,0,1,3,1,3,0,0,2,3,2,2,2,3,2,3,1,1,2,1,36
6021,3,1,1,3,2,0,3,0,2,3,0,2,0,3,0,3,0,2,3,2,2,35
6022,3,3,3,1,0,1,3,1,3,3,0,0,3,0,3,3,0,0,3,1,0,34
6023,0,3,2,2,1,2,1,0,3,1,3,1,2,3,1,2,2,1,2,1,2,35
6024,0,1,3,1,1,2,2,3,1,3,2,1,2,1,3,2,1,3,2,2,3,39
6025,2,3,1,1,1,0,2,0,0,1,0,0,0,3,2,3,2,0,2,0,0,23
6026,3,0,3,3,3,2,2,1,2,2,2,1,1,1,3,0,3,0,3,3,1,39
6027,1,0,0,2,1,2,0,1,2,2,2,0,3,3,3,1,2,3,2,2,3,35
6028,2,2,0,1,3,2,0,3,1,3,3,1,1,0,2,0,3,1,2,1,1,32
6029,1,0,0,2,0,3,0,2,3,1,1,2,2,2,0,2,2,0,3,2,1,29
6030,0,2,0,1,2,3,1,3,2,1,1,3,0,2,0,3,3,1,2,1,1,32
6031,0,2,2,2,0,0,2,0,3,1,3,3,2,3,1,2,0,3,3,3,3,38
6032,1,3,3,1,3,1,1,3,3,2,1,2,0,1,2,3,2,1,1,1,3,38
6033,1,3,1,3,0,3,1,0,1,3,0,1,2,3,0,2,1,2,1,3,1,32
6034,3,1,3,1,0,1,2,1,1,0,3,2,3,0,0,1,1,0,0,3,3,29
6035,1,3,3,2,0,1,3,3,3,2,2,2,0,2,0,3,1,2,1,2,2,38
6036,3,3,2,3,2,1,0,1,3,2,2,1,2,3,2,2,0,3,2,0,3,40
6037,0,1,3,0,3,2,1,2,3,3,2,1,1,2,1,1,0,3,1,0,3,33
6038,3,1,2,3,0,0,3,0,0,0,0,0,3,1,0,3,2,2,2,0,3,28
6039,0,1,0,2,2,1,2,3,1,0,0,0,0,1,2,1,0,2,2,3,2,25
6040,2,2,1,2,1,1,2,1,3,2,2,2,2,0,1,0,2,1,0,2,3,32
6041,3,0,0,2,3,1,2,0,2,3,0,3,1,3,0,2,0,0,3,0,3,31
6042,3,2,2,3,3,3,0,3,1,2,2,1,0,3,1,2,3,3,1,2,1,41
6043,2,2,3,0,1,1,0,1,3,0,1,3,0,0,1,2,0,3,0,3,2,28
6044,3,0,1,2,0,0,0,2,3,2,3,2,3,3,2,0,0,3,1,2,2,34
6045,1,0,2,3,0,3,3,3,3,1,0,0,1,3,1,0,2,2,0,2,3,33
6046,0,3,3,0,0,1,1,2,2,0,2,2,2,0,0,3,0,2,3,3,0,29
6047,0,0,1,3,0,1,3,2,0,1,0,1,1,3,1,3,3,1,0,0,0,24
6048,0,0,3,2,1,2,1,0,0,3,1,0,0,0,0,1,0,2,0,0,0,16
6049,1,3,1,1,3,3,3,2,3,2,2,2,3,1,2,2,1,0,0,0,2,37
6050,3,3,0,1,0,1,1,3,0,0,0,0,1,3,0,2,3,1,3,0,1,26
6051,0,0,3,2,0,2,1,0,1,1,1,1,2,3,1,2,0,1,0,2,0,23
6052,3,2,2,0,0,1,3,0,3,1,0,3,2,0,0,3,0,2,3,1,3,32
6053,0,0,1,1,3,1,0,0,3,2,3,3,2,3,2,0,0,1,2,0,2,29
6054,3,1,1,1,3,0,1,0,0,2,0,1,3,1,2,2,3,2,0,2,3,31
6055,0,3,1,2,2,2,2,0,2,2,3,1,1,3,1,3,1,0,0,2,3,34
6056,1,2,3,0,1,1,3,1,0,0,0,3,0,2,1,0,3,2,3,0,3,29
6057,2,3,1,0,2,2,2,0,0,2,3,3,3,1,3,3,1,2,0,3,3,39
6058,1,2,2,3,3,0,3,3,3,2,2,1,3,2,1,2,0,2,2,0,2,39
6059,2,3,0,1,1,0,2,2,3,2,3,0,0,3,1,1,1,3,2,1,2,33
6060,2,3,2,2,1,2,1,0,3,1,0,3,3,1,0,3,0,3,1,0,0,31
6061,3,3,1,3,3,2,2,1,1,3,0,3,0,0,1,1,3,1,0,1,3,35
6062,0,3,1,2,1,3,3,2,2,1,1,3,3,3,0,2,2,3,0,1,2,38
6063,1,1,2,0,1,3,3,1,2,0,1,3,1,2,3,1,3,2,3,1,3,37
6064,1,0,3,2,2,2,2,1,1,3,2,3,3,3,2,2,3,1,2,3,3,44
6065,1,2,3,3,1,3,2,1,3,3,2,3,3,0,2,1,0,2,3,3,0,41
6066,1,3,2,0,1,0,3,2,1,3,1,0,0,2,0,1,2,2,0,1,0,25
6067,3,2,3,0,3,3,3,3,2,3,3,1,2,1,0,2,3,1,2,1,2,43
6068,2,0,0,2,2,0,2,3,2,3,3,3,0,2,1,2,1,3,0,3,1,35
6069,3,3,2,3,2,1,1,3,0,3,3,3,1,3,3,1,1,1,1,0,1,39
6070,3,0,1,0,0,1,1,2,2,0,2,3,0,2,0,3,0,1,3,2,1,27
6071,2,3,1,3,0,2,0,2,0,0,2,1,0,1,0,2,2,1,2,2,0,26
6072,0,1,2,3,1,1,2,3,3,1,3,1,3,2,3,3,1,3,2,0,2,40
6073,2,0,3,1,3,0,1,0,3,0,3,0,2,0,3,2,2,2,3,3,0,33
6074,2,0,0,1,2,3,3,0,1,3,0,1,0,1,3,0,2,3,2,1,3,31
6075,1,0,2,1,0,2,3,1,1,1,2,1,1,1,0,1,2,3,2,3,1,29
6076,3,2,0,3,1,3,1,1,1,2,2,0,0,1,2,3,3,0,0,0,2,30
6077,3,3,1,3,1,2,3,3,3,1,0,0,3,2,3,1,0,1,2,3,0,38
6078,0,2,0,0,2,3,3,0,3,1,0,2,1,2,0,1,2,0,2,0,1,25
6079,0,2,3,0,0,3,1,2,1,1,0,1,1,2,2,0,1,1,2,1,1,25
6080,0,0,1,3,1,2,3,1,1,2,2,2,2,2,2,0,1,2,3,0,3,33
6081,0,3,3,1,1,3,3,2,3,2,3,2,1,3,2,0,1,1,0,2,0,36
6082,3,2,2,3,0,0,2,3,2,0,0,0,0,2,2,0,0,2,2,0,1,26
6083,1,2,2,3,1,1,3,0,3,0,0,0,3,3,1,3,0,3,2,1,3,35
6084,0,1,2,0,3,2,3,0,3,0,1,1,3,3,3,3,2,1,3,0,0,34
6085,2,1,1,1,3,3,3,1,3,3,0,0,0,2,2,0,0,2,3,2,3,35
6086,3,0,0,1,1,3,2,0,2,0,1,0,1,0,2,1,0,1,3,2,1,24
6087,1,2,3,0,0,1,1,3,1,1,2,0,1,3,0,3,0,3,3,1,3,32
6088,2,2,0,0,1,1,0,2,1,3,3,0,2,2,0,3,1,2,1,3,3,32
6089,2,0,3,1,0,3,0,2,2,3,1,3,3,0,0,2,0,3,1,3,3,35
6090,1,1,1,1,2,2,3,1,0,0,0,0,0,0,2,3,2,3,2,1,2,27
6091,1,3,1,3,3,1,3,1,2,0,1,1,0,2,0,1,3,3,1,2,2,34
6092,2,1,0,1,1,2,1,1,2,2,1,2,2,0,2,3,2,3,0,2,1,31
6093,2,1,3,3,3,3,1,1,1,0,3,3,3,2,2,0,2,1,1,3,1,39
6094,1,3,1,1,2,1,0,1,1,0,0,2,2,2,0,0,2,1,3,2,0,25
6095,1,0,3,3,0,1,2,1,2,0,0,2,1,2,1,3,2,0,0,0,0,24
6096,0,3,0,2,3,2,0,3,1,2,0,3,1,0,1,1,1,2,2,2,3,32
6097,0,2,0,0,0,3,3,0,1,0,0,1,3,3,0,3,3,0,1,3,1,27
6098,2,2,0,1,3,3,2,3,0,2,3,2,2,3,3,3,1,0,2,0,2,39
6099,3,0,3,3,3,0,1,1,0,0,0,0,1,0,2,1,2,3,2,0,3,28
6100,3,2,0,2,1,3,2,2,3,0,2,0,0,2,3,3,1,0,1,2,3,35
6101,3,2,0,2,2,2,3,2,2,1,2,3,1,3,2,1,3,0,3,0,2,39
6102,3,1,3,0,3,2,0,3,0,2,1,3,1,3,3,0,1,0,2,0,0,31
6103,3,3,0,2,1,1,3,2,0,1,0,3,0,3,1,3,1,0,3,0,1,31
6104,2,1,1,1,3,3,3,2,2,1,0,1,0,0,3,1,1,3,0,3,0,31
6105,2,3,2,0,1,3,0,2,3,3,1,1,1,2,2,3,2,2,2,0,1,36
6106,0,2,2,0,1,2,1,0,1,2,0,2,1,1,0,2,1,1,1,2,3,25
6107,2,1,2,0,2,0,0,3,3,2,1,0,0,2,3,3,1,1,2,0,1,29
6108,2,1,2,2,0,1,1,3,1,1,0,2,2,3,2,0,3,0,0,2,3,31
6109,0,1,2,1,1,1,0,3,0,0,0,3,3,3,0,3,2,2,2,3,2,32
6110,1,0,2,1,2,3,0,0,2,0,1,0,2,1,0,1,2,0,1,0,1,20
6111,2,3,3,1,2,1,2,1,0,0,3,2,0,3,0,0,3,3,0,3,3,35
6112,3,3,2,2,3,2,0,1,2,1,0,3,2,0,0,0,3,3,2,2,3,37
6113,1,1,0,3,1,3,1,3,2,1,2,2,2,1,2,2,2,0,3,3,0,35
6114,1,3,2,0,1,0,1,1,3,1,2,1,3,0,0,0,1,1,3,2,1,27
6115,2,3,1,3,3,2,2,1,1,3,2,2,1,2,2,3,1,1,0,3,2,40
6116,0,0,0,3,1,2,0,0,2,2,1,3,0,3,2,2,3,0,2,3,3,32
6117,2,3,2,2,1,3,2,0,0,0,0,3,1,2,0,1,0,2,2,1,0,27
6118,0,0,3,0,3,0,2,0,2,3,0,1,1,2,3,1,3,2,3,0,0,29
6119,3,0,3,1,2,3,1,2,1,1,1,0,0,3,3,0,0,0,2,3,1,30
6120,1,1,3,1,0,0,1,3,2,2,1,2,1,3,2,3,2,1,1,0,1,31
6121,3,2,3,0,2,3,0,1,2,0,3,3,3,1,1,3,0,1,1,0,0,32
6122,0,1,3,1,3,0,0,0,2,2,2,3,1,0,3,0,3,2,1,2,0,29
6123,2,1,0,0,1,1,3,1,3,0,1,1,2,3,3,0,2,0,2,1,2,29
6124,2,3,1,2,2,3,3,2,2,1,3,2,1,3,0,0,2,2,1,1,0,36
6125,1,1,0,0,1,0,2,3,2,2,1,1,0,3,2,2,1,2,2,2,1,29
6126,1,3,0,1,1,2,2,2,3,2,0,2,3,0,2,0,2,1,3,1,1,32
6127,2,2,0,0,2,1,2,3,2,1,1,3,2,1,2,3,1,2,1,3,0,34
6128,1,3,3,0,3,0,0,1,1,3,0,0,0,1,2,3,0,0,3,1,1,26
6129,2,0,2,1,3,3,1,0,3,2,1,2,2,2,2,1,1,3,0,1,2,34
6130,2,0,0,2,1,2,3,1,0,0,3,2,0,0,1,2,1,0,1,0,1,22
6131,3,1,3,2,0,1,1,0,3,2,2,1,1,0,3,1,2,3,2,1,0,32
6132,3,2,0,0,3,0,2,0,3,1,1,1,0,3,0,3,1,3,2,0,0,28
6133,2,0,1,2,1,1,2,1,1,1,1,0,2,1,3,2,1,3,1,0,0,26
6134,1,1,2,0,2,1,0,0,2,3,1,1,3,2,3,2,0,0,2,3,0,29
6135,0,0,0,0,0,2,3,1,3,2,1,1,3,1,1,1,3,2,3,0,1,28
6136,1,0,2,0,0,0,0,1,0,2,0,2,2,1,2,2,2,3,3,1,1,25
6137,3,1,0,3,3,2,2,2,2,1,3,0,2,1,0,2,0,2,0,3,1,33
6138,0,1,0,2,0,1,0,0,1,3,2,1,0,0,3,1,2,0,3,2,1,23
6139,1,1,0,0,3,0,2,0,2,3,3,2,1,3,0,2,2,2,3,2,2,34
6140,0,2,1,0,2,3,1,0,1,1,0,2,0,3,3,3,1,1,1,0,0,25
6141,2,2,2,3,0,0,3,3,3,0,0,1,0,1,2,3,3,3,1,3,1,36
6142,1,3,2,0,1,0,0,1,3,1,1,0,1,3,2,1,0,2,3,3,2,30
6143,0,2,0,2,2,1,3,2,2,1,0,1,0,2,3,0,1,3,0,3,1,29
6144,1,2,1,2,0,1,3,2,3,2,2,2,2,2,1,1,3,1,3,2,0,36
6145,0,2,3,0,3,3,0,3,1,0,0,0,1,1,3,3,1,0,1,3,0,28
6146,1,0,1,1,0,3,2,1,0,3,0,3,1,2,3,2,0,1,3,1,3,31
6147,0,1,0,2,2,0,3,1,2,1,2,1,1,0,2,2,3,1,3,1,2,30
6148,2,2,1,1,2,2,0,2,1,2,3,3,3,1,3,1,2,3,3,2,3,42
6149,1,0,0,3,1,1,1,1,2,0,2,2,2,3,2,2,1,1,3,3,3,34
6150,0,2,3,2,3,3,1,1,0,2,0,2,0,0,3,3,3,2,3,2,0,35
6151,2,0,3,0,0,3,3,0,0,0,1,1,0,2,0,2,1,0,3,3,3,27
6152,2,2,2,0,0,0,1,3,1,2,0,1,2,3,2,2,0,2,2,1,3,31
6153,0,1,0,1,2,1,2,1,2,2,0,3,0,3,1,0,3,0,0,2,0,24
6154,3,3,0,2,3,2,0,2,1,1,3,1,0,3,2,3,0,3,2,2,0,36
6155,0,2,0,0,0,3,2,1,1,3,3,2,1,2,0,2,3,0,3,1,0,29
6156,3,1,0,0,2,1,1,1,3,1,3,3,3,0,1,3,3,3,3,2,1,38
6157,3,0,0,0,3,1,2,2,1,2,3,0,0,2,3,3,2,2,2,0,3,34
6158,0,1,2,0,0,2,0,3,0,1,2,1,3,1,3,1,0,0,2,0,3,25
6159,1,3,1,0,0,2,0,0,2,0,0,1,0,3,3,1,1,0,3,0,0,21
6160,1,2,0,3,3,2,3,0,3,1,1,2,0,1,1,3,1,0,1,2,2,32
6161,2,3,2,1,2,2,1,2,1,1,0,1,1,2,2,3,1,2,0,0,3,32
6162,3,3,2,2,0,1,2,0,3,1,2,3,1,2,3,2,3,3,0,3,1,40
6163,2,2,0,2,3,1,3,3,0,2,2,3,3,1,1,1,2,1,3,1,0,36
6164,0,0,2,3,1,1,3,2,0,3,2,0,3,3,0,3,1,0,3,2,0,32
6165,0,3,1,0,2,1,1,1,0,3,2,0,1,2,2,0,0,0,2,2,2,25
6166,2,2,0,3,3,3,0,1,0,0,1,0,3,2,1,0,0,1,3,2,1,28
6167,2,3,2,1,2,0,0,1,3,1,2,2,2,3,2,2,0,2,3,2,0,35
6168,1,3,3,0,3,2,3,1,3,3,1,2,0,1,1,3,1,0,1,2,0,34
6169,2,2,1,1,2,3,1,2,0,3,1,1,2,0,0,0,2,2,3,2,2,32
6170,1,3,3,0,3,2,2,0,3,3,1,2,2,1,2,2,0,3,2,1,0,36
6171,1,2,0,2,1,3,0,3,1,0,1,2,2,3,1,3,0,0,2,2,3,32
6172,0,2,3,2,0,1,0,0,0,0,3,0,2,2,2,2,3,2,0,0,2,26
6173,1,2,1,0,2,3,1,0,3,0,2,2,2,2,0,0,1,1,1,1,3,28
6174,0,0,3,1,3,3,2,2,2,1,0,1,2,3,2,2,1,2,2,2,0,34
6175,2,0,1,1,2,2,2,3,2,1,1,3,0,0,3,2,1,3,3,0,3,35
6176,1,1,3,2,1,2,2,0,1,2,0,1,1,3,3,2,2,3,0,3,0,33
6177,2,2,0,3,1,1,3,3,1,2,0,0,2,1,0,2,2,3,0,1,1,30
6178,0,2,2,2,2,0,2,2,0,2,1,3,1,3,3,3,2,0,1,1,2,34
6179,0,1,0,3,1,0,3,1,3,1,0,3,3,2,1,1,1,3,2,1,3,33
6180,2,3,2,2,1,2,1,1,0,0,1,2,3,2,1,0,1,2,1,1,3,31
6181,0,0,2,0,0,2,2,3,0,3,3,3,2,2,3,3,2,3,3,3,1,40
6182,1,2,2,1,2,0,1,3,1,0,0,3,1,3,0,3,1,3,3,0,1,31
6183,3,2,0,2,1,0,1,0,1,3,3,3,0,1,1,3,2,1,0,3,0,30
6184,2,1,3,1,2,1,3,3,0,3,0,2,0,0,0,0,3,1,3,3,2,33
6185,1,1,0,3,3,2,1,0,0,1,2,1,3,0,3,1,0,1,0,3,2,28
6186,1,1,0,0,2,1,2,0,2,3,1,3,2,2,3,1,1,1,3,2,2,33
6187,3,2,0,2,2,3,1,1,0,2,1,1,3,3,3,1,3,1,2,2,1,37
6188,3,2,1,1,3,3,0,1,3,2,3,2,2,2,2,3,0,3,3,2,1,42
6189,0,2,3,2,2,3,2,0,2,2,0,0,3,0,1,1,0,3,2,0,0,28
6190,1,3,3,2,3,2,2,0,1,3,0,0,1,3,2,3,0,0,1,1,1,32
6191,0,0,1,1,3,0,1,0,1,0,2,1,1,2,2,3,0,0,2,2,1,23
6192,0,1,0,0,0,3,0,1,1,3,0,2,3,1,1,2,1,3,0,2,2,26
6193,1,3,2,3,3,3,0,3,1,0,2,1,1,0,2,1,0,0,1,2,2,31
6194,1,0,3,0,2,0,0,3,3,3,2,0,1,2,0,1,3,3,2,0,3,32
6195,1,2,2,1,3,2,2,1,0,0,2,2,0,3,0,3,0,0,3,3,0,30
6196,2,3,3,0,1,1,2,2,3,3,1,3,0,1,2,0,3,0,3,2,3,38
6197,2,3,0,2,3,0,2,1,1,1,0,0,1,3,3,1,3,1,0,2,1,30
6198,3,3,3,0,1,0,2,3,0,1,2,3,0,3,2,3,2,0,2,2,0,35
6199,1,3,2,3,1,2,2,0,3,1,2,2,2,2,0,2,0,3,1,1,3,36
6200,2,1,1,0,0,2,1,0,0,0,2,3,2,1,3,3,2,3,2,2,3,33
6201,2,2,1,3,2,2,1,1,2,0,0,2,0,2,0,0,0,1,1,0,3,25
6202,2,1,1,1,0,0,2,2,2,0,3,0,1,1,3,1,3,0,1,0,3,27
6203,1,2,1,0,1,0,3,1,0,0,3,2,2,0,2,3,3,0,0,2,1,27
6204,1,2,3,1,0,1,0,2,1,1,0,2,0,2,1,3,1,0,0,2,0,23
6205,1,1,0,0,2,1,1,1,2,3,0,2,0,3,0,2,3,0,3,1,2,28
6206,0,0,0,1,0,0,3,1,1,0,3,3,3,3,1,3,2,1,1,3,0,29
6207,1,1,2,2,0,1,2,0,2,0,3,3,1,0,1,1,3,2,2,3,1,31
6208,3,0,3,3,0,1,2,0,2,2,1,0,3,1,2,1,2,3,2,1,2,34
6209,0,2,0,0,1,2,2,0,2,1,2,3,3,2,0,1,2,3,2,2,1,31
6210,2,2,1,0,1,0,3,1,1,1,3,3,2,1,3,0,3,1,3,3,1,35
6211,3,3,1,0,0,2,2,3,0,3,1,0,1,1,3,2,0,0,3,0,0,28
6212,0,3,2,1,0,0,1,3,1,0,2,1,2,3,2,3,3,2,2,1,2,34
6213,2,2,2,2,1,0,3,1,0,3,1,0,3,2,1,1,0,1,1,2,3,31
6214,1,3,3,1,2,2,2,2,0,0,3,2,0,0,3,2,3,2,2,1,1,35
6215,2,0,0,0,1,3,3,0,1,3,3,2,3,0,2,0,3,3,3,0,0,32
6216,1,1,1,2,1,0,1,3,0,0,3,0,2,2,1,0,2,3,2,1,3,29
6217,0,0,1,1,2,0,2,1,3,2,1,2,2,2,2,1,1,3,1,3,1,31
6218,2,2,2,3,0,3,1,2,0,2,3,1,3,0,2,1,3,1,0,1,0,32
6219,0,2,1,3,1,3,3,0,0,1,0,1,2,1,2,1,2,3,2,1,3,32
6220,3,1,1,1,0,3,3,1,2,3,2,0,0,0,0,2,2,0,2,3,2,31
6221,3,2,1,2,3,2,1,0,2,2,0,2,1,1,3,1,3,2,1,3,3,38
6222,1,0,3,0,3,1,3,2,2,1,1,0,0,2,2,1,3,1,2,0,3,31
6223,0,3,1,1,0,2,2,0,0,2,1,0,3,2,2,1,0,2,1,3,1,27
6224,0,3,2,0,0,0,0,0,0,0,2,0,3,1,0,1,1,0,3,2,1,19
6225,3,2,3,2,1,2,2,0,3,3,0,0,3,0,2,3,0,0,1,3,2,35
6226,0,3,0,2,2,1,1,1,1,3,3,3,2,1,3,3,1,3,3,3,2,41
6227,3,2,3,3,1,1,3,0,2,2,1,0,0,1,2,2,3,3,1,3,0,36
6228,3,3,0,0,0,2,0,1,1,2,0,2,0,0,3,0,3,2,2,0,1,25
6229,3,2,3,0,3,3,2,1,2,0,2,1,0,2,3,3,0,0,3,1,2,36
6230,2,3,0,1,1,2,1,0,3,2,2,3,3,0,3,0,3,0,2,1,2,34
6231,3,3,0,3,2,0,3,0,0,2,1,0,0,0,3,3,3,1,2,0,2,31
6232,0,3,2,0,2,2,2,0,0,1,3,0,3,0,1,2,2,3,2,0,3,31
6233,1,2,3,3,2,2,2,1,0,3,3,2,2,3,0,2,3,3,1,1,2,41
6234,0,1,2,2,1,0,1,2,2,3,1,2,0,0,2,0,3,0,1,3,2,28
6235,3,2,0,3,1,2,1,2,2,0,3,2,3,0,1,0,1,2,0,3,0,31
6236,0,1,2,0,3,0,3,1,3,0,1,1,1,2,3,2,0,0,1,3,3,30
6237,1,0,3,1,0,0,1,1,1,2,2,3,2,3,3,3,0,1,2,0,2,31
6238,2,1,2,2,3,0,2,0,3,1,1,0,2,1,1,0,0,0,2,3,3,29
6239,2,3,0,0,1,0,1,1,1,1,2,3,2,0,0,0,2,3,3,1,0,26
6240,1,0,2,0,1,3,0,0,2,3,2,1,0,3,3,2,0,3,3,2,0,31
6241,1,2,1,2,1,2,1,1,2,0,1,2,0,1,3,1,3,1,2,0,0,27
6242,0,2,1,1,0,3,0,1,1,2,3,3,3,2,3,3,0,3,2,0,1,34
6243,3,2,2,1,3,2,0,2,0,3,2,2,3,0,1,1,0,3,2,3,2,37
6244,0,2,2,1,2,3,1,3,2,2,0,0,0,1,2,1,1,1,0,3,0,27
6245,1,1,0,3,0,2,3,3,0,3,0,3,2,3,2,0,0,1,2,0,0,29
6246,3,3,2,2,2,0,1,2,0,0,2,2,3,2,3,3,0,2,0,3,3,38
6247,2,0,2,2,2,2,1,3,0,3,0,3,0,1,3,1,1,3,0,1,2,32
6248,1,2,1,1,0,2,2,1,0,3,2,2,3,3,1,2,0,3,0,3,3,35
6249,1,3,2,3,0,3,3,1,1,2,0,1,1,0,1,3,1,0,2,1,2,31
6250,3,3,2,2,3,3,0,0,3,3,1,2,0,3,2,1,3,2,2,3,1,42
6251,3,0,2,3,1,1,1,2,2,0,1,3,2,3,3,1,2,2,2,0,3,37
6252,3,3,3,0,3,3,2,0,3,1,0,0,0,0,1,1,3,2,3,2,3,36
6253,1,3,3,0,0,2,2,2,2,0,0,3,3,2,0,2,0,1,1,1,1,29
6254,3,2,1,3,3,0,1,0,1,3,1,3,3,0,0,3,1,1,1,0,2,32
6255,3,0,2,2,1,0,3,0,1,3,2,3,0,2,2,3,3,0,0,2,3,35
6256,3,1,3,0,1,1,1,0,3,1,2,2,3,1,2,0,2,1,2,3,0,32
6257,3,3,3,3,0,1,1,0,3,3,3,2,3,1,3,2,2,1,0,0,3,40
6258,0,1,1,2,1,3,2,2,3,1,2,1,3,2,0,3,3,0,2,2,2,36
6259,1,0,2,3,2,1,1,2,2,3,0,1,3,0,1,0,2,3,2,0,0,29
6260,0,3,0,1,3,2,2,2,0,0,2,0,1,3,0,3,1,1,2,3,2,31
6261,2,3,1,1,2,2,1,1,2,2,2,0,1,2,0,3,0,2,0,1,3,31
6262,1,3,3,2,1,0,3,1,3,1,1,0,1,0,2,0,3,0,2,2,3,32
6263,3,0,2,2,0,2,0,3,3,1,3,2,0,0,1,0,2,2,3,0,2,31
6264,1,3,2,3,0,3,1,0,3,3,3,2,3,2,1,2,2,3,3,2,3,45
6265,0,2,3,1,1,2,2,1,3,2,0,2,3,3,2,2,1,1,0,1,0,32
6266,3,2,1,1,2,0,1,1,3,2,1,2,3,2,1,2,0,3,0,0,2,32
6267,1,1,0,3,3,0,3,2,2,0,0,1,2,0,1,2,2,3,2,3,1,32
6268,1,3,3,1,3,0,3,0,0,0,0,2,1,2,1,2,1,3,2,3,2,33
6269,1,0,2,0,2,1,0,3,1,2,3,1,0,0,3,2,3,0,0,2,0,26
6270,1,3,3,3,1,1,1,0,0,1,0,1,2,0,2,0,1,1,3,1,2,27
6271,3,3,2,2,0,3,3,3,2,3,0,2,1,1,1,2,2,0,2,2,0,37
6272,2,2,2,0,0,0,2,1,1,2,1,1,3,0,3,0,0,0,3,0,0,23
6273,3,0,0,1,3,1,2,3,3,3,3,3,1,2,1,1,3,0,0,1,1,35
6274,1,0,3,2,3,0,3,3,0,3,1,2,0,3,3,2,0,1,3,0,2,35
6275,2,2,3,0,0,1,3,3,0,0,2,1,0,3,3,2,1,0,3,3,1,33
6276,2,1,3,2,1,1,2,0,3,1,3,0,2,2,0,3,0,0,3,1,2,32
6277,1,2,0,2,3,1,2,3,1,1,2,0,1,2,2,3,1,2,3,3,2,37
6278,3,1,0,1,2,2,2,2,3,3,2,0,3,3,0,3,3,3,2,0,2,40
6279,1,2,2,2,0,1,3,2,2,2,1,2,3,0,1,1,1,1,0,0,2,29
6280,2,3,3,3,1,2,2,2,3,2,0,2,1,3,0,0,1,3,2,1,1,37
6281,1,3,1,1,1,1,2,0,1,0,1,2,0,1,1,3,0,1,3,0,2,25
6282,0,0,1,2,2,2,1,3,1,3,3,1,3,2,2,1,0,2,0,2,0,31
6283,3,3,3,0,3,0,0,0,1,3,1,1,2,1,3,3,1,2,3,3,1,37
6284,1,2,0,2,3,2,0,1,0,2,0,2,1,1,1,0,1,3,3,2,1,28
6285,1,0,3,3,2,3,1,1,1,2,2,1,1,2,3,0,0,1,1,2,3,33
6286,0,2,2,2,0,3,3,3,0,0,2,1,2,0,2,2,1,1,2,1,0,29
6287,0,2,1,1,2,0,3,3,3,3,2,1,2,0,1,1,3,2,0,2,0,32
6288,1,2,2,3,3,0,1,1,3,3,1,3,2,2,2,2,1,2,2,3,1,40
6289,2,0,3,0,0,2,1,0,3,3,2,1,3,2,2,2,0,1,1,0,1,29
6290,2,3,3,3,0,0,1,0,0,2,1,0,1,0,2,0,1,0,3,0,0,22
6291,0,0,0,2,0,1,3,3,0,0,3,2,3,3,2,0,1,2,3,0,1,29
6292,3,2,2,0,1,1,3,3,1,0,3,1,3,1,1,2,1,3,3,3,2,39
6293,1,0,1,0,1,3,3,2,0,2,0,2,3,1,3,3,3,3,3,0,3,37
6294,0,3,0,1,1,2,1,3,0,0,1,3,3,3,2,0,2,3,1,1,2,32
6295,1,0,2,1,2,0,0,3,0,0,3,3,3,1,1,1,3,2,2,1,0,29
6296,3,2,2,0,1,1,2,1,1,0,0,1,2,0,0,3,1,3,0,3,1,27
6297,3,3,2,0,3,1,2,1,3,0,1,1,0,0,3,3,3,2,0,3,1,35
6298,2,0,0,1,0,1,0,3,3,2,2,2,1,0,3,2,1,1,1,3,1,29
6299,2,1,0,3,0,3,3,0,0,3,2,2,3,2,0,3,3,1,2,2,2,37
6300,3,0,1,1,0,3,3,1,1,0,1,1,0,1,1,1,1,0,1,1,0,21
6301,1,3,0,3,1,1,3,0,1,3,1,3,0,0,1,3,3,0,2,0,3,32
6302,2,0,0,3,3,0,3,0,1,3,1,0,3,1,0,2,2,3,3,0,1,31
6303,0,2,3,2,1,2,0,0,2,2,1,1,2,2,3,0,2,0,0,3,0,28
6304,1,1,0,0,2,2,0,3,1,0,1,2,3,0,2,3,0,0,2,1,2,26
6305,1,0,3,0,1,3,1,0,0,1,1,3,0,1,3,1,3,2,2,3,1,30
6306,3,1,0,0,1,0,3,3,0,0,1,2,3,2,3,0,1,1,0,1,3,28
6307,2,1,0,1,1,1,2,2,3,2,3,0,1,0,2,2,0,0,0,0,3,26
6308,1,3,0,0,2,1,2,1,3,0,2,0,2,1,3,3,1,2,3,0,1,31
6309,3,1,3,2,1,1,1,3,1,0,1,2,1,3,2,3,3,3,0,3,0,37
6310,1,2,0,1,1,2,0,1,3,3,3,2,0,0,3,0,0,1,2,1,1,27
6311,0,3,2,2,2,2,2,2,3,1,2,2,1,1,0,3,3,1,0,3,2,37
6312,0,3,2,3,3,0,0,2,1,3,0,0,2,1,1,1,1,2,2,0,1,28
6313,3,1,3,3,2,1,3,1,0,0,1,3,3,3,2,0,0,1,2,1,0,33
6314,3,0,2,1,0,0,0,3,2,2,1,1,3,0,1,1,0,1,0,1,0,22
6315,2,0,2,0,3,2,2,0,2,1,1,3,1,3,1,3,3,2,0,3,0,34
6316,0,0,3,1,2,1,0,2,1,3,2,0,0,2,1,0,2,2,2,3,1,28
6317,0,0,2,3,0,3,2,3,1,2,3,0,1,3,2,2,2,1,3,3,0,36
6318,2,3,1,0,0,2,0,3,2,2,1,3,0,3,1,3,3,0,1,2,0,32
6319,2,2,1,1,2,0,3,1,3,3,0,1,1,0,3,3,2,0,1,1,2,32
6320,3,3,3,3,1,3,2,2,2,1,0,1,3,1,2,1,1,3,3,0,0,38
6321,0,0,2,2,0,1,3,0,1,3,1,2,1,3,2,0,3,0,3,2,3,32
6322,3,2,2,0,2,0,3,0,3,1,2,0,3,3,2,1,0,2,2,3,0,34
6323,0,1,1,0,0,0,3,2,3,0,3,2,1,0,0,1,2,1,0,2,3,25
6324,1,1,2,3,2,3,3,2,1,1,0,3,0,3,1,1,1,2,2,0,2,34
6325,2,1,3,1,2,2,1,0,1,2,0,2,0,2,2,0,2,3,3,3,3,35
6326,0,0,0,2,0,2,3,0,0,1,1,0,3,1,2,2,1,0,2,3,3,26
6327,0,2,2,3,1,0,1,1,2,3,3,3,0,0,3,1,3,0,2,0,1,31
6328,0,2,2,3,3,1,2,3,0,3,0,2,1,0,1,3,2,3,2,0,1,34
6329,0,0,3,2,1,3,3,1,0,0,2,1,0,1,2,0,2,3,3,1,1,29
6330,2,0,2,2,0,3,1,3,2,2,3,0,3,0,1,1,2,0,3,0,2,32
6331,2,2,3,2,0,0,2,1,0,0,0,0,2,2,1,2,3,3,2,3,2,32
6332,1,0,3,0,1,2,0,3,2,3,3,3,2,2,0,2,2,2,2,3,3,39
6333,1,2,1,2,0,3,3,0,0,2,1,2,0,3,0,0,3,1,0,0,1,25
6334,1,3,1,3,3,0,1,3,2,0,0,0,3,2,2,3,0,3,1,3,3,37
6335,3,2,1,1,1,0,0,0,1,0,3,3,3,0,1,3,2,1,0,1,1,27
6336,1,1,3,2,3,3,1,0,1,3,3,0,2,2,3,0,2,3,2,2,3,40
6337,3,0,1,0,3,3,2,0,0,0,2,3,1,3,3,1,0,1,3,0,1,30
6338,1,1,1,3,3,0,2,3,2,2,0,3,2,1,3,3,3,3,2,2,1,41
6339,2,0,3,1,1,1,3,2,2,3,0,1,2,3,2,3,1,2,2,1,3,38
6340,1,3,1,1,2,0,1,0,1,2,0,2,3,0,1,1,0,0,2,1,0,22
6341,0,0,1,2,1,3,2,1,0,1,1,1,1,0,3,0,3,3,3,3,2,31
6342,3,1,2,3,3,0,1,3,1,0,0,2,3,0,3,3,2,1,1,0,1,33
6343,2,1,0,3,2,2,3,1,1,2,1,1,2,0,1,1,2,3,0,0,0,28
6344,2,0,0,2,1,3,2,1,2,3,0,1,1,2,1,2,2,1,2,2,3,33
6345,2,0,0,0,2,2,3,3,0,2,3,3,1,3,2,1,2,0,3,1,0,33
6346,1,3,3,0,3,0,3,1,0,3,3,2,2,1,0,2,1,2,2,3,3,38
6347,1,3,0,1,2,2,0,0,2,3,0,1,2,2,0,3,3,2,0,2,2,31
6348,2,2,0,0,1,3,1,0,2,1,3,0,3,3,1,0,1,2,3,1,0,29
6349,1,1,1,1,1,3,2,3,1,3,0,0,0,3,2,3,1,2,0,2,1,31
6350,0,0,0,3,3,1,1,2,0,1,0,0,0,2,3,2,0,3,2,1,0,24
6351,3,0,1,3,0,2,3,0,3,3,3,2,3,3,1,3,0,1,3,3,2,42
6352,0,1,0,2,0,3,0,0,2,0,2,1,0,3,3,1,2,3,3,1,2,29
6353,0,1,1,1,3,0,3,3,2,1,2,1,2,2,0,3,2,2,1,2,0,32
6354,3,0,2,2,2,3,1,2,1,1,1,3,2,3,1,3,3,0,3,3,0,39
6355,3,2,2,2,0,0,1,0,2,2,1,2,3,1,3,0,1,3,2,0,3,33
6356,2,1,2,3,0,3,3,2,3,2,1,3,1,1,2,3,1,0,0,0,3,36
6357,0,1,1,0,0,3,3,2,1,0,2,0,0,0,0,1,0,1,2,2,2,21
6358,2,2,1,0,2,3,1,1,3,3,0,3,2,0,1,1,0,0,1,2,0,28
6359,0,3,3,0,1,3,2,0,3,1,3,0,2,2,2,0,0,2,1,1,2,31
6360,2,0,1,0,2,1,1,2,1,0,3,3,1,0,0,1,3,3,0,0,3,27
6361,3,0,2,1,1,2,0,0,2,3,3,1,1,2,3,1,3,0,2,1,1,32
6362,3,0,1,0,1,2,3,1,3,3,1,2,2,0,0,3,3,3,1,2,0,34
6363,0,0,2,3,3,3,3,0,3,2,0,1,0,0,1,1,3,1,1,2,3,32
6364,2,0,0,1,3,2,1,3,2,1,3,2,2,2,2,1,0,2,3,2,3,37
6365,1,2,0,3,3,1,1,0,3,2,2,0,2,0,1,0,0,0,1,1,2,25
6366,2,2,0,1,1,2,0,1,2,1,1,0,2,0,1,2,3,2,1,2,0,26
6367,1,3,3,3,1,0,0,0,2,2,2,2,0,0,0,1,1,1,0,1,0,23
6368,3,1,0,3,0,0,3,3,1,2,1,0,0,0,3,0,1,2,3,3,3,32
6369,2,1,2,2,1,0,0,0,2,3,3,2,3,1,0,3,3,0,2,1,1,32
6370,3,3,1,2,3,2,2,2,0,3,0,1,2,1,0,3,0,3,2,1,2,36
6371,1,2,0,3,3,3,2,3,0,2,2,0,3,1,2,2,0,1,3,3,0,36
6372,2,0,2,0,3,2,0,3,1,0,1,2,0,0,3,1,0,2,2,0,1,25
6373,0,0,0,3,0,1,0,0,3,1,3,2,2,1,3,2,3,2,1,1,1,29
6374,3,0,0,2,2,1,0,3,0,1,2,2,1,3,2,2,2,0,3,3,0,32
6375,0,3,3,0,2,0,3,0,0,2,3,3,3,1,3,1,3,1,3,3,3,40
6376,2,3,2,2,3,2,1,2,0,1,1,3,0,0,2,1,2,2,2,1,2,34
6377,3,0,0,0,2,2,0,1,2,2,3,0,1,2,2,0,0,3,3,3,1,30
6378,0,1,3,2,1,1,2,1,1,3,0,2,2,1,3,3,3,1,1,3,1,35
6379,1,3,0,0,2,3,2,2,2,1,2,2,3,2,1,2,3,1,2,0,0,34
6380,1,0,2,1,3,0,2,3,0,1,0,1,0,0,0,2,1,3,2,1,0,23
6381,2,3,1,3,3,0,1,1,0,2,3,0,1,0,0,3,3,0,2,1,0,29
6382,0,3,2,2,2,3,0,3,2,2,3,0,0,1,0,3,0,1,2,3,1,33
6383,3,2,1,3,0,3,3,2,3,3,3,1,3,1,1,2,2,3,2,3,3,47
6384,2,0,0,2,1,0,2,3,1,0,0,3,2,3,1,3,2,3,0,2,1,31
6385,2,0,3,3,2,3,0,2,0,0,1,1,3,3,2,3,1,3,2,1,0,35
6386,0,2,2,3,1,1,0,0,3,3,3,2,1,3,3,0,0,1,1,1,3,33
6387,0,2,1,3,3,2,3,2,3,0,1,2,3,0,1,3,1,1,2,0,3,36
6388,2,0,2,1,3,2,1,1,3,0,0,1,1,2,1,0,2,3,3,0,0,28
6389,2,3,1,2,1,1,1,2,0,1,2,2,1,0,1,0,1,2,3,2,3,31
6390,0,2,1,1,3,3,1,2,0,0,1,0,0,3,3,1,0,1,3,3,0,28
6391,2,2,1,3,3,1,0,1,2,3,3,2,1,0,1,2,2,2,3,3,1,38
6392,0,3,1,2,0,0,2,3,0,2,0,3,3,0,1,3,3,0,1,1,2,30
6393,1,0,0,3,0,0,3,2,3,1,2,1,0,0,2,1,2,3,1,2,2,29
6394,2,0,2,1,1,0,2,1,0,3,3,2,0,2,2,1,3,3,1,2,0,31
6395,3,2,0,1,1,0,2,1,2,0,1,1,0,1,0,2,3,1,1,1,3,26
6396,1,3,3,2,2,0,0,0,3,1,0,3,2,1,0,1,2,2,3,0,2,31
6397,0,1,1,3,0,0,3,2,3,1,2,0,2,1,3,0,0,2,3,0,2,29
6398,1,1,3,2,3,0,3,0,1,2,0,3,2,3,0,1,1,2,3,2,3,36
6399,3,2,3,2,3,3,2,1,3,3,0,0,2,1,0,1,2,1,1,1,1,35
6400,2,2,3,1,1,1,0,0,2,0,1,3,2,3,3,1,1,3,3,2,2,36
6401,2,0,2,3,0,1,1,1,1,3,0,1,1,1,2,1,2,2,1,0,1,26
6402,3,0,1,0,1,1,2,2,1,2,2,0,3,1,2,3,3,1,2,3,2,35
6403,2,1,3,3,0,3,3,1,2,1,0,2,2,1,2,0,0,3,1,2,0,32
6404,3,0,0,3,3,0,1,1,3,2,0,3,2,0,2,0,0,3,1,3,2,32
6405,0,1,2,0,3,1,1,1,0,0,3,0,3,2,2,3,1,1,0,1,0,25
6406,2,0,0,0,2,2,2,0,2,1,3,0,0,0,2,1,2,3,1,3,3,29
6407,0,3,1,1,2,2,2,0,3,1,1,2,0,1,0,2,2,0,0,0,1,24
6408,0,2,3,1,1,2,0,0,2,2,3,0,2,1,1,0,0,2,1,2,2,27
6409,3,2,3,0,0,1,2,3,3,0,0,2,0,0,2,0,0,3,0,3,3,30
6410,1,3,2,0,3,0,2,2,3,3,0,3,1,2,0,1,2,0,3,3,2,36
6411,3,2,1,0,1,0,3,1,1,3,2,0,2,3,0,0,3,3,1,3,3,35
6412,1,0,2,1,3,2,2,2,3,3,3,1,1,0,3,3,1,0,3,2,1,37
6413,0,1,3,1,0,2,3,3,2,1,0,0,3,2,1,2,0,3,1,0,0,28
6414,3,0,3,1,3,0,1,0,0,0,2,0,2,2,0,0,1,2,1,2,0,23
6415,1,1,2,1,0,0,2,0,1,2,1,3,3,2,3,0,0,0,3,0,1,26
6416,3,2,0,3,1,3,2,1,0,2,1,0,3,2,1,3,2,2,1,0,2,34
6417,1,2,3,0,3,3,0,3,3,2,3,1,0,1,0,2,1,1,3,1,3,36
6418,2,0,1,0,2,3,1,3,0,3,2,2,0,0,0,0,1,0,2,1,0,23
6419,1,1,0,0,3,0,0,0,2,2,1,1,3,2,0,2,2,2,1,0,0,23
6420,0,3,2,3,0,0,3,3,2,1,2,3,3,1,0,2,1,3,2,1,3,38
6421,0,3,1,0,2,2,3,1,0,2,1,1,2,2,1,0,2,3,0,0,2,28
6422,1,2,3,2,2,3,3,2,1,3,0,2,3,2,0,0,2,1,0,0,2,34
6423,3,0,0,1,3,1,1,0,2,1,0,0,0,2,2,3,0,2,1,0,1,23
6424,1,0,3,3,1,1,2,2,2,0,1,2,0,0,2,2,1,2,0,2,3,30
6425,1,1,1,2,3,1,0,3,3,0,0,0,1,1,0,1,0,0,3,3,0,24
6426,0,0,1,2,2,2,3,3,2,1,0,3,2,3,3,0,0,1,2,0,1,31
6427,3,2,1,1,1,2,1,3,1,0,2,3,3,0,1,0,0,0,2,3,2,31
6428,3,0,1,0,3,0,2,1,0,1,1,3,1,1,0,1,0,3,3,1,1,26
6429,1,0,3,2,2,0,0,2,1,0,3,3,3,2,1,3,1,0,2,2,3,34
6430,0,1,0,0,3,0,2,1,0,1,1,0,0,1,0,0,0,2,2,2,0,16
6431,3,1,3,0,2,0,2,1,0,0,0,3,3,2,1,0,3,1,1,2,0,28
6432,1,1,0,2,1,2,3,3,2,2,1,2,3,2,0,2,3,0,0,1,3,34
6433,3,3,0,0,2,1,2,1,0,0,1,3,2,0,1,1,3,1,1,1,0,26
6434,3,1,2,2,1,3,3,0,3,0,3,0,0,1,2,0,3,2,2,1,0,32
6435,2,3,3,0,1,3,2,0,0,3,1,3,3,0,2,1,1,2,3,2,2,37
6436,1,3,0,3,3,3,1,0,3,3,1,0,0,1,2,2,2,2,1,1,1,33
6437,3,0,3,2,0,3,2,2,2,2,0,3,3,1,2,0,2,3,1,0,1,35
6438,0,1,1,1,2,1,1,2,0,3,3,0,2,3,0,3,3,2,3,1,1,33
6439,3,1,0,2,3,2,3,0,1,3,0,2,3,0,2,0,0,1,0,0,1,27
6440,3,1,1,2,1,0,3,0,1,2,2,3,2,3,3,2,0,3,2,2,2,38
6441,3,2,3,3,0,3,2,1,0,1,3,0,2,2,2,2,0,1,0,2,2,34
6442,3,0,0,1,2,1,0,3,1,0,2,2,2,1,1,0,2,3,3,3,1,31
6443,0,1,2,0,1,0,1,1,3,0,2,2,0,2,1,2,2,3,3,2,1,29
6444,0,2,0,3,3,3,2,0,2,3,1,2,2,3,2,2,0,2,0,0,0,32
6445,2,2,3,0,2,1,0,0,3,3,2,1,3,2,2,0,0,3,3,3,2,37
6446,0,2,2,0,2,0,3,0,2,3,1,0,0,2,0,0,1,1,3,0,2,24
6447,3,3,0,0,0,3,0,3,2,1,0,2,3,0,0,0,2,0,2,3,0,27
6448,2,3,3,2,1,3,1,2,0,0,3,0,1,2,0,1,1,2,1,2,2,32
6449,0,1,3,2,3,1,0,3,2,1,3,0,2,3,1,3,1,3,3,2,0,37
6450,0,2,2,1,2,3,3,3,3,3,2,1,2,1,0,0,1,0,2,0,3,34
6451,3,2,0,0,3,2,2,1,3,0,0,1,3,2,1,0,0,2,2,3,0,30
6452,1,0,3,3,0,1,3,0,0,2,0,3,3,0,2,1,3,3,3,0,2,33
6453,0,3,0,3,1,1,2,0,1,2,0,2,1,0,0,1,0,2,2,0,3,24
6454,0,2,2,1,0,0,3,1,3,0,2,3,1,0,0,1,1,3,1,2,2,28
6455,3,0,3,2,3,2,3,1,0,1,1,2,2,1,3,2,3,1,0,0,3,36
6456,2,0,3,1,0,1,1,0,1,2,1,0,2,3,2,1,0,1,0,0,0,21
6457,0,3,3,3,0,3,2,2,3,1,3,1,3,3,3,1,3,0,1,0,0,38
6458,2,0,1,2,0,0,0,0,3,3,2,0,0,0,0,1,3,0,0,1,0,18
6459,0,0,0,2,3,0,2,1,2,1,1,0,2,0,2,3,1,3,0,2,1,26
6460,1,1,3,3,3,2,1,2,2,2,1,2,3,3,3,2,1,1,2,0,1,39
6461,0,0,1,0,2,2,0,2,0,1,0,1,2,1,3,3,2,2,1,3,1,27
6462,2,3,2,1,1,0,1,2,0,0,1,1,1,0,0,0,1,2,1,0,3,22
6463,0,3,2,1,1,2,1,1,1,0,3,1,2,1,0,3,1,2,0,1,2,28
6464,0,3,3,1,2,1,0,3,2,2,1,2,3,3,2,2,2,0,2,1,3,38
6465,1,1,0,1,3,2,0,1,1,3,0,0,0,1,0,2,3,1,0,2,3,25
6466,3,3,3,3,3,1,2,1,2,1,2,1,0,3,3,2,0,2,0,3,3,41
6467,3,3,0,0,2,2,2,0,1,3,0,1,1,1,0,0,2,3,0,2,0,26
6468,2,1,2,2,0,0,3,2,1,1,3,0,1,3,0,2,0,2,3,0,1,29
6469,1,3,1,0,2,2,3,2,0,3,3,0,1,2,1,1,0,3,1,3,0,32
6470,1,3,3,3,2,0,1,0,0,1,0,2,3,1,0,3,1,1,0,3,2,30
6471,1,3,0,1,2,3,3,3,2,2,0,2,1,2,0,0,1,3,1,1,3,34
6472,0,2,3,1,2,2,3,3,0,1,3,1,1,0,3,2,3,0,2,2,2,36
6473,2,2,0,2,1,0,1,2,2,3,3,1,1,3,2,0,0,3,1,1,2,32
6474,1,3,0,0,0,3,3,3,0,1,1,3,1,3,1,1,2,2,0,2,1,31
6475,3,3,0,3,2,2,2,1,0,3,1,3,3,3,1,0,0,1,2,1,1,35
6476,3,0,2,3,1,2,1,3,2,2,3,0,2,2,1,2,1,3,2,2,1,38
6477,1,2,1,0,3,0,1,0,0,0,3,0,3,1,3,2,0,1,0,1,1,23
6478,2,2,0,0,3,0,1,0,0,1,3,3,0,1,3,1,2,1,1,1,3,28
6479,3,0,1,2,0,0,1,3,1,3,3,3,3,1,0,0,3,1,0,2,3,33
6480,0,3,2,2,2,2,1,1,2,0,0,2,1,1,1,1,1,2,2,0,1,27
6481,3,2,0,3,1,0,0,2,0,2,3,1,1,0,0,2,2,2,0,0,1,25
6482,0,1,2,0,1,0,0,1,0,1,2,2,3,3,0,3,1,3,3,2,1,29
6483,1,3,3,1,2,3,0,0,3,3,2,1,1,1,1,0,3,3,1,0,1,33
6484,3,3,1,0,0,0,0,3,2,0,3,0,3,0,0,3,1,0,1,2,1,26
6485,0,0,1,2,2,2,0,3,3,0,0,2,0,1,1,0,0,0,0,3,1,21
6486,1,3,2,0,0,0,0,1,0,3,0,2,2,3,2,3,1,3,2,1,2,31
6487,3,2,1,1,3,0,0,2,1,1,0,1,0,1,2,1,2,3,3,2,1,30
6488,2,2,0,0,1,3,2,2,3,1,1,0,2,1,0,0,3,0,3,3,1,30
6489,2,1,0,0,3,2,1,2,1,0,0,3,3,3,1,0,1,2,2,1,3,31
6490,1,1,0,3,0,1,1,0,3,2,0,0,0,0,1,2,3,0,3,0,3,24
6491,1,0,1,3,0,1,0,0,1,2,2,0,1,0,1,3,3,0,1,1,0,21
6492,0,2,2,0,3,1,0,2,0,0,3,3,0,1,2,0,1,3,0,2,2,27
6493,2,0,2,2,3,1,0,1,3,1,0,2,0,2,1,2,3,1,3,1,2,32
6494,2,2,0,1,1,2,0,3,3,2,1,0,2,2,2,1,2,3,0,1,2,32
6495,1,3,1,1,2,2,1,3,0,0,2,3,1,0,2,1,1,0,1,1,0,26
6496,2,2,1,3,3,3,0,3,0,3,3,3,1,0,1,0,1,3,0,1,3,36
6497,2,0,3,3,2,1,3,3,0,1,1,1,0,1,1,1,0,2,3,0,2,30
6498,2,2,3,2,0,3,2,3,3,2,2,2,3,3,1,1,2,0,2,2,1,41
6499,2,1,2,3,0,2,1,1,3,1,0,2,3,1,2,1,1,0,1,2,1,30
6500,2,3,3,2,3,2,0,2,1,2,2,2,3,2,1,1,3,2,1,3,1,41
6501,0,2,3,1,3,2,0,1,1,0,3,1,2,3,0,3,0,3,1,3,2,34
6502,2,0,3,1,0,0,1,3,0,1,1,3,1,3,1,3,1,2,0,0,0,26
6503,2,1,0,2,0,3,1,1,0,3,3,1,0,3,1,1,0,2,2,2,2,30
6504,3,1,3,0,1,0,3,2,0,0,0,0,2,3,2,0,2,1,1,3,3,30
6505,2,3,2,3,3,2,3,1,0,0,0,0,2,0,2,2,3,0,0,1,0,29
6506,0,2,3,3,1,2,0,1,3,0,2,0,2,1,3,1,0,3,2,1,2,32
6507,0,2,3,3,1,1,0,0,3,3,3,1,3,2,0,0,0,2,2,2,2,33
6508,1,1,0,3,2,0,0,2,2,0,3,2,2,3,3,0,3,2,0,1,0,30
6509,3,2,3,2,2,1,1,2,0,1,1,1,0,2,1,3,2,3,3,3,3,39
6510,0,0,1,3,3,3,3,2,0,0,2,0,3,3,3,3,0,2,0,2,0,33
6511,0,3,3,1,2,1,1,2,3,0,0,0,1,3,0,3,3,0,1,2,3,32
6512,2,3,0,2,0,0,2,0,1,2,1,0,3,0,2,2,3,1,2,1,3,30
6513,0,0,0,2,2,1,2,2,0,2,2,2,1,0,0,2,1,1,3,0,3,26
6514,0,0,2,2,3,2,2,0,0,0,2,1,0,2,1,1,2,3,0,0,1,24
6515,3,0,2,1,1,2,1,0,2,1,2,1,2,2,2,0,2,0,0,1,2,27
6516,0,0,1,2,3,3,1,0,1,2,2,0,3,0,0,0,3,0,3,3,2,29
6517,0,1,0,2,2,0,1,0,3,0,0,3,1,0,1,2,2,2,2,2,3,27
6518,1,2,0,1,2,0,3,1,3,1,3,2,0,2,0,3,1,1,1,1,3,31
6519,0,3,0,1,3,1,1,0,2,2,3,1,1,3,1,1,2,0,1,3,2,31
6520,3,0,3,1,0,0,1,2,1,1,0,0,1,2,0,2,3,3,1,1,0,25
6521,0,2,2,3,1,1,2,3,2,1,0,1,3,1,0,3,2,0,0,1,3,31
6522,1,0,3,1,2,3,2,1,2,3,1,1,3,1,3,2,2,2,2,3,2,40
6523,1,2,0,2,0,3,3,2,3,2,2,2,0,1,2,3,1,0,2,0,0,31
6524,1,0,3,3,1,0,3,2,3,2,0,3,2,1,2,0,2,3,2,3,1,37
6525,2,1,1,0,2,1,0,3,1,1,1,0,1,0,3,3,1,1,0,1,0,23
6526,0,0,2,0,2,3,1,3,0,0,1,2,3,3,0,0,3,0,2,1,2,28
6527,0,0,2,1,2,1,3,1,2,0,2,1,0,1,2,0,1,2,1,0,0,22
6528,1,0,2,1,1,0,1,0,1,0,0,1,2,2,0,2,2,0,3,2,0,21
6529,3,2,1,1,3,0,3,0,0,2,2,0,2,2,3,1,3,3,1,0,1,33
6530,1,1,3,1,1,2,1,3,1,2,2,0,0,2,0,0,2,1,2,1,2,28
6531,1,1,0,1,3,1,0,3,0,3,2,1,2,1,3,1,3,0,2,0,0,28
6532,1,1,1,1,1,0,3,2,1,0,0,0,1,0,3,3,2,1,3,1,1,26
6533,0,0,0,1,3,3,2,3,1,1,0,3,3,0,1,0,0,3,2,3,0,29
6534,3,0,2,1,0,2,3,0,2,1,0,1,2,3,1,2,3,2,0,0,1,29
6535,2,2,2,0,1,1,0,3,3,1,2,3,2,0,3,0,2,0,0,1,1,29
6536,2,1,0,3,2,3,0,2,1,3,3,0,2,1,1,3,0,0,1,2,3,33
6537,3,0,1,2,2,1,2,1,3,2,3,0,1,2,0,2,1,2,0,2,1,31
6538,2,1,0,0,2,2,3,0,0,1,3,0,3,0,1,1,3,2,2,1,3,30
6539,1,2,0,0,3,0,3,1,2,2,1,0,2,1,1,0,3,0,1,2,1,26
6540,1,2,3,1,1,1,0,3,0,3,3,2,0,3,0,0,0,3,2,0,1,29
6541,2,3,1,2,2,1,2,3,0,0,1,3,1,1,0,2,2,1,1,1,0,29
6542,1,3,0,3,1,1,1,1,2,3,2,3,2,2,0,3,0,0,0,3,2,33
6543,2,0,3,1,2,2,0,0,2,3,1,3,2,1,0,3,0,1,0,1,0,27
6544,1,0,3,3,3,1,3,0,3,2,3,3,3,1,1,3,1,3,0,0,1,38
6545,3,0,3,3,0,0,2,0,2,1,2,3,1,1,1,2,1,3,0,2,2,32
6546,2,2,2,0,2,1,1,3,3,0,3,2,2,2,2,2,2,2,2,0,3,38
6547,2,3,3,1,1,1,2,0,0,0,3,3,3,1,1,2,2,0,2,0,1,31
6548,2,3,3,1,3,2,0,2,1,1,1,1,2,2,1,2,2,1,1,2,2,35
6549,3,3,3,1,0,2,2,0,1,3,1,0,2,0,3,3,1,2,1,2,1,34
6550,0,2,3,0,2,2,0,1,3,3,1,3,0,3,0,0,2,1,2,3,0,31
6551,0,1,1,2,0,1,3,2,0,3,3,2,0,3,3,3,2,1,2,1,3,36
6552,1,3,1,1,2,0,1,2,0,0,0,0,3,3,2,2,2,3,2,1,2,31
6553,2,2,3,0,3,1,2,0,1,1,2,0,2,1,1,0,0,3,2,1,2,29
6554,1,1,3,2,3,2,0,0,2,0,3,1,1,0,3,3,1,0,2,2,1,31
6555,2,3,0,3,0,1,3,1,1,0,2,3,3,1,3,1,0,3,3,2,3,38
6556,0,3,1,2,3,3,1,0,1,3,0,2,3,0,0,3,0,0,3,2,0,30
6557,3,2,2,1,3,0,2,2,3,0,3,1,0,0,3,0,2,1,3,0,3,34
6558,1,3,1,1,1,1,0,2,0,0,0,3,2,1,1,1,0,2,1,3,1,25
6559,0,3,2,0,1,0,0,1,0,1,2,2,3,1,0,2,1,3,0,1,0,23
6560,2,1,3,0,2,0,1,0,0,1,3,1,0,1,3,1,1,3,1,1,1,26
6561,3,2,2,0,3,2,1,0,0,1,1,2,2,0,0,1,3,0,1,0,3,27
6562,2,1,0,2,2,3,2,3,2,0,0,3,0,0,2,3,3,3,1,1,2,35
6563,2,1,0,1,2,3,2,0,2,0,2,1,1,0,0,3,2,3,0,0,3,28
6564,0,2,0,0,3,0,2,2,1,2,2,3,3,1,0,0,2,2,3,2,1,31
6565,1,3,1,0,2,1,1,3,2,2,3,0,0,1,0,2,1,2,1,1,3,30
6566,1,2,1,1,2,3,2,1,1,3,2,1,0,2,2,1,3,1,3,3,1,36
6567,3,3,2,0,3,3,2,2,0,2,3,0,1,1,2,3,1,2,0,0,3,36
6568,2,2,1,3,1,2,3,1,1,1,1,1,0,1,3,1,1,1,1,1,1,29
6569,2,0,1,2,2,0,2,1,3,3,0,0,1,0,2,3,2,2,3,1,3,33
6570,3,2,3,0,3,2,1,2,3,3,3,1,3,1,2,2,2,1,2,0,1,40
6571,3,3,2,1,2,1,3,1,0,0,3,3,1,3,0,3,1,2,1,3,0,36
6572,0,3,0,3,2,1,1,3,1,1,3,3,2,3,2,0,3,1,1,2,2,37
6573,0,3,1,3,0,0,1,0,3,2,3,0,1,3,1,1,1,0,1,1,1,26
6574,2,3,0,2,3,0,0,1,1,3,0,1,3,3,3,0,3,2,1,1,3,35
6575,0,0,3,3,3,1,3,0,0,2,2,1,1,3,0,0,0,0,3,0,2,27
6576,2,3,0,1,0,0,1,3,2,0,3,1,2,3,0,0,1,1,3,2,0,28
6577,1,3,2,1,3,1,3,3,1,1,0,0,3,3,0,2,1,3,2,2,0,35
6578,1,0,3,2,3,0,3,1,1,2,3,1,2,1,1,2,3,1,0,3,3,36
6579,2,0,3,1,2,0,2,0,1,3,1,3,3,0,0,2,2,1,0,2,2,30
6580,0,2,1,3,2,2,2,3,2,0,1,1,0,0,2,2,2,3,2,1,0,31
6581,3,3,0,0,2,2,3,3,3,2,1,1,1,2,3,3,0,2,1,0,3,38
6582,0,1,3,0,1,0,0,0,3,0,1,3,1,3,1,0,0,0,0,1,1,19
6583,2,2,1,1,2,2,1,1,3,0,0,0,1,1,2,0,0,1,3,0,1,24
6584,2,2,2,1,0,1,2,0,2,0,1,1,2,2,1,2,3,2,1,3,0,30
6585,1,1,0,0,3,2,2,1,3,0,2,0,1,0,0,0,2,1,1,1,0,21
6586,2,1,0,0,3,3,0,1,2,2,2,0,1,1,0,2,2,0,0,0,2,24
6587,1,3,2,2,3,2,0,3,2,2,1,0,2,3,1,3,1,2,3,3,3,42
6588,2,0,0,1,0,2,1,3,2,3,1,0,2,3,2,3,0,3,3,1,1,33
6589,1,3,2,1,2,2,2,0,2,0,2,3,0,2,0,3,0,3,1,0,3,32
6590,3,3,0,3,2,2,3,3,3,3,2,2,2,1,3,0,1,2,3,2,0,43
6591,3,0,0,1,3,3,1,0,1,2,2,1,2,3,1,0,0,1,1,3,3,31
6592,2,3,3,2,0,2,1,2,1,2,2,1,2,0,3,1,2,1,3,2,2,37
6593,1,0,2,0,3,2,0,1,0,3,3,0,0,0,2,2,1,0,2,1,3,26
6594,3,0,2,0,3,3,1,3,2,3,0,3,1,2,3,0,2,2,3,1,2,39
6595,0,3,3,3,3,2,1,2,0,0,3,0,2,3,0,3,2,1,3,0,0,34
6596,1,3,0,2,2,0,2,3,0,1,2,1,2,2,3,2,3,3,2,3,0,37
6597,0,0,2,3,3,0,1,3,1,2,2,1,1,2,2,3,0,0,0,3,0,29
6598,3,0,3,0,1,0,2,1,3,2,1,0,1,3,0,0,0,2,3,2,3,30
6599,1,1,3,2,0,0,1,0,0,2,1,1,2,2,1,2,1,2,0,2,3,27
6600,0,3,1,0,0,0,3,0,0,3,3,1,2,2,1,1,1,3,0,1,1,26
6601,1,3,0,0,0,2,2,3,1,0,3,2,3,3,0,3,0,2,0,0,0,28
6602,1,0,1,1,2,0,3,1,3,2,2,2,0,3,0,0,2,2,1,1,0,27
6603,1,0,3,0,2,2,3,1,1,0,3,0,3,2,3,1,3,1,3,0,0,32
6604,3,2,3,3,3,2,0,3,3,0,2,1,3,3,1,1,0,1,0,0,2,36
6605,0,0,0,0,3,2,3,2,1,3,0,1,1,2,0,0,0,3,3,2,2,28
6606,0,0,3,2,3,2,0,1,2,0,3,0,0,1,1,2,3,0,2,0,2,27
6607,0,1,1,2,1,1,2,2,0,2,3,2,3,3,1,0,1,0,3,2,0,30
6608,1,3,3,1,3,0,3,0,1,1,1,1,1,2,2,0,3,3,0,3,1,33
6609,0,2,1,3,1,3,2,1,0,1,2,2,1,0,3,1,2,1,3,0,0,29
6610,2,0,3,2,2,3,2,0,2,2,3,1,0,2,1,3,2,1,0,1,2,34
6611,0,1,0,1,2,1,2,0,3,3,3,3,2,1,2,2,1,0,3,1,3,34
6612,2,1,2,1,3,2,3,3,3,3,0,3,2,2,0,0,0,2,3,1,3,39
6613,3,0,3,2,0,0,3,1,0,1,3,0,3,3,0,3,3,1,3,0,3,35
6614,2,3,0,2,3,0,1,1,3,2,1,3,2,3,2,3,2,3,3,1,1,41
6615,1,1,1,2,0,0,0,3,1,2,3,1,2,0,3,3,0,1,2,2,2,30
6616,1,2,1,0,1,2,3,0,1,2,2,1,3,3,1,2,3,2,0,0,0,30
6617,2,1,0,0,1,0,1,3,2,1,2,1,3,0,2,1,2,2,2,2,2,30
6618,1,0,0,2,0,1,0,1,3,3,3,3,1,3,1,0,0,1,0,2,3,28
6619,1,2,1,2,1,1,0,1,3,3,2,1,1,2,1,0,1,3,3,1,3,33
6620,0,1,3,3,3,0,2,0,1,1,0,2,0,0,3,2,3,1,3,0,2,30
6621,3,3,2,2,1,3,0,0,1,0,3,2,1,1,2,0,2,1,2,1,0,30
6622,3,0,3,3,1,3,1,0,1,0,2,3,1,2,1,0,2,1,3,0,0,30
6623,3,1,0,2,2,2,1,3,0,2,3,3,2,2,0,1,2,0,3,0,2,34
6624,3,0,1,1,1,1,2,1,2,2,2,1,3,3,2,2,0,3,0,2,1,33
6625,0,0,0,0,3,3,1,0,0,0,2,0,2,3,3,1,1,0,1,1,1,22
6626,1,0,0,1,3,3,3,1,3,2,0,1,0,0,0,3,3,2,3,1,1,31
6627,0,0,1,0,0,0,2,0,2,3,2,0,0,3,2,1,3,3,0,2,2,26
6628,0,0,3,3,2,0,3,0,3,1,2,2,3,2,3,3,2,0,2,3,1,38
6629,0,2,0,3,0,1,2,0,1,2,2,2,3,3,0,1,2,3,2,3,2,34
6630,1,0,2,3,3,1,2,0,2,3,3,1,1,1,1,2,1,1,0,1,0,29
6631,1,2,3,1,2,2,3,2,1,0,3,3,2,0,0,1,0,1,2,1,2,32
6632,2,2,0,3,0,3,3,2,1,3,2,3,1,1,1,3,3,0,0,0,0,33
6633,2,3,1,2,3,2,3,0,0,1,1,0,1,3,2,1,3,0,1,3,1,33
6634,0,3,1,2,1,2,2,0,0,1,1,2,0,2,0,0,3,0,3,0,3,26
6635,0,1,1,2,2,0,1,3,2,0,1,3,2,2,0,0,2,0,0,1,0,23
6636,1,3,3,0,2,1,0,3,0,0,3,3,1,0,0,3,1,2,1,2,3,32
6637,3,3,3,3,2,0,0,1,0,3,0,1,1,1,0,1,3,1,1,0,3,30
6638,0,0,0,2,2,3,2,1,2,2,3,1,1,1,1,2,1,0,2,0,1,27
6639,1,2,1,0,2,2,3,1,2,1,2,3,1,0,2,0,0,0,2,3,0,28
6640,0,3,3,3,1,3,0,2,1,3,3,2,2,2,3,3,1,3,1,3,0,42
6641,3,0,2,2,3,2,3,1,2,0,1,0,3,3,1,2,0,3,3,2,2,38
6642,3,1,2,3,3,1,3,2,2,2,0,3,3,2,3,1,0,0,3,2,0,39
6643,1,2,0,2,0,3,1,2,2,3,1,2,0,1,3,3,1,2,1,1,0,31
6644,2,0,0,1,2,2,1,2,0,3,2,1,0,0,2,3,0,3,0,2,1,27
6645,0,1,2,0,1,0,1,1,2,1,0,0,2,1,3,1,3,3,1,1,3,27
6646,2,0,2,0,3,3,2,1,3,2,1,2,1,2,0,1,2,1,2,0,3,33
6647,0,0,1,1,0,1,1,0,0,2,1,1,0,1,0,3,2,0,0,1,3,18
6648,3,3,2,2,1,2,3,0,1,3,2,1,3,3,2,0,3,0,0,0,2,36
6649,3,3,0,2,3,3,3,3,3,2,3,2,2,1,3,0,3,1,1,2,2,45
6650,0,2,1,2,0,3,1,1,2,0,1,0,2,3,0,2,3,3,1,2,0,29
6651,0,2,2,1,3,1,1,3,2,0,3,0,2,1,0,0,3,2,3,3,0,32
6652,2,1,2,1,2,1,0,3,0,3,3,2,2,2,1,0,3,0,0,2,2,32
6653,2,2,2,3,0,2,0,0,3,2,0,0,2,0,2,1,3,0,0,1,1,26
6654,3,3,2,2,1,3,3,0,1,1,2,3,0,2,3,0,3,1,3,3,1,40
6655,2,1,0,3,0,0,0,0,0,3,2,3,3,1,2,1,1,2,0,2,3,29
6656,1,3,3,1,0,2,1,2,0,3,2,1,0,3,1,1,0,0,1,3,3,31
6657,0,3,1,1,2,3,2,2,3,2,0,1,0,2,0,1,2,3,2,2,0,32
6658,0,1,3,1,3,2,3,3,3,0,0,1,2,0,0,2,2,0,0,3,3,32
6659,0,3,3,2,0,1,0,3,0,1,3,2,1,3,0,3,0,1,0,2,0,28
6660,2,2,2,3,1,3,0,2,1,1,0,1,1,1,1,0,0,1,2,0,1,25
6661,0,1,0,0,2,1,2,0,1,2,1,0,2,1,3,2,2,2,2,1,1,26
6662,3,1,0,2,2,0,2,1,1,2,1,2,0,1,1,0,0,0,2,2,3,26
6663,2,3,2,3,0,1,3,1,3,3,1,0,1,1,0,3,3,2,2,0,1,35
6664,0,3,1,2,1,0,2,2,0,2,0,3,1,1,0,0,2,3,2,1,1,27
6665,1,2,2,1,2,3,0,1,0,2,1,1,1,2,0,2,2,3,0,1,1,28
6666,3,0,2,0,2,3,2,1,2,1,3,1,2,2,2,3,1,1,0,1,1,33
6667,1,2,3,2,0,2,1,1,1,0,0,0,1,3,1,0,2,2,2,2,0,26
6668,3,0,2,3,2,0,0,1,3,0,1,1,3,1,0,2,0,3,0,2,2,29
6669,2,3,0,0,2,2,0,1,3,3,2,1,1,2,2,2,1,3,1,0,0,31
6670,1,1,2,3,1,2,0,2,0,0,2,3,0,2,1,3,0,2,0,0,1,26
6671,3,2,3,0,3,1,0,3,3,3,1,3,3,1,0,3,3,3,0,2,2,42
6672,3,0,1,1,1,1,1,1,2,0,3,0,0,2,2,2,0,3,0,0,2,25
6673,2,0,1,2,2,0,1,3,2,2,3,2,2,2,3,0,1,2,2,2,3,37
6674,1,3,0,1,1,1,0,2,0,0,1,3,3,3,2,2,2,3,0,2,3,33
6675,3,2,3,1,2,1,0,3,3,1,1,1,3,2,2,3,0,2,3,2,0,38
6676,0,2,2,0,1,0,1,3,1,1,1,0,1,2,0,2,1,2,0,2,2,24
6677,3,2,2,2,3,3,3,0,0,2,1,1,3,0,0,1,3,0,3,3,2,37
6678,2,2,0,1,0,2,1,1,0,0,3,0,1,0,1,2,1,2,3,0,0,22
6679,0,0,2,1,0,2,1,2,2,0,0,3,2,1,3,0,0,3,2,0,0,24
6680,0,1,0,3,0,2,0,1,3,2,3,1,2,0,3,0,2,0,0,3,3,29
6681,2,1,3,1,3,0,2,1,0,0,3,3,2,3,0,1,2,3,1,3,1,35
6682,0,1,0,0,0,2,1,0,1,0,0,1,2,3,2,2,2,3,2,1,2,25
6683,1,0,2,2,0,1,2,1,3,1,1,1,1,3,0,3,3,0,3,1,1,30
6684,0,0,0,2,1,1,0,3,2,3,1,3,2,0,1,3,0,2,1,0,1,26
6685,0,3,1,0,3,1,1,3,1,1,3,2,3,1,3,3,3,3,2,2,1,40
6686,3,0,2,3,3,0,3,3,2,3,1,1,0,2,0,1,0,3,0,3,0,33
6687,3,1,0,0,3,3,1,2,3,1,0,0,1,3,0,1,2,0,3,2,1,30
6688,3,2,1,0,2,2,3,0,1,0,3,2,1,2,0,0,0,1,1,3,2,29
6689,3,0,2,0,0,0,2,2,2,3,0,2,3,1,1,0,1,0,1,2,3,28
6690,3,1,2,0,3,2,0,1,2,3,2,2,0,1,0,1,1,1,2,2,0,29
6691,0,3,2,2,1,3,2,1,1,1,2,3,2,1,3,1,2,0,2,3,1,36
6692,1,2,0,3,0,2,2,0,3,1,1,3,0,2,3,1,2,0,0,3,0,29
6693,2,1,2,0,2,3,2,1,1,1,3,1,1,3,1,0,3,1,1,1,0,30
6694,1,0,0,1,3,2,2,2,0,0,2,0,0,2,1,0,1,2,0,0,3,22
6695,3,2,2,3,0,1,0,2,2,3,0,1,0,1,1,3,1,0,3,1,0,29
6696,1,0,3,3,3,3,3,1,2,3,0,3,0,3,3,2,1,0,3,2,1,40
6697,2,3,2,1,1,3,3,2,2,0,0,0,3,0,2,0,3,1,2,3,2,35
6698,3,2,1,2,2,2,2,0,2,0,0,1,1,3,3,3,3,0,1,1,3,35
6699,1,1,1,0,2,3,1,0,0,0,3,3,2,0,2,2,0,2,1,1,1,26
6700,2,3,0,3,3,3,2,0,3,1,1,3,0,2,1,2,2,3,2,1,0,37
6701,3,3,3,0,1,0,0,3,0,0,3,3,1,2,3,1,2,2,3,3,2,38
6702,1,0,3,0,3,1,0,1,3,1,2,2,2,0,1,2,3,0,1,2,0,28
6703,3,0,1,2,0,2,2,1,3,0,1,1,2,1,2,2,0,3,2,0,0,28
6704,1,1,1,1,3,1,0,0,1,1,1,0,2,3,2,3,1,1,0,0,3,26
6705,0,3,1,3,0,3,3,2,1,1,0,2,2,2,0,2,3,2,2,0,1,33
6706,2,1,3,3,2,0,2,1,1,1,0,1,1,2,0,3,2,0,2,0,3,30
6707,1,3,1,3,3,1,1,3,3,2,3,3,0,1,2,3,2,3,1,3,1,43
6708,0,3,0,2,0,1,3,1,2,1,0,3,3,3,0,2,3,3,3,3,3,39
6709,2,2,2,1,0,3,1,1,0,1,1,1,3,1,0,1,3,2,0,3,1,29
6710,2,3,0,3,3,0,3,1,2,0,0,3,1,1,1,2,2,3,0,0,3,33
6711,3,0,0,3,2,3,2,0,0,3,2,2,3,2,3,0,0,3,1,2,1,35
6712,3,2,0,3,0,3,1,3,3,2,0,0,2,0,0,3,3,2,0,2,0,32
6713,1,1,0,0,1,3,0,0,0,2,3,1,0,2,2,2,2,3,1,0,0,24
6714,3,2,0,0,3,3,3,0,0,1,2,1,0,0,0,1,2,0,2,2,2,27
6715,1,2,1,0,1,0,2,0,2,0,1,2,3,1,0,3,3,2,1,2,0,27
6716,1,0,2,2,2,0,3,0,2,1,0,2,2,3,2,2,2,1,3,1,1,32
6717,2,3,3,3,1,0,3,2,1,0,2,1,0,1,3,3,3,0,3,3,0,37
6718,0,1,2,3,0,3,1,0,3,2,1,2,1,1,2,0,2,3,1,0,1,29
6719,1,1,3,1,3,0,2,0,0,0,2,0,3,2,2,0,1,0,2,1,0,24
6720,2,1,2,1,1,1,0,1,0,2,3,3,1,0,1,0,3,3,3,3,2,33
6721,0,2,1,3,3,2,2,2,0,2,0,2,0,2,1,1,2,0,2,2,0,29
6722,1,3,0,2,2,1,3,1,1,0,1,2,3,1,3,1,3,3,0,0,0,31
6723,0,1,2,1,1,1,0,3,0,2,0,0,1,3,3,3,0,1,1,3,3,29
6724,1,1,1,2,0,3,2,0,2,1,1,0,0,0,0,2,0,2,0,1,2,21
6725,3,3,1,2,0,0,0,3,0,2,0,1,3,1,3,0,2,0,2,0,2,28
6726,1,3,0,3,0,1,2,1,1,2,0,0,0,3,1,1,2,0,1,0,2,24
6727,2,1,1,3,1,2,3,3,1,3,1,2,1,1,1,2,0,1,0,0,2,31
6728,1,1,2,0,3,0,1,1,2,0,3,0,0,0,2,2,2,1,0,0,3,24
6729,2,3,0,1,0,2,0,3,0,0,3,3,3,2,3,1,1,0,0,2,1,30
6730,0,0,0,3,1,2,2,1,1,2,0,2,1,0,1,0,2,3,1,3,1,26
6731,0,3,0,1,1,2,3,2,1,2,0,1,3,0,3,0,0,1,2,2,0,27
6732,3,1,3,1,0,1,1,1,3,3,3,2,1,2,0,0,0,1,0,3,2,31
6733,2,2,2,3,0,1,1,0,3,2,0,0,3,1,2,0,2,1,0,3,3,31
6734,2,3,1,0,3,3,3,0,2,0,2,1,1,3,0,0,2,1,2,3,1,33
6735,0,1,1,2,3,3,2,0,1,0,1,2,0,0,0,1,3,3,1,0,1,25
6736,1,1,0,2,2,2,1,3,2,3,0,1,2,0,0,0,3,0,2,3,0,28
6737,2,3,1,0,3,1,2,1,3,2,3,2,2,2,2,3,0,1,2,2,1,38
6738,3,0,1,3,2,0,2,2,2,3,1,2,1,2,0,0,3,3,2,0,3,35
6739,0,1,3,1,2,2,2,2,1,2,1,0,0,0,2,1,3,3,2,2,1,31
6740,2,0,0,1,0,1,3,1,3,3,0,2,1,0,1,2,0,3,3,3,0,29
6741,3,3,2,3,2,1,3,1,2,1,1,2,0,0,1,1,3,3,1,3,2,38
6742,1,1,0,1,1,1,0,0,3,0,0,3,3,3,0,2,0,1,3,0,3,26
6743,2,0,2,0,1,2,2,0,1,1,2,0,1,3,3,2,1,0,3,1,1,28
6744,3,0,3,2,1,0,3,1,3,2,0,0,0,2,2,1,1,2,3,3,2,34
6745,2,0,2,0,2,3,2,0,3,2,2,1,0,2,1,1,2,1,2,0,1,29
6746,1,0,3,2,0,3,2,3,0,3,2,0,1,2,0,1,2,1,3,1,0,30
6747,0,2,1,0,1,0,2,2,0,2,3,2,1,2,3,2,3,0,2,3,1,32
6748,1,0,2,0,1,0,2,0,1,0,1,0,1,2,0,1,3,3,0,2,0,20
6749,2,3,0,3,2,2,3,0,3,0,3,1,3,3,2,3,3,3,2,1,1,43
6750,3,0,1,0,3,1,0,2,1,3,3,3,3,1,3,1,0,3,0,1,3,35
6751,2,1,2,2,3,1,3,1,1,1,1,1,1,2,3,2,3,1,1,2,3,37
6752,3,1,0,0,2,0,1,0,0,2,1,2,0,2,1,2,0,0,3,3,0,23
6753,3,1,0,2,1,0,1,0,2,1,0,0,1,0,2,0,1,2,1,2,3,23
6754,0,3,2,1,1,3,0,2,1,2,2,1,1,1,0,1,2,3,2,2,3,33
6755,3,0,3,0,1,0,2,3,2,3,2,2,0,2,1,0,1,1,3,0,1,30
6756,2,1,3,3,1,2,1,1,2,0,3,3,0,0,3,0,0,3,1,2,3,34
6757,3,3,1,0,1,2,1,3,2,2,1,1,2,1,3,3,0,1,3,2,3,38
6758,2,2,2,1,1,1,2,0,1,3,1,3,3,2,1,3,1,2,3,2,3,39
6759,1,2,0,3,2,3,1,3,0,1,3,0,2,0,3,2,0,0,2,0,3,31
6760,1,0,2,1,3,0,2,2,1,1,3,3,3,0,2,1,0,2,1,1,0,29
6761,3,3,3,0,2,0,0,2,2,0,3,2,3,1,3,3,0,1,0,3,2,36
6762,1,1,3,2,0,3,1,0,2,0,2,3,0,1,3,0,0,3,3,2,3,33
6763,0,2,0,1,2,3,1,1,3,0,0,3,1,2,0,1,0,2,1,2,0,25
6764,3,1,3,2,2,3,0,0,2,3,1,3,1,1,1,2,0,0,3,1,0,32
6765,2,2,3,2,1,1,2,1,2,3,3,0,1,2,1,3,3,3,0,1,2,38
6766,3,1,0,0,3,2,3,0,2,2,1,0,0,0,3,0,0,3,2,3,0,28
6767,3,1,3,2,3,0,3,2,1,2,0,2,1,3,3,1,2,3,1,0,3,39
6768,2,2,2,3,3,0,1,2,1,0,2,3,3,3,2,3,2,1,1,1,2,39
6769,3,3,1,2,0,2,2,3,0,1,0,1,0,2,0,0,1,3,2,1,2,29
6770,1,1,0,0,2,2,3,1,1,2,2,1,1,1,0,0,2,2,0,2,1,25
6771,0,0,0,3,0,2,1,3,2,1,2,3,0,1,2,0,3,0,3,1,3,30
6772,1,1,0,1,0,0,1,3,1,2,1,1,1,1,3,2,0,0,2,1,1,23
6773,1,1,3,2,0,3,1,2,2,1,1,0,1,1,0,1,1,3,2,3,0,29
6774,1,3,2,3,1,1,3,1,0,0,3,1,0,0,2,0,2,1,0,1,2,27
6775,3,3,1,2,3,2,3,1,2,3,0,1,2,2,1,0,2,1,2,2,0,36
6776,0,3,2,3,1,1,0,0,0,3,3,1,1,3,3,0,2,1,1,3,3,34
6777,1,2,3,1,2,1,1,0,1,0,0,3,1,2,2,1,1,1,3,2,0,28
6778,1,1,1,2,1,2,0,2,3,0,0,1,2,0,1,1,0,3,3,2,3,29
6779,3,2,3,0,1,1,1,2,2,0,0,3,0,2,1,3,2,2,2,3,0,33
6780,3,2,1,2,1,2,0,3,3,1,0,2,2,1,1,3,2,0,1,1,2,33
6781,2,0,0,0,0,1,0,0,1,2,0,1,1,1,2,0,0,2,2,1,0,16
6782,2,3,2,1,3,0,0,0,2,0,2,0,0,0,3,3,2,3,3,0,3,32
6783,0,0,0,2,1,1,3,1,2,2,3,3,2,3,2,1,3,2,0,3,0,34
6784,1,0,1,1,1,3,2,1,1,0,1,0,1,1,0,2,1,0,3,0,3,23
6785,1,0,2,1,3,3,2,1,1,3,0,0,1,2,3,2,0,2,3,3,2,35
6786,2,0,1,3,3,3,1,0,0,1,0,1,0,2,2,3,1,0,2,3,1,29
6787,0,1,1,1,0,1,0,2,1,1,2,0,3,1,2,3,1,3,3,1,0,27
6788,2,2,3,0,2,0,0,2,1,2,1,1,1,1,2,2,3,0,0,1,0,26
6789,2,0,1,3,0,1,2,1,0,3,3,1,3,1,2,0,3,0,3,1,0,30
6790,3,2,0,0,2,2,3,0,3,2,3,0,0,1,1,0,3,1,0,1,2,29
6791,2,0,2,1,1,0,1,3,0,2,1,3,1,2,3,1,1,0,2,0,3,29
6792,2,2,1,1,3,3,0,3,0,2,0,0,0,0,2,3,0,1,0,1,3,27
6793,3,3,0,2,0,0,0,1,1,3,2,0,0,0,2,3,3,0,0,0,3,26
6794,2,1,0,2,1,0,0,3,0,1,3,2,3,2,3,1,0,1,2,0,3,30
6795,0,0,3,2,3,0,2,0,2,1,0,2,3,3,3,0,0,0,2,2,3,31
6796,2,1,1,0,1,0,1,2,1,0,0,0,3,1,2,3,2,0,0,3,0,23
6797,1,0,1,3,3,3,2,3,3,3,2,3,1,2,0,2,3,0,2,3,1,41
6798,1,3,3,1,2,1,0,2,3,3,1,1,3,2,2,0,0,3,0,0,1,32
6799,1,1,0,3,0,3,0,0,1,3,0,2,2,2,1,3,3,0,1,2,0,28
6800,2,2,2,3,2,0,2,2,0,3,2,2,1,2,2,3,0,0,1,0,1,32
6801,2,3,2,2,3,0,3,3,2,2,0,2,3,3,1,2,3,3,2,3,2,46
6802,1,2,2,0,0,2,0,3,2,3,3,0,1,1,1,0,2,1,1,1,2,28
6803,3,2,2,2,2,1,2,1,1,3,0,3,3,1,0,2,1,3,3,1,1,37
6804,3,1,2,3,0,2,0,1,1,1,0,1,0,1,3,0,3,0,1,1,1,25
6805,2,2,2,1,1,3,3,0,3,2,2,1,2,2,3,2,2,0,2,1,2,38
6806,2,3,3,3,2,3,2,1,0,3,2,0,3,3,0,2,3,2,2,3,2,44
6807,2,3,2,0,3,2,0,1,3,1,2,1,0,0,2,1,3,2,3,0,3,34
6808,3,2,0,1,3,3,3,3,3,0,3,3,1,0,3,3,1,2,3,2,0,42
6809,1,1,0,2,0,0,2,0,2,0,2,3,2,3,1,1,0,3,3,0,2,28
6810,0,1,2,1,3,1,3,2,2,0,3,0,0,0,3,0,1,3,1,2,0,28
6811,0,2,3,2,0,0,1,3,3,3,0,0,2,2,1,0,1,3,2,3,0,31
6812,2,2,1,1,2,0,2,1,1,2,2,0,1,2,0,2,0,2,1,1,2,27
6813,2,1,0,2,3,1,3,1,3,2,0,2,0,2,3,3,2,0,0,2,1,33
6814,1,3,0,2,0,3,0,1,2,3,3,3,3,0,0,1,3,2,0,0,2,32
6815,3,1,3,2,1,1,0,1,0,3,3,2,3,1,1,2,1,3,1,3,0,35
6816,3,1,1,1,2,1,3,1,1,2,2,0,0,3,0,3,2,0,3,3,3,35
6817,1,1,3,3,1,1,0,1,1,0,2,2,2,1,2,2,0,2,1,0,2,28
6818,3,2,2,1,3,3,2,2,2,1,1,0,3,2,3,1,2,1,0,1,1,36
6819,0,1,1,1,3,2,1,0,1,1,0,1,3,1,0,0,1,3,2,2,0,24
6820,0,2,3,2,1,0,0,2,2,3,0,0,2,2,3,2,3,0,2,0,1,30
6821,1,1,0,1,0,0,1,0,2,0,3,1,0,1,1,0,1,2,1,2,2,20
6822,3,1,3,1,1,2,0,3,1,1,1,3,3,0,1,0,2,1,2,1,1,31
6823,3,0,2,1,2,2,0,3,3,1,0,3,3,1,3,3,0,0,2,0,0,32
6824,0,1,0,0,1,2,1,2,3,1,3,0,3,0,0,3,0,1,2,1,2,26
6825,0,2,2,2,0,0,1,1,2,2,1,1,2,1,3,0,3,2,1,1,1,28
6826,3,3,1,3,2,0,3,2,2,3,2,0,2,3,2,1,2,2,2,3,3,44
6827,1,1,2,2,2,2,0,1,3,2,1,1,2,2,3,1,0,2,1,1,0,30
6828,2,2,2,3,3,1,2,1,2,3,1,0,2,2,2,3,0,1,2,3,3,40
6829,0,0,2,0,1,3,0,1,2,2,0,1,0,3,2,3,0,1,0,3,0,24
6830,0,2,3,1,3,3,3,2,0,2,0,1,2,1,3,2,3,1,0,0,3,35
6831,0,3,2,3,1,2,2,0,2,3,3,2,2,2,1,3,3,3,2,2,2,43
6832,3,3,3,3,0,0,2,3,0,0,0,0,3,1,1,2,0,3,3,1,1,32
6833,2,3,2,3,3,0,2,2,2,3,1,2,1,2,3,2,3,1,2,2,2,43
6834,2,3,1,0,3,1,1,3,0,2,0,3,3,0,2,1,2,0,0,0,3,30
6835,0,2,0,0,2,0,0,0,3,0,0,0,1,2,0,2,2,1,2,3,2,22
6836,0,1,0,2,2,3,0,2,0,0,1,1,0,2,1,3,1,0,0,3,2,24
6837,1,1,1,0,0,1,0,0,3,2,3,2,1,1,2,2,3,0,2,2,1,28
6838,0,3,3,2,2,2,1,3,1,1,0,1,0,2,0,2,3,2,0,0,0,28
6839,2,1,3,0,2,2,3,1,2,2,3,1,3,0,3,1,3,0,3,1,2,38
6840,2,3,2,2,1,3,0,2,0,2,3,3,3,1,1,2,2,3,0,2,3,40
6841,0,0,2,2,1,3,2,1,2,2,0,1,0,0,1,0,3,3,1,2,0,26
6842,2,0,1,0,3,0,2,2,1,1,0,1,2,2,1,0,3,3,1,0,1,26
6843,3,1,3,1,1,2,0,0,2,2,3,3,1,1,2,3,3,0,2,3,1,37
6844,2,0,1,2,3,3,2,1,1,2,0,2,1,1,1,3,1,1,2,2,3,34
6845,3,2,1,0,0,3,0,2,3,0,3,0,3,1,2,3,1,0,0,0,3,30
6846,1,0,2,2,1,0,1,0,2,1,0,1,2,0,0,0,3,0,1,0,2,19
6847,0,0,0,3,0,3,1,0,1,0,0,3,2,1,2,0,3,2,2,2,2,27
6848,3,3,0,0,3,3,3,1,1,0,1,2,0,1,2,2,2,1,1,2,1,32
6849,3,1,2,1,3,1,1,1,0,3,2,1,1,0,2,1,2,0,0,0,0,25
6850,2,2,0,2,1,3,3,1,1,3,0,2,1,0,2,0,0,2,0,2,1,28
6851,2,3,0,0,2,2,1,0,0,1,0,0,1,1,3,3,0,3,0,0,2,24
6852,0,2,1,0,3,0,1,0,1,1,3,3,2,3,2,1,0,1,0,1,1,26
6853,1,2,2,2,1,3,0,3,2,1,0,0,3,0,0,0,3,1,2,2,0,28
6854,2,2,0,2,1,2,3,1,3,0,1,1,2,3,3,1,2,0,1,3,3,36
6855,3,1,1,3,0,1,3,2,1,1,2,0,2,2,0,0,2,2,0,0,1,27
6856,2,1,3,3,2,0,0,2,3,3,1,0,1,2,0,2,3,2,2,1,3,36
6857,0,1,3,0,2,3,2,0,2,2,1,1,0,0,3,2,3,3,1,2,0,31
6858,1,2,2,0,0,2,0,1,0,3,1,3,0,1,0,2,3,3,3,1,0,28
6859,2,3,2,2,3,3,2,1,2,2,2,1,1,0,0,2,1,3,1,3,0,36
6860,3,2,2,1,1,3,1,0,1,0,2,0,1,2,2,3,1,3,2,0,1,31
6861,3,1,3,2,1,2,1,1,0,2,3,1,2,1,2,3,2,2,0,3,3,38
6862,0,1,3,2,0,0,2,3,0,0,2,1,2,2,3,3,3,1,2,0,0,30
6863,2,3,3,3,0,2,2,2,0,2,2,3,1,2,0,1,3,2,0,1,0,34
6864,3,0,1,2,1,3,3,2,1,2,2,2,3,1,3,2,2,3,0,0,0,36
6865,3,3,2,2,1,1,3,1,1,1,2,1,3,0,3,2,2,3,1,3,0,38
6866,3,2,3,3,2,3,3,2,2,0,0,0,1,0,3,0,3,0,2,0,0,32
6867,0,2,0,2,1,3,3,0,1,3,3,2,2,3,3,1,1,1,1,0,2,34
6868,3,0,1,2,1,0,3,2,1,2,0,0,1,1,1,0,0,0,3,1,1,23
6869,0,2,1,3,1,3,0,2,1,1,3,2,0,3,0,1,0,1,2,0,3,29
6870,0,1,0,0,2,3,1,0,0,0,1,0,0,0,1,0,2,0,3,2,3,19
6871,3,2,3,3,2,2,0,0,0,0,3,2,0,2,3,2,2,1,3,2,0,35
6872,0,3,3,3,1,0,2,2,0,0,3,0,3,1,3,0,2,0,3,0,0,29
6873,0,3,2,0,3,2,1,3,1,0,3,2,2,0,3,2,3,2,0,1,2,35
6874,2,2,1,2,1,2,2,0,2,3,1,0,3,0,2,0,1,3,2,0,1,30
6875,1,0,1,1,2,2,1,1,3,0,0,0,3,0,1,1,2,1,2,1,2,25
6876,1,1,3,1,2,0,1,3,3,3,2,0,3,2,1,3,2,1,1,2,1,36
6877,0,2,0,1,1,1,0,0,1,0,2,1,1,3,2,0,2,1,2,0,2,22
6878,2,2,1,1,3,2,0,1,2,0,3,2,1,2,2,3,0,0,1,2,2,32
6879,0,1,0,3,0,3,2,0,1,3,0,0,3,1,3,2,2,1,0,3,2,30
6880,0,1,1,0,3,3,0,3,0,3,2,3,1,2,0,1,1,2,1,1,1,29
6881,0,0,3,1,0,1,3,1,0,3,1,3,1,0,2,1,0,0,2,1,2,25
6882,2,2,0,2,1,0,0,1,2,0,0,0,1,0,2,3,1,3,3,0,0,23
6883,3,0,3,3,1,2,3,0,1,1,2,2,2,2,1,1,0,2,0,2,1,32
6884,1,0,0,0,0,1,0,3,0,0,1,0,0,1,2,3,1,2,2,0,0,17
6885,2,2,3,3,2,2,0,3,0,2,1,1,3,1,2,3,2,3,2,0,1,38
6886,3,0,1,3,0,1,0,1,3,1,0,1,2,0,0,2,3,0,2,3,3,29
6887,0,0,1,2,2,1,2,2,3,1,0,2,3,3,3,0,0,1,2,3,1,32
6888,0,3,0,3,1,2,2,2,1,1,0,1,0,0,2,1,2,1,3,3,1,29
6889,0,0,3,3,2,3,1,2,0,0,0,1,0,0,0,3,3,1,1,1,2,26
6890,3,2,2,2,3,0,3,0,1,0,2,1,3,0,3,0,1,1,1,2,3,33
6891,2,0,1,2,3,2,0,2,0,1,2,1,1,3,0,2,1,3,2,3,3,34
6892,1,3,0,1,3,3,0,1,0,3,0,3,1,1,0,2,0,2,3,1,2,30
6893,3,3,0,1,0,1,3,2,0,2,3,0,0,0,1,0,2,0,3,0,0,24
6894,0,2,1,0,2,2,2,2,1,1,0,2,3,2,1,3,2,2,2,1,2,33
6895,3,3,0,0,2,0,2,3,1,1,3,0,1,2,3,2,2,1,0,1,1,31
6896,3,1,3,3,3,0,0,0,3,1,3,0,3,2,0,0,3,0,2,0,0,30
6897,2,1,0,1,0,0,1,0,0,1,0,0,3,3,0,2,1,1,2,3,0,21
6898,1,2,1,3,2,3,1,3,3,2,3,2,0,1,3,3,1,1,0,3,3,41
6899,1,3,3,3,0,2,1,0,2,0,3,3,2,3,1,3,2,1,2,1,0,36
6900,0,0,0,1,2,0,0,0,0,3,2,1,0,1,0,1,0,1,2,1,1,16
6901,0,2,2,1,0,2,1,1,3,3,3,0,1,0,3,2,3,1,2,1,3,34
6902,2,2,1,2,1,2,0,2,3,3,0,1,3,0,2,3,3,3,0,3,0,36
6903,2,1,2,1,3,3,1,2,1,3,2,1,3,2,3,3,2,2,1,3,0,41
6904,2,2,0,3,1,3,1,1,0,0,1,1,3,1,3,0,3,0,2,0,3,30
6905,3,2,1,1,3,0,2,0,3,0,3,0,3,3,3,1,1,0,2,1,1,33
6906,3,0,2,2,3,0,2,3,1,2,1,0,1,3,2,1,1,0,1,0,1,29
6907,0,1,0,1,3,0,3,0,3,1,1,3,0,2,1,1,1,2,0,1,0,24
6908,3,0,3,2,0,1,2,2,2,3,1,3,1,0,1,2,1,1,1,0,0,29
6909,1,1,2,3,3,2,1,0,2,0,3,2,3,1,0,2,2,3,1,0,1,33
6910,0,2,0,3,1,0,3,0,3,1,3,3,2,3,1,2,3,1,2,2,2,37
6911,0,0,1,2,3,1,3,2,0,0,1,2,1,2,0,0,3,2,2,1,0,26
6912,3,3,3,1,2,2,3,3,0,0,3,2,2,2,2,0,3,0,1,3,1,39
6913,3,2,1,0,3,1,1,2,2,0,2,3,3,3,2,3,0,1,2,1,3,38
6914,0,1,3,3,3,2,3,2,1,0,1,0,1,0,1,2,1,0,0,2,1,27
6915,3,0,0,2,0,0,0,3,2,3,0,1,0,1,3,1,3,0,1,3,2,28
6916,1,3,0,2,3,3,1,1,0,2,3,1,2,2,0,1,2,3,3,0,1,34
6917,1,3,0,1,2,0,1,0,3,3,0,2,0,1,2,0,2,1,3,2,0,27
6918,3,0,1,0,2,1,1,2,1,2,1,1,0,0,1,1,1,0,2,1,0,21
6919,2,0,3,2,3,3,0,3,1,3,3,1,0,2,3,1,1,3,1,0,2,37
6920,3,2,3,1,1,0,2,0,0,0,3,0,1,0,1,0,2,0,2,0,3,24
6921,3,3,2,3,3,3,2,2,2,0,2,0,3,2,3,3,1,3,3,0,2,45
6922,3,0,3,1,2,3,3,1,3,3,0,0,2,3,0,0,0,2,1,1,2,33
6923,2,1,3,0,0,0,3,1,2,2,1,0,2,3,3,0,1,2,0,1,0,27
6924,0,0,0,1,3,3,0,1,3,3,2,3,3,2,0,1,0,3,2,0,3,33
6925,2,1,1,0,0,0,2,1,3,3,2,3,0,0,2,3,1,1,1,1,0,27
6926,3,0,1,3,3,3,1,0,3,2,1,1,2,0,2,1,1,1,1,2,0,31
6927,3,2,1,2,1,1,3,1,0,2,2,0,3,1,0,0,1,0,2,3,0,28
6928,1,0,2,1,1,1,0,0,2,0,2,2,3,1,3,2,2,1,1,0,0,25
6929,0,3,3,1,2,1,1,2,2,1,0,2,3,3,1,1,0,3,0,0,1,30
6930,3,0,3,0,0,3,0,0,2,2,2,2,3,3,1,1,2,3,3,2,0,35
6931,1,2,3,3,3,3,1,0,1,0,3,2,2,0,1,0,0,3,2,0,0,30
6932,1,3,0,3,1,1,2,2,2,1,0,1,2,3,3,0,2,3,3,1,0,34
6933,3,1,3,0,2,0,3,3,0,2,3,2,0,1,2,2,2,0,1,1,0,31
6934,0,0,1,1,3,3,2,1,1,2,3,3,0,2,1,3,1,3,2,2,1,35
6935,1,0,3,2,1,1,3,0,2,3,1,0,3,0,1,2,2,1,2,0,1,29
6936,3,1,0,0,3,0,3,1,0,3,2,0,3,0,3,1,3,2,0,3,0,31
6937,2,2,1,1,1,3,1,2,1,1,3,2,2,3,3,2,3,0,1,0,3,37
6938,1,3,2,0,1,1,1,0,1,0,3,2,3,1,2,1,2,1,2,1,2,30
6939,1,1,2,2,2,0,0,0,2,3,2,1,0,2,0,0,3,2,0,2,3,28
6940,0,0,3,3,3,2,3,1,1,1,1,1,1,3,0,3,0,2,1,0,3,32
6941,1,1,1,1,1,2,1,0,0,0,0,3,1,1,3,3,1,2,2,0,2,26
6942,1,0,2,2,1,1,0,2,0,2,0,2,3,3,3,0,3,1,3,1,2,32
6943,2,2,1,0,1,2,2,1,3,3,2,2,0,1,2,0,1,2,3,0,0,30
6944,0,0,1,1,3,3,2,3,3,1,3,2,0,2,0,3,1,2,2,1,1,34
6945,2,1,0,2,0,2,0,3,3,0,0,0,0,3,3,3,2,1,3,3,0,31
6946,1,2,1,1,3,2,0,2,0,2,0,2,1,3,1,3,1,2,1,0,1,29
6947,1,2,3,3,0,1,2,0,3,1,1,2,0,1,0,1,1,3,3,1,1,30
6948,1,0,3,3,0,0,1,0,0,0,1,1,2,3,2,2,3,0,3,3,2,30
6949,3,1,2,0,2,0,1,3,2,1,3,3,1,2,3,2,1,2,3,2,1,38
6950,1,2,1,1,1,1,2,3,1,1,2,0,1,3,2,0,0,2,2,2,1,29
6951,1,0,3,3,3,1,2,1,2,2,2,3,2,2,3,3,2,3,3,0,1,42
6952,3,1,0,2,2,1,1,3,0,0,3,1,0,3,0,0,3,2,3,0,3,31
6953,1,2,1,0,0,1,2,2,3,0,0,2,2,3,2,0,0,3,2,0,0,26
6954,1,2,0,1,2,3,2,0,2,3,0,2,1,3,0,2,1,1,3,2,3,34
6955,1,3,3,0,3,1,0,2,2,1,2,0,1,1,3,3,2,3,3,0,1,35
6956,0,1,0,3,2,2,3,1,3,2,3,1,1,1,2,0,1,0,1,1,0,28
6957,0,0,1,0,1,0,3,3,0,3,1,2,0,3,3,1,2,1,1,0,0,25
6958,0,1,2,2,0,0,1,3,2,1,3,2,0,3,2,0,1,1,1,3,2,30
6959,0,1,3,3,1,1,1,3,2,2,2,1,1,1,1,0,2,3,0,3,3,34
6960,2,0,3,2,0,0,0,0,1,2,1,0,2,3,3,1,0,1,0,3,1,25
6961,3,3,0,3,2,0,0,2,3,2,2,1,2,0,3,2,2,2,3,1,1,37
6962,3,2,3,3,0,2,3,0,1,0,1,2,2,1,3,3,2,1,1,0,0,33
6963,3,1,2,2,0,0,1,2,2,2,3,2,2,2,2,0,1,0,3,3,1,34
6964,0,3,2,2,0,3,2,0,1,3,2,3,0,2,1,3,3,2,1,3,1,37
6965,1,0,3,2,0,1,1,1,1,1,2,1,2,3,0,1,3,1,1,1,2,28
6966,0,3,0,3,1,1,2,2,2,0,3,3,0,1,2,3,2,2,1,1,0,32
6967,1,0,2,0,0,1,3,1,0,1,2,1,3,2,0,3,2,2,2,3,2,31
6968,1,2,0,0,3,0,1,2,0,2,3,3,1,0,2,3,2,1,0,1,3,30
6969,2,3,3,0,3,0,0,3,1,2,0,1,1,1,3,0,2,0,2,3,3,33
6970,0,0,0,3,2,1,1,1,2,0,1,1,2,2,0,0,1,0,0,3,0,20
6971,1,0,1,3,2,0,3,0,0,0,0,3,0,3,1,0,3,3,1,1,0,25
6972,0,2,3,0,2,3,3,3,0,1,1,3,2,1,2,0,3,3,2,0,3,37
6973,3,1,2,3,0,1,0,3,3,3,2,3,1,1,3,1,1,3,0,0,2,36
6974,1,0,2,3,0,1,3,2,0,0,1,1,0,3,0,0,2,3,3,3,2,30
6975,3,1,2,0,2,2,2,2,0,1,2,0,2,2,3,1,0,3,0,1,1,30
6976,1,2,3,0,2,2,1,0,3,3,0,2,0,2,2,3,3,3,3,2,1,38
6977,3,1,2,2,2,1,2,2,0,2,0,3,1,1,2,2,3,1,0,3,1,34
6978,1,2,3,2,3,2,3,1,2,1,2,0,0,2,1,0,0,0,1,2,1,29
6979,2,3,2,2,1,1,1,2,0,3,0,2,3,1,0,1,2,1,2,2,2,33
6980,2,0,3,1,0,0,0,0,0,3,3,2,0,3,2,3,2,3,3,0,0,30
6981,3,2,2,2,3,3,1,1,1,1,3,3,3,0,1,0,0,1,3,3,1,37
6982,2,2,2,0,0,2,1,1,0,1,3,0,1,3,2,0,0,2,3,1,3,29
6983,0,3,3,0,2,2,3,3,3,2,1,2,3,1,0,3,0,0,1,0,2,34
6984,3,3,0,1,0,1,0,3,1,3,1,1,3,0,0,2,0,3,3,0,3,31
6985,0,3,0,2,0,1,1,2,0,3,3,3,0,0,0,2,2,3,3,0,2,30
6986,2,0,2,3,0,3,3,0,2,0,3,3,3,0,3,2,3,1,3,0,1,37
6987,0,3,3,2,2,2,2,0,3,2,0,1,3,2,2,0,3,3,0,1,0,34
6988,0,0,1,2,2,3,0,2,1,2,2,1,3,0,2,3,2,3,3,0,0,32
6989,3,0,3,2,0,1,1,0,0,0,1,1,2,2,2,2,1,2,0,2,1,26
6990,1,3,1,1,3,2,2,3,3,3,2,2,2,0,0,1,3,1,1,3,2,39
6991,3,1,3,2,3,1,2,3,3,0,0,2,0,1,3,3,2,1,3,0,3,39
6992,0,3,0,1,3,1,1,1,0,1,3,2,0,3,1,0,1,2,0,3,2,28
6993,2,3,3,2,0,1,0,1,3,0,0,2,2,0,2,0,1,1,1,2,3,29
6994,2,2,3,1,1,0,1,3,0,2,0,3,2,2,0,0,0,3,2,2,2,31
6995,2,1,2,3,2,2,2,2,2,2,0,3,1,3,0,2,0,1,2,2,1,35
6996,3,1,2,3,3,3,2,0,1,2,2,1,2,1,3,1,3,1,3,3,2,42
6997,0,1,0,2,3,1,2,2,1,2,0,2,2,1,1,1,0,0,0,2,2,25
6998,0,0,2,1,0,3,0,0,2,0,0,1,1,3,1,3,2,3,2,0,2,26
6999,1,0,2,1,1,1,0,3,0,0,3,2,1,2,0,0,1,3,3,2,1,27
7000,2,1,3,0,3,1,0,3,3,3,1,2,3,3,3,1,1,3,3,0,2,41
7001,3,2,3,0,2,0,0,3,2,3,2,0,3,1,1,1,2,2,3,1,3,37
7002,1,3,3,0,2,3,3,2,0,2,3,0,1,0,0,1,0,2,2,1,1,30
7003,3,0,2,0,2,3,1,0,1,0,2,1,3,1,0,2,1,1,3,1,3,30
7004,1,2,0,2,3,0,3,1,2,3,2,0,2,0,1,3,1,0,3,3,1,33
7005,2,2,2,2,0,1,1,2,0,0,2,2,2,1,3,1,1,1,1,1,3,30
7006,2,2,0,0,0,0,3,3,3,0,2,3,3,3,1,0,1,0,2,1,1,30
7007,1,2,0,3,2,0,3,1,2,2,3,3,0,3,1,1,1,0,2,2,3,35
7008,2,0,1,1,3,0,0,2,2,2,1,0,1,0,0,1,0,3,1,0,1,21
7009,1,0,0,1,2,1,0,2,0,3,3,2,3,2,2,3,0,1,1,1,3,31
7010,1,2,1,1,2,0,2,2,0,0,1,2,0,0,0,1,2,2,1,0,2,22
7011,3,1,3,1,1,3,1,3,0,0,3,2,0,3,2,3,0,2,3,1,3,38
7012,1,3,2,0,3,1,1,1,3,3,0,1,2,2,0,1,0,3,2,2,0,31
7013,3,1,0,1,3,2,1,3,2,2,0,2,2,0,0,0,3,2,3,3,2,35
7014,0,2,1,0,1,0,2,1,2,3,0,2,1,0,0,1,2,0,3,2,2,25
7015,2,0,2,0,1,2,0,2,0,1,3,3,0,2,0,1,0,0,2,2,2,25
7016,1,0,0,2,0,0,3,2,1,3,1,1,2,1,1,2,0,1,3,0,3,27
7017,3,1,2,3,1,0,3,0,1,3,0,1,0,2,2,0,1,2,2,1,2,30
7018,1,0,0,3,0,0,1,1,0,2,2,1,3,0,0,3,0,3,2,0,2,24
7019,3,3,2,0,2,0,1,3,1,1,3,3,3,1,0,2,0,0,3,3,0,34
7020,2,3,2,3,1,1,0,0,1,1,3,0,0,2,1,2,1,3,2,2,2,32
7021,3,1,2,3,0,1,1,3,1,3,2,1,1,3,1,1,3,3,0,2,2,37
7022,0,3,1,2,0,0,0,3,3,0,0,0,0,2,2,2,1,3,3,3,2,30
7023,2,3,3,3,2,2,2,2,3,0,1,3,0,0,0,3,0,0,0,3,0,32
7024,1,2,2,1,3,2,0,1,2,3,3,1,3,1,1,1,1,3,0,3,3,37
7025,0,2,2,2,0,0,2,3,3,1,1,0,0,1,0,3,2,1,1,3,0,27
7026,0,2,0,1,2,0,2,0,1,0,1,3,0,3,0,2,2,0,1,0,3,23
7027,2,1,0,2,3,2,2,1,2,1,2,2,0,3,0,1,3,0,0,2,2,31
7028,1,1,2,3,2,3,3,3,3,1,1,0,0,0,1,1,1,2,1,3,2,34
7029,3,0,3,3,3,3,3,0,0,1,0,3,3,3,0,2,1,0,2,2,0,35
7030,0,1,1,1,2,2,1,3,0,0,0,3,2,0,3,1,3,0,1,1,2,27
7031,2,0,0,2,2,0,0,2,0,2,2,1,1,0,0,1,2,0,3,1,0,21
7032,3,1,0,3,1,2,2,1,2,0,3,2,2,1,2,1,0,1,1,3,2,33
7033,0,3,1,0,2,3,1,3,3,0,2,2,1,3,1,0,3,2,1,2,2,35
7034,2,3,2,0,1,2,1,3,3,2,2,3,1,1,0,2,3,0,3,2,3,39
7035,0,1,1,3,3,2,3,3,2,2,3,3,1,2,2,1,1,0,2,0,2,37
7036,2,0,0,3,3,1,3,1,0,2,3,2,1,0,0,0,1,1,0,3,1,27
7037,2,1,1,0,2,1,3,3,1,2,1,3,2,2,3,1,1,3,2,2,0,36
7038,2,3,1,0,2,2,0,2,2,3,3,2,3,2,1,2,0,2,0,1,3,36
7039,3,1,1,0,3,1,3,2,0,2,1,2,3,1,2,2,1,3,1,0,0,32
7040,3,0,3,2,3,0,0,2,0,0,1,1,1,0,2,1,1,0,3,2,0,25
7041,3,0,1,2,2,2,3,1,2,1,3,1,2,3,2,1,2,0,3,3,2,39
7042,0,3,3,3,3,3,3,0,0,0,3,3,1,1,1,1,1,1,1,0,2,33
7043,3,1,3,2,1,3,1,3,0,1,2,0,2,0,3,0,0,1,1,1,3,31
7044,2,3,2,2,3,0,3,0,3,2,1,3,1,1,2,3,1,2,0,3,1,38
7045,0,3,2,0,1,3,2,0,2,1,2,3,1,0,3,3,2,2,2,1,2,35
7046,1,2,2,0,0,1,3,3,3,2,0,2,0,2,1,3,2,1,0,1,1,30
7047,2,0,0,1,2,2,1,0,1,1,2,1,2,2,3,3,3,1,2,1,1,31
7048,0,0,0,0,3,1,1,2,0,0,0,1,0,0,2,1,2,1,2,0,1,17
7049,0,3,1,0,2,3,3,3,3,3,2,1,2,3,1,1,1,1,3,1,3,40
7050,0,0,3,2,3,2,0,1,2,0,3,3,1,2,0,0,2,1,2,3,2,32
7051,2,0,2,1,3,3,2,2,1,1,2,2,1,1,1,2,2,0,3,2,2,35
7052,1,0,2,1,0,3,2,2,2,2,2,0,2,0,0,0,2,1,3,2,3,30
7053,1,2,3,2,0,0,0,0,1,1,0,1,1,2,0,2,0,2,2,2,0,22
7054,0,1,1,2,2,3,1,0,2,3,1,1,1,2,2,2,1,2,2,2,1,32
7055,2,3,2,1,0,2,1,1,3,0,2,0,0,1,2,2,2,3,1,0,1,29
7056,0,0,0,3,1,2,2,0,0,0,0,2,2,0,3,2,3,2,2,1,2,27
7057,0,3,3,3,2,1,0,2,0,0,0,0,3,1,0,3,3,3,1,3,3,34
7058,2,1,1,3,1,1,3,2,0,3,0,3,2,1,1,2,0,2,2,3,1,34
7059,0,2,0,3,0,1,1,3,1,3,1,3,3,1,2,3,1,3,3,3,2,39
7060,3,0,3,3,3,1,0,2,1,2,0,0,3,1,3,2,3,3,2,2,3,40
7061,1,1,0,1,3,2,0,1,2,2,2,2,2,0,0,2,3,2,2,2,1,31
7062,1,3,3,0,3,2,1,3,2,2,2,3,3,2,2,2,0,1,1,2,0,38
7063,3,2,2,0,0,1,2,1,3,0,2,3,1,3,1,0,3,2,2,1,2,34
7064,3,1,2,1,2,1,1,2,3,0,2,1,3,0,1,3,0,2,0,1,1,30
7065,3,2,1,1,3,0,3,1,2,2,1,1,3,3,1,0,1,3,1,3,1,36
7066,2,2,2,1,3,1,0,2,3,2,1,0,0,0,0,1,2,0,2,3,3,30
7067,2,1,3,1,0,2,3,1,0,1,3,0,0,1,1,3,2,1,0,3,3,31
7068,1,1,0,2,0,1,0,3,3,1,0,3,3,1,3,0,0,2,3,1,0,28
7069,3,2,1,3,2,3,1,1,0,0,1,2,0,3,2,2,3,3,3,0,3,38
7070,0,1,3,3,2,1,1,1,1,2,2,2,1,0,0,0,3,3,1,1,0,28
7071,2,2,0,3,2,2,1,0,2,3,2,0,2,2,3,1,0,2,0,1,3,33
7072,0,1,3,0,0,2,1,1,3,1,3,1,1,0,2,1,2,3,1,1,0,27
7073,1,1,2,0,1,0,0,3,3,1,0,1,3,3,0,0,2,1,2,1,3,28
7074,0,2,3,2,2,0,2,0,0,0,2,1,3,1,3,0,3,0,3,2,0,29
7075,1,1,2,2,3,0,3,0,0,1,1,3,2,3,2,0,0,0,3,3,3,33
7076,1,0,0,0,0,0,0,1,1,1,0,0,1,2,0,3,2,3,1,2,1,19
7077,1,0,0,3,1,1,2,3,1,0,3,0,1,2,1,3,2,1,0,2,0,27
7078,2,0,0,0,3,2,1,1,1,3,1,1,3,0,2,0,1,2,1,1,0,25
7079,3,3,0,1,1,1,1,1,0,2,0,0,0,1,2,0,0,1,3,1,2,23
7080,0,1,3,1,2,2,1,1,3,1,2,0,0,2,3,3,2,3,0,0,2,32
7081,3,3,0,0,1,1,1,2,2,1,3,3,3,0,0,0,0,1,0,3,2,29
7082,1,1,2,0,3,0,1,0,1,3,0,1,3,3,1,2,0,2,3,0,0,27
7083,0,0,1,1,2,3,0,1,3,0,3,1,0,0,3,0,2,2,1,1,1,25
7084,0,0,0,1,0,1,2,2,0,0,3,2,1,2,1,2,3,2,2,2,3,29
7085,1,2,0,2,1,2,3,3,3,0,2,0,3,3,3,1,1,1,2,0,1,34
7086,3,2,2,2,0,2,3,0,0,0,3,0,1,1,3,1,3,0,2,0,1,29
7087,0,1,2,1,1,1,0,1,3,3,0,0,1,1,3,1,2,3,0,3,3,30
7088,0,3,1,3,0,3,3,2,3,3,1,3,1,1,2,2,3,3,3,1,2,43
7089,1,3,3,0,3,3,1,0,1,3,2,0,1,0,0,2,0,2,3,1,2,31
7090,2,1,0,3,1,1,3,0,3,1,2,2,1,0,0,2,1,1,0,1,2,27
7091,3,0,3,3,3,1,1,1,2,3,3,1,2,3,3,2,3,2,0,2,2,43
7092,2,2,0,0,1,2,1,3,1,3,3,1,2,3,3,3,3,2,3,1,3,42
7093,0,1,0,1,0,2,2,0,0,1,0,2,3,1,0,2,3,3,3,0,1,25
7094,1,0,3,2,3,0,3,2,0,3,3,3,1,2,1,1,1,1,1,3,2,36
7095,2,0,1,1,0,3,0,0,0,1,0,0,0,0,3,1,3,3,1,2,3,24
7096,3,1,0,0,0,0,1,2,2,1,0,2,0,0,0,2,1,0,0,1,0,16
7097,1,1,2,0,3,3,0,3,0,0,0,3,2,2,0,2,3,1,0,2,3,31
7098,0,1,1,0,3,2,0,2,2,0,0,2,1,2,1,0,3,1,3,0,3,27
7099,0,0,2,1,0,2,1,1,1,1,2,3,0,2,3,3,1,1,3,2,1,30
7100,2,0,1,0,2,0,3,2,1,0,3,2,2,1,3,2,2,3,1,0,1,31
7101,3,1,1,2,3,2,3,0,1,3,1,0,1,0,1,2,3,1,2,1,0,31
7102,1,1,3,2,0,0,1,3,3,0,1,0,3,2,1,2,2,2,2,1,3,33
7103,1,3,3,2,3,1,1,0,1,2,1,0,0,1,0,3,0,2,3,2,0,29
7104,3,0,0,0,1,1,1,1,0,0,1,3,0,3,2,2,1,1,3,0,1,24
7105,0,0,1,3,0,3,1,1,0,2,3,1,0,2,0,1,2,2,2,3,2,29
7106,2,0,0,3,1,2,0,2,0,3,0,2,3,3,2,1,0,0,1,3,1,29
7107,0,2,2,1,2,3,3,2,3,3,3,3,2,2,0,3,1,1,1,2,1,40
7108,3,1,0,1,2,0,0,0,0,3,1,0,1,1,0,3,0,3,2,0,1,22
7109,0,2,0,2,1,2,3,3,2,2,3,1,3,1,3,0,1,3,1,1,0,34
7110,3,2,0,2,3,2,0,3,1,2,3,2,1,2,0,3,1,3,1,2,1,37
7111,2,2,0,0,0,0,1,1,3,3,2,0,2,2,2,1,0,2,1,1,3,28
7112,2,0,0,1,2,3,0,2,2,2,1,2,2,1,1,2,1,2,3,1,0,30
7113,1,3,2,1,0,0,3,2,1,3,2,3,1,1,2,2,1,3,2,2,2,37
7114,2,0,0,2,1,3,2,2,3,2,2,0,3,2,3,1,2,1,2,2,2,37
7115,3,1,2,3,0,1,0,0,2,1,0,0,0,2,0,1,1,0,1,3,3,24
7116,1,3,1,2,2,2,1,1,0,3,0,1,3,0,1,3,3,0,2,0,0,29
7117,2,1,3,1,3,0,3,0,1,3,3,0,0,3,0,3,0,2,0,3,0,31
7118,0,1,3,0,3,2,1,3,2,3,3,3,1,3,2,3,0,2,1,0,2,38
7119,0,1,2,0,2,1,1,1,1,0,3,3,0,0,1,2,0,3,2,0,2,25
7120,3,1,2,3,1,1,3,2,1,2,2,0,0,2,2,2,1,2,1,3,3,37
7121,0,1,0,2,1,1,0,1,0,0,3,2,0,0,3,0,0,2,2,1,3,22
7122,0,2,2,3,2,2,0,0,1,0,0,0,0,2,3,0,0,3,2,0,1,23
7123,3,3,1,0,1,3,3,2,0,0,3,3,0,3,1,3,1,2,1,1,1,35
7124,3,2,2,2,3,1,2,1,2,2,3,3,1,0,3,2,1,2,0,2,2,39
7125,0,2,3,3,1,0,2,1,3,0,3,1,0,1,2,3,2,1,2,1,3,34
7126,0,0,2,3,3,1,0,2,0,0,3,3,3,0,2,2,0,1,0,0,2,27
7127,3,3,3,0,0,3,3,1,3,2,0,0,3,0,1,2,2,0,2,0,1,32
7128,1,1,2,0,2,0,0,0,2,1,0,3,0,1,1,2,2,1,1,0,1,21
7129,3,1,3,2,0,0,2,1,2,3,1,3,3,0,3,1,0,3,0,2,2,35
7130,2,0,3,1,2,2,1,2,2,2,2,3,1,0,0,0,3,0,0,1,1,28
7131,3,0,3,1,3,1,2,1,3,2,0,2,0,3,3,0,2,0,2,0,0,31
7132,1,2,1,1,3,3,2,3,3,1,2,3,0,1,3,0,1,2,0,1,2,35
7133,1,1,0,1,2,0,3,2,3,3,3,2,2,2,2,1,0,3,0,2,0,33
7134,3,2,3,2,0,1,3,1,1,3,3,2,3,0,1,3,0,3,3,3,0,40
7135,0,0,2,1,3,3,2,1,3,2,2,3,1,0,1,2,2,2,2,1,0,33
7136,1,1,1,0,3,1,1,1,0,3,0,1,3,3,2,1,3,1,1,1,2,30
7137,3,0,2,0,0,3,0,0,3,0,3,3,0,1,2,0,2,0,0,1,2,25
7138,1,2,0,1,2,0,0,1,3,0,2,0,2,2,2,2,0,2,1,1,3,27
7139,0,1,2,3,1,3,3,2,1,0,3,1,3,3,0,1,3,1,1,2,0,34
7140,2,2,0,3,0,0,1,0,1,2,0,0,1,3,2,0,2,2,3,0,3,27
7141,2,2,1,2,3,2,0,3,0,1,3,0,2,0,3,1,1,2,1,2,3,34
7142,2,1,0,0,3,2,2,2,1,0,3,3,3,2,1,0,2,0,1,0,2,30
7143,2,1,0,0,3,0,1,1,1,1,2,3,2,3,0,2,3,3,0,0,2,30
7144,1,2,2,3,1,2,2,1,1,0,0,3,3,3,2,3,0,1,0,1,0,31
7145,0,3,3,3,3,3,2,0,3,3,3,1,1,3,0,2,3,1,2,0,2,41
7146,1,2,0,0,0,2,0,2,0,0,3,1,1,0,2,2,1,0,3,1,1,22
7147,0,1,3,3,1,3,2,0,1,3,0,3,2,1,2,3,3,3,3,0,1,38
7148,3,0,2,3,1,3,0,2,1,1,0,0,3,0,3,3,1,0,2,3,2,33
7149,1,0,0,2,1,2,3,2,2,1,1,3,2,3,2,3,0,3,0,3,3,37
7150,3,1,0,2,0,2,2,0,2,2,2,1,3,2,2,1,1,0,1,0,1,28
7151,1,2,0,0,2,3,1,2,0,1,2,0,3,1,3,1,0,3,2,3,1,31
7152,1,3,3,1,1,2,0,3,3,1,1,2,0,2,3,3,3,2,0,1,3,38
7153,3,2,3,0,1,2,3,1,3,1,1,2,0,0,2,1,2,1,2,3,0,33
7154,2,0,2,3,0,1,3,3,1,0,0,3,0,0,0,1,2,3,3,0,0,27
7155,3,3,2,0,2,3,2,3,2,0,1,1,3,1,1,0,3,2,2,3,0,37
7156,1,1,0,3,1,0,1,0,0,1,1,1,0,0,1,0,1,3,3,0,0,18
7157,1,2,3,2,0,0,3,3,3,3,3,0,3,0,0,0,3,2,0,2,3,36
7158,3,3,3,1,3,2,0,1,1,1,3,2,2,2,2,2,3,3,1,2,3,43
7159,1,2,2,2,3,2,0,3,0,1,1,0,0,2,3,3,3,1,2,1,1,33
7160,0,1,0,2,2,0,0,0,2,0,2,0,2,2,1,0,0,2,0,3,2,21
7161,2,1,2,2,0,0,2,1,2,0,0,3,3,0,2,2,2,3,1,3,0,31
7162,0,0,2,2,3,0,1,2,2,1,0,2,3,3,1,1,2,0,1,1,2,29
7163,2,3,0,3,1,3,2,3,2,0,3,0,2,3,2,0,2,1,1,3,0,36
7164,1,1,0,1,2,1,1,3,3,2,2,1,1,2,3,0,0,2,1,0,3,30
7165,0,0,0,3,0,0,3,2,2,1,0,1,1,1,2,3,3,1,1,1,0,25
7166,1,2,3,0,3,1,0,0,3,1,1,3,1,1,1,0,3,1,2,1,3,31
7167,2,1,2,1,1,1,3,3,0,1,1,0,1,0,0,0,0,3,3,2,2,27
7168,1,2,3,0,1,2,2,1,3,1,3,0,0,1,0,3,2,1,0,3,0,29
7169,2,2,3,0,3,1,1,2,1,2,3,3,1,2,2,1,0,0,0,2,2,33
7170,2,1,0,0,3,3,2,1,0,1,2,1,2,1,2,2,1,1,0,0,1,26
7171,1,0,3,3,2,1,2,2,3,0,1,3,2,3,0,1,0,1,2,2,1,33
7172,3,0,1,3,3,1,3,1,1,2,3,3,0,3,0,1,0,3,0,3,1,35
7173,1,3,1,0,2,2,1,0,2,3,2,2,3,3,1,0,3,3,0,0,3,35
7174,2,2,3,2,0,1,2,1,2,2,2,0,3,3,2,3,3,0,2,1,0,36
7175,1,3,2,3,0,3,3,0,1,1,1,1,1,3,3,3,0,0,0,2,0,31
7176,3,1,2,3,3,2,3,0,2,3,3,2,1,1,0,3,0,2,3,2,0,39
7177,3,2,1,0,0,2,0,2,1,3,3,2,3,3,2,0,0,2,2,3,2,36
7178,1,1,1,1,3,3,1,3,3,2,3,0,3,3,1,2,3,0,3,2,3,42
7179,3,3,3,2,0,2,3,3,1,2,1,3,2,3,3,1,1,2,3,1,3,45
7180,0,1,2,3,0,2,2,2,1,0,0,3,0,0,1,2,1,1,2,1,3,27
7181,1,0,1,2,2,2,0,2,2,0,2,1,0,1,0,2,1,1,3,0,2,25
7182,3,0,3,1,3,3,0,3,1,0,2,2,1,0,3,1,2,1,0,3,2,34
7183,3,3,1,0,0,1,1,2,0,3,1,1,1,2,0,1,3,2,0,0,2,27
7184,3,0,0,2,0,2,3,0,3,3,3,1,2,3,1,0,0,2,3,0,2,33
7185,1,0,3,1,0,0,0,2,3,3,2,3,1,1,3,0,0,3,3,2,3,34
7186,3,2,3,0,1,0,0,2,1,1,0,0,0,1,2,0,1,0,3,2,2,24
7187,2,1,3,0,2,2,2,3,1,1,2,0,0,2,2,2,2,1,1,3,0,32
7188,1,0,1,3,3,0,1,2,0,0,1,1,2,3,3,1,3,1,0,3,1,30
7189,3,2,0,0,2,0,3,3,2,1,3,3,3,1,1,2,3,0,0,1,1,34
7190,1,0,2,1,0,0,3,1,1,0,2,0,3,2,3,3,3,2,2,0,3,32
7191,1,1,0,1,1,0,3,3,2,1,1,2,1,2,1,0,0,1,0,2,1,24
7192,1,0,1,2,0,1,1,2,2,1,1,2,3,0,1,0,1,0,2,2,3,26
7193,2,1,0,2,2,1,1,1,1,2,0,3,2,0,1,2,2,2,1,3,3,32
7194,2,2,2,1,0,3,0,2,0,2,3,1,1,0,2,2,3,0,1,3,0,30
7195,2,2,2,2,1,2,0,3,0,0,2,3,1,0,0,0,0,2,0,0,1,23
7196,2,2,1,2,2,0,1,0,2,2,1,3,2,0,1,2,0,1,1,3,0,28
7197,2,3,3,3,0,0,1,0,2,3,3,0,3,0,3,1,0,0,2,2,0,31
7198,1,0,2,2,0,1,1,1,2,0,0,0,1,3,2,1,3,0,1,3,0,24
7199,1,3,1,1,3,0,1,2,2,0,2,2,1,0,1,0,1,2,1,2,2,28
7200,1,3,0,2,0,1,3,1,0,2,1,0,0,1,2,2,2,3,0,1,3,28
7201,2,0,2,1,1,3,2,1,2,1,1,0,2,0,3,1,0,1,0,3,1,27
7202,3,3,3,0,2,0,0,3,0,1,3,3,2,0,2,3,1,2,0,1,1,33
7203,3,1,2,1,0,1,2,3,2,1,2,2,0,3,0,2,3,2,3,2,2,37
7204,1,1,3,0,1,1,1,3,3,1,1,2,2,0,2,1,2,3,2,1,3,34
7205,2,0,2,3,1,2,1,2,0,0,0,2,0,3,2,3,1,1,0,1,1,27
7206,1,2,2,1,3,2,1,0,2,3,0,1,0,2,3,3,0,0,1,0,0,27
7207,1,2,0,0,2,1,2,1,0,1,1,3,1,1,3,3,1,2,1,0,3,29
7208,3,2,0,0,0,0,0,0,2,2,2,3,1,0,1,2,1,2,1,3,0,25
7209,1,3,0,1,2,2,0,2,3,0,2,2,3,2,0,2,1,1,0,0,1,28
7210,1,2,2,1,2,1,1,2,2,2,2,3,1,0,3,2,2,1,3,0,0,33
7211,2,0,3,1,3,1,2,0,1,2,2,1,2,2,1,1,1,0,3,3,3,34
7212,0,3,0,1,1,2,1,2,2,0,0,0,2,3,0,1,0,3,2,1,3,27
7213,0,2,0,0,1,0,0,1,3,2,3,3,3,2,2,2,0,1,3,0,2,30
7214,3,1,3,2,0,0,3,0,0,3,0,3,3,2,1,0,3,2,2,0,1,32
7215,3,2,1,0,2,3,2,1,2,1,0,2,0,1,2,1,2,1,1,1,1,29
7216,2,0,3,0,0,0,3,3,1,2,1,3,3,1,1,1,0,3,2,1,3,33
7217,2,0,2,2,3,1,0,1,2,3,1,3,0,3,3,1,1,3,3,3,3,40
7218,2,3,3,2,0,1,2,2,2,3,0,0,1,2,2,1,2,0,1,0,2,31
7219,0,2,2,0,2,3,1,0,0,0,1,0,3,1,1,1,3,1,1,1,1,24
7220,2,3,2,1,1,3,0,2,0,3,0,3,2,1,1,0,3,1,3,1,3,35
7221,0,1,1,2,1,3,3,0,0,3,2,3,1,3,1,0,0,0,3,0,3,30
7222,3,0,1,0,1,2,0,0,3,2,1,3,3,3,2,1,2,3,3,3,2,38
7223,3,3,0,3,0,1,0,1,0,3,1,1,1,2,0,2,1,1,2,1,0,26
7224,2,3,2,3,3,3,0,3,0,3,3,1,0,3,2,3,3,2,2,1,3,45
7225,1,3,1,2,1,3,1,1,0,0,0,1,3,3,1,0,2,3,1,0,2,29
7226,0,3,1,0,2,0,1,1,1,2,0,0,2,1,1,1,2,2,0,0,1,21
7227,3,0,1,3,3,1,2,2,1,0,2,0,1,3,1,3,2,3,0,3,0,34
7228,3,1,3,0,2,0,2,2,0,2,1,0,3,2,1,2,0,3,1,0,3,31
7229,3,1,2,3,0,1,0,3,0,3,2,2,2,1,2,0,0,0,2,1,3,31
7230,2,2,2,2,2,0,1,1,2,3,2,2,2,1,0,1,2,1,2,2,3,35
7231,1,3,2,2,0,1,1,3,2,1,1,1,2,0,3,2,3,1,1,3,2,35
7232,2,2,3,1,0,0,3,0,2,1,1,3,1,2,3,2,2,0,2,2,1,33
7233,3,2,3,1,0,3,3,0,2,3,2,3,2,0,2,0,3,2,3,2,1,40
7234,3,3,0,1,3,0,3,3,1,2,2,3,1,3,2,3,3,2,3,1,0,42
7235,1,0,1,2,0,0,0,2,3,1,0,0,0,3,2,1,0,0,3,1,0,20
7236,3,1,2,1,2,3,1,1,2,2,0,1,0,3,2,3,1,0,0,1,0,29
7237,0,3,3,0,3,2,1,0,1,0,1,0,0,0,1,3,2,2,1,1,0,24
7238,0,0,3,3,0,3,2,2,3,3,3,2,2,1,1,3,3,1,1,0,0,36
7239,0,2,1,0,0,3,1,1,0,3,1,2,3,0,0,3,1,1,0,3,2,27
7240,2,1,1,1,2,0,3,1,3,2,1,1,3,0,0,3,1,0,3,3,1,32
7241,0,0,3,3,3,2,1,1,2,3,1,2,3,3,0,0,2,2,0,0,0,31
7242,0,2,0,2,1,3,3,1,2,0,1,0,3,3,0,0,3,3,2,3,1,33
7243,2,3,0,1,2,3,3,2,2,2,3,0,2,3,3,3,0,0,2,0,3,39
7244,1,1,2,2,2,3,2,3,2,2,1,1,3,0,2,0,0,0,2,3,3,35
7245,1,1,3,1,0,0,0,1,0,3,0,1,3,0,3,0,3,3,3,0,2,28
7246,0,2,3,1,2,3,3,1,2,3,3,0,3,3,1,1,3,0,2,1,0,37
7247,2,1,1,2,0,0,2,1,0,3,2,1,0,1,2,1,2,3,2,3,2,31
7248,2,3,1,0,2,1,2,1,3,0,0,0,1,0,0,0,1,0,2,3,3,25
7249,0,0,3,3,2,1,2,3,0,2,1,3,3,0,0,0,3,2,0,0,1,29
7250,3,2,1,3,2,1,1,1,0,0,1,3,3,1,1,3,3,1,1,2,3,36
7251,0,2,1,1,3,0,2,1,2,3,0,1,1,1,2,2,1,0,0,1,3,27
7252,3,1,3,1,3,1,2,0,1,1,0,0,1,2,2,3,1,1,3,3,0,32
7253,3,1,0,1,3,0,3,1,1,1,2,3,2,2,0,3,2,1,0,1,3,33
7254,0,1,0,3,0,1,1,2,1,3,0,1,3,0,0,2,0,0,3,3,1,25
7255,0,1,3,0,1,1,0,1,3,3,2,3,1,3,3,0,2,2,1,1,2,33
7256,3,2,2,2,1,2,3,2,2,3,2,2,0,2,0,0,0,0,3,0,1,32
7257,3,1,0,2,2,1,0,3,3,0,1,0,0,1,3,3,2,1,0,0,3,29
7258,1,1,3,2,0,3,1,3,2,2,1,1,2,3,3,1,0,3,3,0,0,35
7259,0,2,1,2,3,3,1,0,1,2,1,0,2,2,1,2,0,0,3,1,3,30
7260,0,3,3,2,3,0,0,2,1,3,2,3,0,0,1,2,2,2,1,3,3,36
7261,2,0,1,0,0,2,1,3,1,3,2,3,1,1,1,0,1,0,3,2,3,30
7262,2,1,3,2,3,1,1,3,2,0,1,2,0,0,0,3,2,2,2,2,0,32
7263,2,0,3,1,3,0,1,2,3,0,3,3,2,3,3,0,1,1,0,1,2,34
7264,2,1,1,2,2,1,1,0,2,2,1,2,2,1,2,1,1,3,1,0,1,29
7265,1,1,2,3,0,0,3,1,3,0,1,3,1,3,0,2,3,1,1,3,3,35
7266,0,0,2,2,3,3,3,3,0,3,3,0,0,2,0,3,2,3,0,3,2,37
7267,2,1,3,3,0,3,1,3,2,1,0,1,2,2,1,0,3,2,2,0,0,32
7268,1,3,3,1,2,1,2,0,1,3,2,1,1,0,0,2,3,2,0,0,1,29
7269,3,0,2,3,3,2,1,0,3,2,1,0,1,0,3,0,1,2,1,2,3,33
7270,3,0,1,3,2,0,1,1,2,2,0,3,3,1,0,0,0,0,3,1,0,26
7271,1,0,3,1,3,2,0,1,1,2,0,0,1,1,3,1,3,0,2,2,3,30
7272,1,1,2,2,2,3,3,1,0,2,1,1,3,2,3,0,1,2,1,0,1,32
7273,0,0,3,2,2,3,0,1,2,3,3,0,2,1,1,3,1,3,3,2,1,36
7274,3,1,2,3,0,0,3,1,0,0,1,1,0,0,1,2,3,1,1,0,0,23
7275,3,1,0,3,0,1,2,0,0,2,1,1,2,3,0,3,0,3,0,3,2,30
7276,0,3,3,1,2,2,2,3,0,0,1,0,3,3,3,2,2,3,2,3,2,40
7277,2,0,0,0,3,1,1,3,3,2,3,2,1,3,3,3,2,1,1,3,2,39
7278,2,1,1,1,1,2,0,3,2,1,2,1,3,3,3,2,1,2,2,0,2,35
7279,3,3,0,2,2,3,1,1,2,2,1,0,0,3,2,0,0,0,2,2,1,30
7280,3,0,0,0,2,3,3,3,2,1,0,2,0,2,1,0,2,2,3,3,3,35
7281,0,1,1,2,3,0,2,1,1,2,0,1,3,3,0,3,3,0,2,2,2,32
7282,3,0,1,3,1,0,3,2,1,2,0,2,3,3,0,1,2,2,0,0,0,29
7283,2,1,1,3,1,1,0,0,1,1,0,3,2,1,2,1,1,2,3,0,3,29
7284,3,0,1,2,3,3,2,1,3,1,2,3,3,0,0,0,0,0,1,1,2,31
7285,1,1,2,3,3,0,0,1,3,3,2,0,2,1,3,3,3,1,3,3,2,40
7286,3,0,0,1,2,3,2,3,3,2,0,1,1,1,1,0,1,2,3,0,3,32
7287,1,0,1,3,1,1,1,3,2,3,3,0,1,0,2,1,0,2,0,0,0,25
7288,0,1,2,1,0,3,0,2,0,2,0,0,1,3,2,2,1,0,2,0,3,25
7289,0,2,1,0,2,3,1,2,2,0,1,3,3,2,2,2,2,0,1,2,3,34
7290,2,2,1,1,1,1,2,1,2,1,1,3,3,2,2,0,3,0,2,0,1,31
7291,3,0,3,2,1,2,1,3,1,2,1,1,2,3,0,2,3,0,3,2,2,37
7292,0,1,0,0,3,3,2,2,3,3,0,0,1,3,2,1,0,2,2,2,1,31
7293,1,1,3,3,1,3,2,0,0,3,3,3,1,1,2,0,0,3,0,0,1,31
7294,3,3,3,0,0,2,2,0,1,2,0,1,0,0,1,2,1,0,3,3,1,28
7295,2,3,3,0,3,0,1,2,3,0,2,0,0,3,1,3,0,0,0,2,3,31
7296,1,1,2,3,1,1,0,0,0,3,1,2,2,2,1,3,0,3,0,3,2,31
7297,1,1,2,1,0,2,3,2,1,1,1,3,0,3,2,2,3,3,3,1,3,38
7298,0,3,0,2,3,0,3,2,2,1,2,0,0,0,0,1,1,3,3,1,1,28
7299,0,1,2,1,2,3,3,3,3,0,3,2,2,3,1,0,2,2,3,1,3,40
7300,0,3,0,1,3,1,3,3,2,1,2,1,2,0,3,2,3,1,3,1,1,36
7301,1,3,2,2,3,1,0,3,1,3,2,2,0,1,3,3,2,1,0,2,1,36
7302,0,2,1,1,1,2,3,1,2,1,3,2,0,1,1,0,1,2,2,0,2,28
7303,0,0,1,1,1,2,3,2,0,0,0,2,2,2,3,3,3,0,1,3,0,29
7304,2,2,0,1,2,0,3,3,0,3,0,3,2,3,1,1,1,0,0,2,1,30
7305,2,2,1,0,1,1,1,1,1,3,1,3,3,0,0,3,3,2,2,2,2,34
7306,2,3,2,2,1,3,0,1,2,2,2,0,0,0,2,3,1,0,0,0,0,26
7307,2,3,2,3,2,1,3,1,0,0,0,1,3,2,1,1,0,2,3,2,1,33
7308,1,1,3,1,0,1,0,0,0,2,2,3,3,2,2,3,3,0,2,0,2,31
7309,1,0,3,3,0,0,1,0,2,1,0,0,1,3,1,2,2,2,3,3,0,28
7310,3,3,1,0,2,3,2,0,3,0,0,1,2,1,3,3,2,2,0,0,1,32
7311,3,2,0,0,3,3,2,1,0,3,1,1,0,2,2,3,0,3,3,2,2,36
7312,0,3,2,1,0,3,0,3,2,3,1,0,2,2,1,1,3,3,0,0,2,32
7313,0,0,1,1,0,0,0,3,3,2,2,0,1,3,2,0,2,3,0,3,0,26
7314,3,3,1,2,3,1,3,2,3,2,3,3,0,0,2,1,2,3,1,2,3,43
7315,2,3,1,2,1,2,3,1,1,1,2,2,2,1,1,2,0,3,3,1,1,35
7316,3,3,3,1,2,3,0,0,0,1,1,2,3,1,0,1,0,3,0,1,0,28
7317,3,0,0,0,0,1,0,1,3,3,1,1,2,1,2,3,3,1,2,1,0,28
7318,2,3,0,1,3,0,0,0,0,3,0,1,2,0,0,0,3,0,0,1,2,21
7319,1,2,0,2,2,2,2,3,3,2,2,3,1,1,2,2,3,2,3,1,0,39
7320,3,2,0,2,1,0,0,1,3,2,3,1,0,1,0,0,3,3,0,0,0,25
7321,2,2,2,1,0,1,1,2,1,1,0,1,3,3,0,1,2,2,3,0,2,30
7322,3,2,2,3,0,2,2,2,3,1,2,0,3,1,2,0,0,1,1,0,1,31
7323,1,2,0,3,2,3,3,3,0,1,0,1,3,2,2,2,3,1,1,2,1,36
7324,0,0,2,2,2,1,0,3,3,1,1,3,2,3,0,0,3,1,3,1,1,32
7325,2,0,0,3,3,0,2,1,1,0,3,2,3,3,1,0,2,1,3,1,2,33
7326,1,1,1,3,0,3,2,1,1,3,0,0,0,0,0,0,1,3,1,0,2,23
7327,1,2,3,0,2,3,0,3,1,0,0,1,3,0,0,3,0,0,0,1,0,23
7328,3,1,1,0,2,0,3,3,3,0,2,2,0,1,2,0,2,0,1,2,3,31
7329,3,0,1,3,3,2,1,3,2,2,3,0,3,3,0,0,3,3,0,1,3,39
7330,2,3,0,1,2,2,1,1,0,2,1,2,1,1,0,0,0,0,1,0,2,22
7331,2,0,1,1,0,0,2,0,1,3,2,0,1,3,0,1,0,2,3,3,3,28
7332,1,2,2,2,1,2,1,1,0,2,2,3,1,3,1,2,1,2,1,0,2,32
7333,1,0,1,0,2,1,1,2,0,3,3,1,2,1,2,1,3,3,3,0,0,30
7334,0,2,1,1,1,0,3,1,0,1,3,1,2,0,1,2,2,3,3,0,1,28
7335,3,0,2,1,3,0,2,1,2,0,3,2,2,1,0,2,2,3,3,3,0,35
7336,2,2,0,1,3,3,2,3,0,0,1,2,1,1,2,3,2,3,1,0,2,34
7337,1,3,2,3,2,1,2,2,3,3,3,3,2,1,3,0,3,0,3,0,1,41
7338,2,2,2,0,3,1,1,2,0,1,0,2,2,3,0,1,3,3,3,2,2,35
7339,0,2,3,0,3,3,2,3,2,0,1,1,1,1,0,3,3,3,3,2,2,38
7340,3,1,1,1,2,0,1,1,3,1,3,2,3,3,1,3,2,1,0,0,1,33
7341,2,2,2,1,1,3,3,2,0,0,1,1,0,2,3,1,0,2,1,3,1,31
7342,2,0,1,0,3,3,1,0,2,0,1,3,0,2,3,1,0,1,2,1,2,28
7343,2,0,3,0,0,3,0,1,0,3,2,1,0,1,3,3,2,3,2,2,3,34
7344,2,2,2,3,2,0,1,2,3,1,2,0,1,1,1,0,3,2,1,0,2,31
7345,1,1,1,3,2,3,2,3,2,3,1,2,2,1,1,2,2,2,3,2,3,42
7346,0,2,0,3,2,1,1,3,2,1,3,2,2,1,2,2,3,0,3,3,3,39
7347,2,2,3,1,0,0,3,3,3,3,0,3,1,2,0,3,1,2,1,3,2,38
7348,3,0,0,0,2,3,1,2,2,1,0,0,1,0,0,1,3,1,2,0,1,23
7349,3,3,3,0,2,0,0,0,1,2,2,0,2,0,0,3,0,0,2,2,1,26
7350,3,2,1,1,0,1,2,3,0,2,0,2,3,2,1,3,1,1,1,0,2,31
7351,0,1,1,2,0,2,3,3,1,3,3,0,2,0,2,1,3,1,3,0,0,31
7352,0,0,2,0,1,1,1,1,1,3,2,1,1,3,3,1,0,2,1,2,0,26
7353,2,0,3,1,0,2,3,0,2,2,3,2,0,0,2,0,0,0,2,2,2,28
7354,1,0,0,3,0,1,2,3,1,1,1,1,1,3,3,0,1,0,3,2,1,28
7355,2,2,0,0,0,2,3,1,2,3,3,1,3,2,2,2,1,0,1,0,0,30
7356,0,2,0,1,0,1,3,0,2,2,3,0,1,2,2,3,2,2,2,1,1,30
7357,2,3,2,2,2,0,3,1,0,3,1,3,2,1,2,2,3,3,1,1,3,40
7358,0,2,3,1,2,3,3,0,0,3,3,1,2,3,3,3,1,2,2,3,1,41
7359,3,3,1,3,3,2,2,2,2,0,3,0,2,0,2,3,2,0,0,0,1,34
7360,1,3,1,2,0,3,1,2,0,3,0,0,1,0,2,0,0,3,0,2,1,25
7361,0,1,1,2,3,3,3,1,3,1,0,3,3,2,3,0,0,1,3,2,2,37
7362,2,2,2,3,2,0,1,3,2,2,2,2,3,0,1,3,1,2,1,0,0,34
7363,0,2,1,3,3,1,1,3,3,0,0,0,1,1,2,0,1,0,3,0,3,28
7364,1,2,2,2,0,1,3,3,3,1,3,1,3,1,0,0,2,1,3,3,3,38
7365,3,2,3,2,1,1,1,2,3,3,0,3,0,0,3,0,3,3,3,1,3,40
7366,3,2,2,1,0,2,3,2,1,0,0,0,1,0,0,2,0,0,0,3,2,24
7367,3,0,0,2,2,0,1,0,2,2,1,0,0,3,3,3,3,2,3,0,3,33
7368,1,3,2,2,2,3,2,3,0,0,2,1,3,2,1,2,0,2,0,2,3,36
7369,2,1,0,2,1,0,0,1,3,1,2,3,2,0,3,0,0,2,2,0,1,26
7370,3,3,2,0,1,1,3,2,1,2,1,2,2,0,1,0,0,1,3,3,3,34
7371,3,0,0,2,2,1,0,1,2,1,1,2,1,2,2,0,1,0,0,3,1,25
7372,1,3,2,3,3,3,1,3,0,2,0,1,0,2,3,2,0,1,2,3,2,37
7373,1,0,1,1,0,1,2,2,1,2,2,1,2,1,0,0,2,3,0,1,0,23
7374,1,2,3,0,3,1,2,3,1,1,1,2,2,0,2,1,3,1,3,1,0,33
7375,3,3,2,1,3,1,0,1,1,0,2,0,3,1,0,2,3,0,0,2,1,29
7376,3,0,2,0,0,2,0,3,0,3,0,0,1,1,3,1,2,3,0,3,3,30
7377,0,2,3,2,3,3,2,1,0,3,3,0,0,0,3,3,1,0,1,1,3,34
7378,2,2,1,1,3,3,0,0,0,3,1,2,1,1,1,2,1,3,3,1,1,32
7379,2,1,2,0,2,3,2,2,0,2,0,3,3,3,2,3,3,0,1,1,2,37
7380,3,1,2,2,2,0,0,2,1,1,3,1,0,1,3,1,2,2,0,2,3,32
7381,2,3,3,1,2,1,0,3,1,1,1,2,0,1,0,3,3,0,1,2,1,31
7382,0,3,1,3,3,3,3,3,2,0,2,1,1,2,1,1,0,1,0,1,0,31
7383,2,2,2,3,0,3,3,2,2,2,3,1,1,3,1,2,1,3,2,0,2,40
7384,2,1,0,3,2,2,0,1,3,2,3,2,2,0,2,2,1,3,1,2,1,35
7385,2,3,2,3,1,2,3,0,3,2,0,3,2,2,1,3,1,1,2,3,1,40
7386,1,2,2,3,1,2,1,0,1,1,3,1,1,1,2,2,2,3,1,2,2,34
7387,1,0,0,3,1,2,0,2,0,3,2,2,2,3,0,2,0,0,1,1,3,28
7388,2,3,1,0,1,0,0,3,2,3,2,3,2,1,2,2,1,1,2,1,0,32
7389,3,2,2,0,1,3,3,3,3,0,1,1,3,3,3,0,0,3,0,3,0,37
7390,2,0,3,3,0,1,3,3,2,2,0,2,1,3,0,3,3,1,2,0,3,37
7391,2,2,0,1,3,0,3,0,1,0,2,3,0,2,1,1,3,2,0,1,2,29
7392,0,3,0,0,0,0,0,3,2,0,0,0,0,0,3,0,1,3,2,0,3,20
7393,3,2,2,1,1,0,0,2,2,0,1,2,3,0,3,0,2,3,3,0,3,33
7394,3,2,2,0,1,3,1,3,1,0,2,0,2,3,0,0,1,1,1,0,2,28
7395,1,2,1,3,2,0,3,1,2,2,1,2,1,1,1,1,3,3,1,0,3,34
7396,1,2,2,2,0,3,1,1,3,3,2,3,3,3,0,2,3,2,2,0,0,38
7397,2,3,3,3,1,3,2,0,0,3,1,2,3,2,2,1,1,1,0,1,1,35
7398,1,1,3,2,2,1,2,1,0,3,1,0,0,0,0,0,0,3,1,3,0,24
7399,2,1,3,0,1,2,3,0,1,1,3,0,2,2,2,2,2,0,3,3,2,35
7400,2,1,2,2,0,0,0,1,0,2,0,1,1,3,0,2,3,1,3,0,2,26
7401,2,1,3,3,3,1,1,2,3,2,0,2,3,0,1,3,2,1,3,3,0,39
7402,1,0,3,3,2,2,1,1,3,2,0,2,2,3,0,2,3,3,1,2,3,39
7403,0,2,3,1,0,3,3,1,3,0,2,1,3,3,3,2,2,1,1,1,2,37
7404,0,2,1,0,3,1,2,3,0,2,1,3,2,1,3,3,0,0,3,0,0,30
7405,3,2,3,3,1,1,2,0,0,0,0,2,0,1,1,2,2,3,2,3,2,33
7406,2,0,3,0,3,1,2,3,3,2,1,0,2,0,1,3,3,3,3,3,1,39
7407,3,3,2,0,2,2,3,2,3,2,1,1,3,0,0,2,2,3,0,1,0,35
7408,2,2,2,1,1,1,0,2,2,0,1,1,3,0,1,0,3,0,2,2,2,28
7409,3,3,0,3,2,2,1,2,0,1,1,2,2,0,0,2,0,1,0,1,1,27
7410,3,1,1,0,3,3,0,3,2,0,3,3,2,3,2,1,3,0,0,0,2,35
7411,3,1,0,1,2,0,1,3,2,0,1,0,2,0,0,3,1,2,3,0,1,26
7412,1,1,0,1,0,1,1,2,3,2,2,0,0,2,0,1,3,1,1,2,0,24
7413,0,2,1,0,2,3,3,0,3,2,3,3,3,1,0,1,0,0,2,0,0,29
7414,0,1,1,1,3,1,3,3,1,0,1,2,1,3,1,3,0,3,0,2,0,30
7415,0,1,3,1,2,2,2,0,3,2,1,1,2,2,2,0,3,2,0,2,3,34
7416,3,0,1,0,0,0,0,0,0,2,2,3,0,2,0,3,1,3,2,0,1,23
7417,0,0,3,2,2,1,2,2,0,3,1,2,0,1,3,3,0,2,0,3,3,33
7418,0,1,0,3,2,0,2,3,1,1,1,1,2,0,0,2,2,0,0,0,0,21
7419,2,0,2,3,2,1,1,0,0,3,2,1,3,2,3,1,0,0,1,3,3,33
7420,3,3,0,0,2,3,2,3,2,1,0,2,2,0,0,3,2,3,2,1,0,34
7421,1,1,0,2,2,2,0,2,3,0,2,2,2,2,1,0,1,1,3,2,1,30
7422,0,0,0,0,0,3,3,2,2,0,3,1,3,3,1,2,3,0,0,3,2,31
7423,3,2,1,3,2,0,0,3,2,0,2,1,0,3,2,1,1,3,0,1,0,30
7424,3,3,0,2,0,3,1,3,3,2,0,0,0,1,1,1,2,3,3,2,2,35
7425,1,1,2,2,1,3,3,3,3,1,3,2,2,3,0,0,3,2,3,3,0,41
7426,1,2,3,1,1,3,1,1,1,2,2,2,3,0,1,2,3,1,3,1,3,37
7427,1,2,1,2,2,1,2,1,2,1,0,3,3,0,2,0,1,1,0,3,0,28
7428,0,0,3,3,0,0,2,1,2,3,1,3,2,3,1,1,2,3,3,1,1,35
7429,3,0,0,1,2,0,3,0,1,2,0,1,2,0,0,2,3,2,1,1,3,27
7430,1,3,2,3,2,0,2,3,1,1,1,3,0,3,2,0,3,0,0,3,1,34
7431,3,1,1,0,3,0,1,2,2,2,3,3,2,3,3,2,1,3,0,2,3,40
7432,0,0,3,3,1,3,1,1,2,1,0,3,1,1,2,2,0,0,1,1,3,29
7433,2,1,1,3,0,1,2,2,1,0,1,0,1,1,1,0,1,3,1,0,2,24
7434,2,1,0,3,3,1,3,2,0,1,2,2,1,1,0,1,3,2,0,1,3,32
7435,0,1,3,2,3,3,1,0,0,3,0,2,3,3,0,2,2,0,3,2,2,35
7436,3,3,3,2,2,0,1,1,2,1,3,2,1,3,3,0,1,1,1,1,0,34
7437,3,0,1,2,3,0,0,0,2,3,2,2,0,0,3,2,1,1,0,1,0,26
7438,1,3,1,0,2,1,3,2,3,2,0,1,2,1,2,1,1,2,0,2,2,32
7439,0,2,0,0,1,1,2,2,1,1,3,1,0,0,0,3,0,2,0,3,1,23
7440,1,1,2,0,2,1,2,0,3,1,0,0,3,3,3,2,3,0,1,0,0,28
7441,0,2,2,0,0,2,0,3,1,0,3,3,1,1,2,1,3,2,3,0,1,30
7442,3,1,0,2,1,3,0,3,1,0,0,3,2,3,1,3,1,2,1,2,2,34
7443,0,2,1,0,2,2,2,3,1,1,0,0,2,1,2,1,0,1,2,2,1,26
7444,2,0,2,0,3,2,0,2,0,0,2,3,3,1,0,1,3,0,1,3,2,30
7445,0,0,3,3,2,3,0,3,3,3,0,2,3,2,0,0,0,0,2,2,3,34
7446,0,1,2,1,1,2,1,2,0,1,0,1,0,0,3,0,2,0,1,1,3,22
7447,1,3,1,2,0,2,0,1,1,2,0,2,2,3,1,1,3,3,2,0,0,30
7448,2,0,3,2,3,2,2,3,1,2,0,1,0,0,0,3,3,2,2,0,2,33
7449,3,3,0,3,3,1,3,1,2,2,3,1,2,1,2,2,2,1,3,2,1,41
7450,2,3,1,3,0,1,1,2,0,3,1,0,3,1,3,3,0,0,3,2,3,35
7451,0,1,1,3,2,3,3,0,1,0,0,0,0,0,2,1,3,1,2,1,0,24
7452,0,0,3,2,2,0,3,0,0,0,3,0,2,0,2,1,3,0,1,0,0,22
7453,3,1,1,0,2,1,0,1,3,1,3,0,0,1,1,3,0,2,2,1,1,27
7454,3,2,1,3,3,2,2,1,3,3,0,2,1,3,2,3,1,0,3,0,0,38
7455,2,1,1,0,3,3,2,0,2,2,2,0,3,2,2,0,3,1,2,2,0,33
7456,2,3,1,3,3,0,3,2,1,1,2,3,1,3,2,1,3,0,2,1,3,40
7457,2,3,0,0,0,0,1,2,3,3,3,0,1,3,3,2,3,0,3,1,0,33
7458,3,3,0,0,3,2,0,3,1,1,1,2,2,1,3,3,3,2,1,3,1,38
7459,3,1,3,0,3,3,2,0,2,0,2,2,2,3,1,3,1,0,1,1,0,33
7460,0,3,0,1,3,3,0,0,2,2,2,1,3,0,2,0,0,1,2,0,2,27
7461,1,0,2,1,0,1,1,1,1,0,0,2,0,0,3,2,2,3,1,1,0,22
7462,3,2,3,0,0,2,2,3,2,1,1,3,2,3,3,3,2,0,2,0,3,40
7463,0,1,2,3,3,1,3,0,1,1,3,3,1,0,0,3,1,0,3,1,1,31
7464,3,2,1,2,3,2,1,2,0,2,2,1,1,3,0,3,1,1,0,3,2,35
7465,1,0,2,0,3,1,0,0,3,3,0,0,0,1,3,2,2,3,0,1,1,26
7466,0,2,3,1,3,3,1,2,1,1,3,3,1,3,0,1,1,2,3,1,1,36
7467,3,3,2,1,2,2,2,0,0,1,3,0,3,1,2,3,1,2,2,0,1,34
7468,3,3,0,3,2,1,3,2,2,0,3,2,0,0,3,0,1,3,3,1,1,36
7469,0,0,1,3,1,2,1,1,3,3,3,2,0,2,1,3,2,2,0,0,3,33
7470,1,1,0,2,2,1,0,0,2,1,2,1,0,0,3,1,2,3,3,2,2,29
7471,0,3,1,1,3,3,2,2,3,3,2,0,2,2,0,2,0,2,0,1,2,34
7472,1,0,1,3,0,1,0,2,0,2,0,1,2,0,3,2,1,2,0,0,3,24
7473,1,1,3,1,3,2,3,0,1,2,1,0,0,2,0,1,2,1,0,2,0,26
7474,1,2,2,0,0,2,1,0,2,3,2,0,0,0,2,2,0,2,2,1,3,27
7475,1,3,1,2,0,0,1,0,2,0,1,1,0,3,0,1,1,2,2,1,3,25
7476,1,0,2,3,3,3,2,0,1,2,2,1,1,3,3,3,0,1,2,1,0,34
7477,0,0,3,2,1,1,1,2,3,3,0,0,1,3,2,3,0,0,3,0,0,28
7478,2,0,3,1,3,2,1,1,1,0,3,3,3,0,2,2,2,0,0,3,2,34
7479,2,1,0,3,3,2,2,0,1,2,0,2,2,2,0,2,3,3,2,2,3,37
7480,3,2,1,1,0,0,1,0,3,0,3,1,0,2,1,3,2,0,0,2,3,28
7481,2,1,0,1,1,3,2,0,0,3,3,1,2,0,0,2,1,0,1,1,2,26
7482,0,0,3,0,1,0,1,3,1,2,1,2,2,2,2,0,0,0,0,1,0,21
7483,0,2,3,0,3,1,0,1,0,3,3,2,0,0,0,0,0,0,3,0,2,23
7484,3,3,3,2,1,0,0,0,2,0,0,0,3,1,2,2,3,2,2,0,3,32
7485,2,0,1,3,2,0,1,1,0,2,3,0,0,3,0,3,0,1,1,0,0,23
7486,3,0,0,3,0,1,2,0,0,3,3,2,0,0,2,3,2,0,2,3,2,31
7487,0,1,3,2,2,3,0,3,2,0,3,1,3,2,1,3,1,3,1,3,3,40
7488,1,2,1,3,2,1,1,0,0,0,0,3,0,2,2,0,2,2,3,2,1,28
7489,1,2,0,0,0,0,1,0,2,0,1,3,3,3,0,3,1,3,3,3,2,31
7490,3,3,0,2,2,1,0,2,2,2,3,2,3,1,1,3,3,1,2,3,0,39
7491,3,3,2,1,2,3,3,0,2,2,3,0,3,1,2,2,1,1,0,0,2,36
7492,2,1,3,1,1,1,2,1,3,2,2,1,1,1,0,0,0,3,1,3,0,29
7493,1,3,1,1,2,3,3,1,0,3,1,1,0,0,2,3,3,0,2,1,1,32
7494,1,2,2,2,0,2,2,0,0,3,0,1,0,1,2,1,0,1,3,0,0,23
7495,2,2,3,2,2,2,0,2,2,3,1,1,3,0,2,3,3,0,2,2,1,38
7496,3,1,3,0,0,0,1,1,0,3,1,0,0,1,2,2,0,2,0,0,0,20
7497,3,3,1,2,2,0,2,0,0,1,1,1,1,1,3,1,3,0,1,1,3,30
7498,0,1,0,2,2,3,1,3,3,0,1,2,3,2,2,3,2,1,3,0,0,34
7499,2,2,0,2,0,2,0,3,1,0,2,1,0,3,3,1,3,1,3,2,3,34
7500,2,3,2,2,2,2,0,3,1,2,3,3,2,1,3,0,0,0,3,2,3,39
7501,1,2,2,1,1,0,2,0,2,1,2,0,2,3,2,3,3,3,3,3,0,36
7502,3,3,1,1,2,2,0,0,1,0,2,3,1,3,2,3,3,0,2,3,0,35
7503,1,1,2,1,2,2,3,2,1,1,3,1,3,0,0,0,3,2,0,2,2,32
7504,1,1,2,1,2,0,0,2,1,2,1,2,0,2,2,1,1,1,2,1,2,27
7505,3,2,2,3,1,1,2,0,2,2,1,0,0,1,1,3,0,1,0,3,1,29
7506,1,2,0,3,1,0,1,1,2,1,0,1,1,3,1,2,2,0,0,3,1,26
7507,0,2,0,0,2,0,3,1,1,0,1,3,0,0,1,1,3,0,0,1,3,22
7508,2,2,0,2,2,2,0,1,0,2,0,0,0,3,0,2,2,1,1,0,2,24
7509,1,2,0,1,2,2,2,3,2,2,3,3,0,1,1,3,2,1,1,2,3,37
7510,1,3,2,0,3,0,3,2,0,0,0,1,1,2,3,1,3,0,0,3,1,29
7511,2,1,2,3,1,1,0,2,1,0,2,0,2,3,1,1,3,3,3,3,0,34
7512,1,1,0,0,3,3,2,2,3,0,3,1,2,2,3,1,2,1,2,2,1,35
7513,3,2,3,2,3,3,1,3,1,3,3,0,2,1,3,2,2,1,2,3,0,43
7514,2,1,3,3,3,3,3,3,3,2,1,2,2,0,0,1,2,1,1,0,0,36
7515,3,3,1,1,2,0,0,0,0,1,1,0,3,3,2,2,0,2,1,1,2,28
7516,2,2,2,0,0,0,3,2,0,0,3,0,1,1,0,3,1,2,1,2,2,27
7517,1,3,0,0,3,0,1,2,2,0,1,1,2,0,0,3,0,0,1,2,3,25
7518,1,0,2,1,1,2,3,2,0,3,2,3,1,2,1,3,3,1,0,2,2,35
7519,0,3,1,1,0,3,0,2,2,3,1,2,1,2,2,0,1,0,0,1,0,25
7520,0,2,1,2,3,0,2,1,0,1,3,2,3,2,1,3,1,3,3,2,3,38
7521,1,3,1,1,2,1,1,3,1,0,3,1,0,0,3,3,2,3,2,1,2,34
7522,1,3,2,3,3,0,3,0,3,1,1,1,3,2,2,1,2,0,0,0,2,33
7523,2,1,0,3,3,0,3,1,0,3,1,3,0,3,0,1,1,3,2,0,1,31
7524,3,2,3,3,1,3,3,3,2,1,0,0,0,3,1,3,0,2,0,2,2,37
7525,2,0,0,0,2,1,0,1,3,0,3,0,3,1,3,2,3,1,3,3,1,32
7526,2,0,0,0,0,1,3,3,3,2,0,2,0,1,0,1,1,3,0,0,0,22
7527,2,0,1,3,1,0,3,3,0,1,3,2,1,1,2,3,3,0,1,2,1,33
7528,3,3,0,3,1,1,0,0,0,2,3,3,3,1,1,3,1,1,1,2,2,34
7529,2,3,3,3,0,3,2,3,0,3,3,1,1,1,3,0,2,2,3,0,2,40
7530,2,0,2,3,1,0,2,2,0,3,1,0,0,3,2,2,1,0,3,2,3,32
7531,0,3,3,3,1,0,3,2,3,0,0,3,1,1,1,2,0,0,3,3,1,33
7532,3,2,0,1,1,1,0,1,0,1,2,1,3,3,1,1,0,2,2,2,2,29
7533,2,3,1,2,2,3,2,1,2,3,3,0,0,3,0,0,3,3,1,2,1,37
7534,0,0,0,3,3,3,3,0,3,1,2,2,1,1,0,1,3,2,1,0,0,29
7535,0,1,1,3,2,0,0,1,1,0,0,0,3,3,2,0,2,0,1,2,2,24
7536,2,0,3,3,2,1,0,1,2,0,3,0,2,1,3,3,2,1,3,3,0,35
7537,2,0,2,2,0,3,3,0,0,1,1,0,3,2,3,1,1,0,1,1,2,28
7538,2,2,2,1,0,3,0,1,1,3,1,0,0,1,2,2,2,0,0,0,1,24
7539,1,2,1,1,1,3,0,1,0,3,3,2,0,3,1,1,2,3,3,2,3,36
7540,1,1,3,3,2,3,0,2,1,1,3,1,0,1,2,0,3,2,1,0,0,30
7541,0,3,0,3,0,2,3,1,0,0,1,0,1,3,2,1,3,0,3,2,2,30
7542,3,2,3,3,0,3,1,3,3,3,1,0,3,2,3,2,1,3,1,3,0,43
7543,2,2,0,1,0,1,3,3,2,3,2,0,0,2,2,0,0,3,3,2,0,31
7544,1,0,1,1,0,2,3,0,3,1,1,1,2,3,1,3,0,1,3,2,1,30
7545,3,2,0,3,1,3,1,3,1,2,1,0,0,3,0,0,3,3,2,1,1,33
7546,3,1,1,0,2,1,2,0,0,0,3,1,3,2,0,2,0,2,2,3,3,31
7547,2,3,0,1,2,0,1,0,2,3,3,3,2,2,0,2,3,2,0,3,1,35
7548,2,0,3,3,1,0,3,0,0,0,3,3,0,3,3,3,1,0,0,1,1,30
7549,3,0,1,1,3,2,1,0,2,0,0,3,2,0,1,2,1,0,0,1,3,26
7550,1,1,2,1,3,1,3,3,2,3,1,2,1,1,0,0,2,0,1,2,0,30
7551,2,0,1,3,3,0,1,0,1,1,2,0,3,2,2,3,2,1,3,1,3,34
7552,2,0,3,3,2,3,1,0,0,2,1,0,2,2,2,1,2,2,1,2,1,32
7553,0,1,0,1,2,0,2,1,1,1,0,3,2,3,2,2,0,1,1,2,0,25
7554,3,1,0,2,0,3,1,2,0,3,1,0,1,1,2,0,2,2,3,0,0,27
7555,0,3,2,1,2,2,1,1,2,1,3,0,2,2,2,0,2,0,2,2,1,31
7556,3,3,3,0,3,3,0,2,0,2,0,2,1,0,2,1,0,2,0,2,2,31
7557,2,0,0,0,1,3,0,3,2,3,3,0,0,3,1,0,1,1,0,3,0,26
7558,3,2,3,0,0,3,1,1,0,3,0,3,0,2,0,2,3,2,0,3,2,33
7559,0,1,2,3,1,2,0,0,3,1,2,0,0,0,3,2,0,3,1,3,0,27
7560,3,3,3,0,3,3,1,3,3,0,3,2,1,1,0,3,1,3,2,0,2,40
7561,1,2,3,0,2,3,3,0,1,0,0,2,3,2,2,3,0,3,1,3,0,34
7562,0,0,1,1,1,1,0,3,2,0,0,2,1,2,3,0,3,2,0,0,0,22
7563,2,2,2,0,3,2,3,3,1,2,3,1,1,3,3,2,1,2,1,2,2,41
7564,1,2,2,3,1,2,1,0,1,0,2,0,1,3,1,1,0,3,0,3,3,30
7565,3,1,3,3,3,1,0,3,0,0,1,0,2,2,2,3,3,2,3,3,1,39
7566,0,0,3,1,3,1,2,1,0,3,2,3,1,2,2,0,2,0,3,1,2,32
7567,0,3,1,0,2,2,1,1,1,3,1,3,3,1,0,1,0,0,1,3,2,29
7568,3,1,1,2,2,3,2,0,0,2,1,1,0,1,1,1,2,3,0,3,2,31
7569,2,2,1,0,3,0,2,2,3,0,0,0,0,2,2,2,2,3,1,2,1,30
7570,3,0,1,1,3,0,0,2,3,0,3,1,1,2,0,0,3,0,1,0,2,26
7571,3,1,1,2,0,1,2,0,3,0,2,0,2,2,2,2,0,2,3,0,2,30
7572,3,1,3,1,1,1,1,2,0,3,3,0,2,0,1,1,1,3,3,1,0,31
7573,3,1,2,2,0,3,2,0,1,0,3,3,1,1,0,2,2,3,3,1,2,35
7574,3,0,1,0,2,1,0,0,1,2,3,3,3,0,1,0,1,2,2,0,2,27
7575,1,3,0,1,1,0,1,0,2,0,3,2,1,1,1,3,3,0,0,1,3,27
7576,0,0,2,1,1,2,0,1,2,1,0,0,1,1,0,3,1,3,1,0,1,21
7577,3,1,0,0,3,3,1,2,0,3,1,0,3,0,1,2,1,0,3,3,3,33
7578,2,0,3,3,3,2,3,0,2,0,1,2,3,1,1,3,0,2,2,0,3,36
7579,0,2,2,1,0,0,1,3,3,1,0,0,3,3,1,1,0,3,0,3,1,28
7580,2,0,0,1,3,1,2,2,3,0,1,1,2,1,3,3,1,2,1,2,3,34
7581,3,2,3,1,2,3,1,1,1,2,3,2,2,0,1,1,1,1,0,0,2,32
7582,1,3,3,2,0,3,1,1,3,0,2,2,0,2,1,1,1,2,0,1,2,31
7583,2,3,1,2,1,0,3,2,0,3,0,1,3,2,1,1,0,1,2,3,1,32
7584,3,1,2,1,2,1,3,3,1,2,0,0,1,2,3,2,0,3,1,0,0,31
7585,3,3,0,3,2,2,2,2,0,3,2,1,0,2,1,2,0,0,1,0,3,32
7586,1,2,0,1,1,1,1,1,2,0,1,0,0,0,0,3,0,3,3,3,0,23
7587,0,2,1,3,1,1,3,0,2,3,2,2,2,2,0,1,2,0,0,2,1,30
7588,2,0,3,2,3,1,3,1,3,2,3,0,1,1,0,1,3,3,2,3,1,38
7589,0,2,1,2,3,1,2,3,0,3,3,2,3,3,3,2,3,1,3,1,0,41
7590,2,1,3,1,3,0,2,2,2,1,3,3,3,0,0,2,1,1,1,0,0,31
7591,1,2,1,1,0,2,0,3,3,3,1,2,1,0,1,3,2,3,2,1,0,32
7592,0,1,1,1,2,2,2,3,1,0,1,2,2,1,2,1,1,0,3,3,2,31
7593,3,1,2,3,3,2,3,3,0,0,1,3,0,2,1,3,3,3,1,0,2,39
7594,2,3,0,1,2,2,1,2,3,1,3,1,1,0,0,2,1,3,1,2,2,33
7595,2,3,1,0,3,0,3,3,3,1,1,1,2,1,3,3,2,0,0,0,2,34
7596,2,1,2,0,0,3,0,3,1,1,2,3,3,3,1,0,2,2,1,2,3,35
7597,2,0,3,1,1,3,3,1,2,3,3,1,1,1,2,1,0,1,2,2,1,34
7598,3,1,1,1,0,1,3,0,3,1,2,3,0,3,1,1,2,2,3,1,2,34
7599,3,2,2,0,0,3,0,3,2,1,3,1,2,2,0,1,3,1,2,1,1,33
7600,0,0,2,0,0,1,0,2,0,3,0,2,3,3,0,2,2,0,3,1,2,26
7601,3,0,2,2,2,2,1,1,2,2,2,2,0,2,0,0,3,3,3,3,3,38
7602,0,3,2,0,1,0,1,2,3,0,0,1,0,1,1,1,3,1,2,2,1,25
7603,2,3,1,3,1,3,0,2,0,2,0,2,2,2,1,1,2,0,2,3,3,35
7604,1,0,0,2,1,2,0,2,1,3,2,3,1,3,0,1,1,1,0,1,0,25
7605,2,1,3,1,2,2,3,0,0,2,0,1,0,0,1,3,0,0,2,3,3,29
7606,0,3,2,2,3,1,1,0,3,3,2,3,2,3,3,1,2,1,3,0,1,39
7607,3,2,3,3,3,1,3,3,2,2,3,2,3,0,0,1,1,2,0,0,3,40
7608,3,0,2,1,3,0,3,0,3,2,3,0,0,0,1,0,0,1,2,1,1,26
7609,1,2,1,1,2,3,0,1,3,1,2,3,0,0,2,0,2,2,0,1,1,28
7610,2,2,3,0,2,2,2,0,0,3,0,0,0,0,2,1,3,3,2,0,0,27
7611,1,1,2,2,2,3,0,3,3,3,2,2,0,1,3,2,2,0,0,0,2,34
7612,2,1,0,3,0,0,2,2,0,0,3,1,2,0,3,0,0,3,3,2,1,28
7613,3,3,2,1,2,0,0,1,0,0,1,0,3,2,3,2,3,1,2,3,3,35
7614,0,0,1,1,0,2,1,3,0,3,1,0,3,0,0,3,2,3,1,1,1,26
7615,2,2,0,0,1,0,1,1,1,3,2,2,1,1,0,1,0,3,2,3,0,26
7616,0,1,0,2,3,3,0,2,2,1,1,1,3,1,0,1,3,3,3,0,1,31
7617,0,3,1,0,3,3,0,0,1,1,3,2,1,1,0,0,0,1,3,3,1,27
7618,3,3,2,2,1,0,0,3,1,0,1,1,0,2,0,0,2,3,1,0,2,27
7619,0,3,3,2,3,3,0,1,0,0,0,0,1,2,1,0,3,0,2,1,2,27
7620,2,0,0,2,2,3,2,1,2,2,0,1,0,2,0,3,3,3,0,1,2,31
7621,2,2,3,1,1,2,1,1,1,3,0,2,3,3,3,2,1,0,2,3,1,37
7622,2,1,1,3,1,0,2,3,3,1,2,3,2,2,3,3,2,3,3,2,3,45
7623,2,1,0,2,0,2,1,2,2,3,1,3,1,1,2,1,1,2,2,3,3,35
7624,3,3,2,1,1,0,3,1,2,1,1,2,2,3,0,2,0,2,0,3,3,35
7625,3,3,3,0,2,3,1,3,2,0,1,1,2,0,1,0,2,2,1,1,0,31
7626,3,1,3,0,1,2,0,2,0,0,0,1,2,1,0,0,0,2,1,3,1,23
7627,2,0,1,2,2,2,0,3,2,3,2,2,1,2,3,2,2,0,1,0,0,32
7628,2,1,1,2,1,2,0,2,0,1,0,1,1,0,1,0,0,0,2,2,2,21
7629,0,0,0,3,1,2,1,0,0,1,3,3,3,1,0,1,1,0,1,3,2,26
7630,3,1,3,3,1,0,3,3,3,1,0,3,1,2,1,2,3,2,0,1,2,38
7631,2,1,1,1,0,0,2,1,2,2,2,2,3,0,2,2,3,2,0,3,0,31
7632,3,0,3,3,2,0,1,2,0,1,1,3,3,2,0,0,0,2,3,2,3,34
7633,2,0,2,2,0,1,1,1,0,3,3,3,0,0,3,0,3,2,0,0,0,26
7634,1,0,2,0,3,3,0,2,1,3,2,0,1,3,3,0,2,3,3,3,1,36
7635,0,3,3,3,1,2,2,3,3,3,0,1,1,0,2,1,2,0,3,3,0,36
7636,3,1,2,3,2,1,3,1,1,0,2,1,3,3,2,0,3,3,1,3,2,40
7637,1,3,1,2,1,0,1,0,3,0,3,2,2,0,3,3,2,2,2,0,2,33
7638,0,1,2,2,0,1,0,3,2,2,2,0,2,1,0,3,0,2,2,0,3,28
7639,1,1,2,3,0,2,1,1,3,3,0,1,1,1,2,1,3,1,2,1,0,30
7640,1,2,3,3,3,3,3,1,2,1,0,0,2,2,0,1,0,2,2,1,1,33
7641,0,3,0,1,1,3,1,2,1,1,2,1,2,1,2,0,0,0,0,1,0,22
7642,3,3,0,1,1,0,3,0,0,2,1,1,2,1,2,2,0,1,3,1,0,27
7643,2,2,1,3,0,3,0,1,0,3,1,1,3,0,2,0,1,2,0,0,2,27
7644,0,3,3,1,3,3,0,2,0,0,2,3,3,0,3,1,1,0,2,3,1,34
7645,2,2,0,2,0,0,2,3,2,2,1,2,3,2,0,2,3,3,2,3,1,37
7646,2,1,2,2,2,0,0,3,3,1,0,3,1,1,2,3,1,0,2,2,0,31
7647,0,1,0,3,0,3,0,3,0,0,1,1,1,1,1,1,1,0,1,3,2,23
7648,1,2,1,2,2,3,3,3,1,2,1,1,3,0,0,0,3,3,3,3,0,37
7649,2,2,3,3,2,2,0,0,0,0,2,2,0,2,3,2,2,2,2,3,1,35
7650,2,2,2,2,1,1,2,1,0,2,2,2,2,1,1,0,0,2,2,1,0,28
7651,3,1,2,0,3,3,0,1,0,3,2,0,1,2,3,3,2,2,1,3,2,37
7652,3,2,3,1,1,2,0,3,3,0,3,0,2,2,2,3,2,1,3,1,0,37
7653,1,3,2,2,3,2,3,2,1,3,3,3,1,0,1,0,2,0,3,2,2,39
7654,3,3,0,2,1,0,0,1,3,3,3,1,2,0,3,3,1,0,0,2,0,31
7655,2,1,3,0,1,0,1,3,1,0,0,3,3,3,2,0,2,3,1,2,2,33
7656,1,2,2,2,2,0,1,0,1,1,3,2,0,3,2,0,3,2,1,0,1,29
7657,1,0,3,2,0,2,1,0,0,3,1,2,2,1,0,2,3,2,3,0,1,29
7658,2,1,3,1,0,2,0,1,0,2,1,3,0,0,0,2,1,2,1,2,3,27
7659,0,2,3,2,3,2,3,1,3,1,2,1,0,0,1,1,1,3,3,0,1,33
7660,1,3,1,0,0,0,3,2,0,1,3,2,0,3,3,3,0,2,1,3,3,34
7661,0,1,3,2,1,0,3,1,0,2,3,3,1,3,1,3,0,3,0,2,1,33
7662,2,0,1,0,3,0,3,1,1,1,1,1,0,0,1,3,1,3,0,1,1,24
7663,1,1,2,0,1,1,0,3,2,3,2,0,0,2,1,0,2,0,1,1,0,23
7664,2,1,0,3,1,0,3,0,2,3,1,0,1,3,3,0,0,1,0,3,1,28
7665,2,3,1,2,1,1,1,3,1,1,1,1,0,1,3,0,1,3,0,3,1,30
7666,3,0,1,3,1,1,3,0,3,1,3,3,0,3,1,3,0,2,1,0,2,34
7667,0,1,1,3,3,3,3,3,2,2,3,0,2,3,1,3,3,0,0,0,2,38
7668,3,0,2,1,0,1,0,0,3,3,1,2,2,2,2,3,3,0,1,2,3,34
7669,3,0,2,0,3,0,1,3,0,1,2,1,0,0,2,1,0,1,0,1,1,22
7670,3,1,3,1,0,1,2,0,3,3,0,3,3,2,0,1,0,2,1,1,1,31
7671,0,0,3,0,2,3,0,3,1,2,0,3,0,0,2,3,1,0,3,1,2,29
7672,2,3,2,0,3,3,3,0,1,3,3,0,3,2,3,1,3,0,1,3,0,39
7673,2,3,2,0,2,2,2,3,3,0,0,3,1,2,2,3,0,3,1,0,3,37
7674,0,2,0,1,2,2,0,2,0,1,1,2,2,3,1,0,3,3,2,1,0,28
7675,2,0,0,0,2,2,1,3,2,1,0,1,3,0,0,0,1,2,3,1,2,26
7676,3,1,2,0,3,1,1,1,0,0,1,1,1,3,3,2,1,3,3,3,3,36
7677,0,1,1,2,3,1,1,0,1,1,1,3,1,0,0,3,1,2,1,0,0,23
7678,3,0,0,0,1,0,2,3,2,3,2,2,1,0,1,2,2,1,0,2,3,30
7679,3,2,0,3,3,1,3,2,3,1,2,3,1,0,3,1,3,0,0,1,3,38
7680,0,1,2,2,3,0,3,3,2,1,3,3,2,3,1,1,0,2,1,3,2,38
7681,1,1,0,3,2,1,0,3,1,0,3,0,2,2,2,2,0,1,2,1,0,27
7682,0,0,0,1,3,3,1,1,1,2,3,1,3,0,3,1,2,1,0,2,0,28
7683,1,1,0,3,2,1,3,3,0,1,2,3,2,0,0,2,3,2,1,0,0,30
7684,0,0,0,0,0,1,0,1,0,0,0,0,0,1,0,0,0,1,0,1,1,6
7685,0,0,1,1,0,0,1,1,1,1,1,0,0,0,1,0,0,1,1,1,0,11
7686,1,1,0,0,1,1,1,0,0,1,0,1,1,1,1,0,1,1,0,1,1,14
7687,1,1,1,1,0,1,1,1,0,0,1,1,1,1,0,0,0,1,0,0,1,13
7688,0,1,1,0,0,0,1,0,0,0,1,1,1,0,1,0,0,1,1,0,1,10
7689,1,1,1,0,1,1,1,1,1,1,1,0,0,1,0,0,0,0,0,0,0,11
7690,1,0,1,0,1,1,0,0,1,1,1,1,0,0,0,1,0,0,0,1,1,11
7691,1,1,1,0,1,0,1,0,1,0,0,1,1,1,1,0,0,1,0,0,1,12
7692,0,0,0,1,1,1,0,1,1,0,1,0,1,0,0,1,0,1,1,0,1,11
7693,0,0,1,1,0,0,1,0,0,0,1,0,0,0,1,0,0,0,1,1,1,8
7694,0,1,1,0,1,1,1,1,0,0,0,1,0,1,1,1,0,1,1,1,0,13
7695,0,0,1,1,1,0,0,1,0,1,1,0,0,0,0,0,1,1,1,1,0,10
7696,1,0,1,1,0,0,1,1,0,0,0,1,0,1,1,1,1,1,0,0,0,11
7697,0,0,1,0,0,1,0,1,0,0,1,1,0,0,0,1,0,0,1,1,0,8
7698,0,1,0,1,1,1,1,0,1,1,1,0,1,0,1,1,1,1,1,1,0,15
7699,1,1,1,0,1,0,1,0,1,1,1,0,1,0,0,0,1,0,1,1,0,12
7700,1,0,1,0,1,0,1,1,1,0,1,1,0,1,1,1,1,0,1,0,1,14
7701,1,1,0,1,0,1,1,1,1,1,0,1,1,1,0,0,0,1,0,1,0,13
7702,1,0,0,0,1,1,1,1,0,0,0,1,0,0,0,1,0,1,0,1,1,10
7703,0,0,1,0,0,1,1,0,0,0,0,0,1,0,0,1,1,0,1,0,0,7
7704,1,0,0,0,0,0,1,1,0,1,0,0,1,0,0,1,1,0,0,1,0,8
7705,0,1,1,1,1,0,0,0,0,1,0,0,0,0,0,0,0,0,0,0,1,6
7706,0,0,0,1,0,1,1,1,1,1,1,0,1,0,0,0,0,0,1,0,1,10
7707,0,0,0,1,0,0,0,1,0,0,1,0,1,0,1,0,0,1,1,1,0,8
7708,0,1,1,0,0,0,1,1,1,0,1,1,1,0,1,0,1,1,0,1,1,13
7709,0,1,1,1,1,0,1,0,0,1,1,1,1,0,0,1,0,0,1,0,0,11
7710,1,1,0,1,1,1,0,0,1,1,1,0,0,1,1,0,0,0,0,0,1,11
7711,1,1,0,1,1,1,1,0,0,1,1,1,1,1,1,1,0,0,0,0,0,13
7712,0,0,0,1,0,1,1,0,1,0,1,1,1,0,1,1,1,1,0,1,0,12
7713,0,0,1,0,0,0,1,0,0,0,0,1,0,0,1,1,0,0,0,0,0,5
7714,1,1,1,1,1,0,1,0,1,0,1,0,1,1,0,1,0,1,1,0,1,14
7715,1,0,0,0,0,1,0,0,0,1,1,0,0,0,1,0,0,1,1,0,1,8
7716,1,1,1,1,1,1,1,0,0,0,1,1,1,0,1,1,1,0,0,1,0,14
7717,1,0,0,1,1,1,1,0,0,0,1,1,1,0,0,1,0,1,0,1,1,12
7718,0,1,0,0,1,0,1,1,1,1,1,1,1,0,0,1,1,0,0,1,0,12
7719,1,0,1,1,1,1,0,1,0,1,1,0,0,1,1,1,0,0,1,1,0,13
7720,0,1,0,1,0,0,0,1,1,1,0,0,0,1,1,1,1,0,0,1,1,11
7721,0,0,0,0,1,1,0,1,1,0,1,0,1,0,1,1,1,1,0,1,0,11
7722,1,1,0,1,1,0,1,1,1,0,1,0,0,1,0,0,1,1,0,0,1,12
7723,0,0,0,1,1,0,0,0,1,1,1,1,1,1,0,1,1,0,1,0,0,11
7724,0,1,1,0,1,1,1,0,1,1,0,0,1,0,1,1,1,0,0,1,0,12
7725,0,1,1,0,1,0,0,0,1,1,0,0,1,0,0,0,1,1,1,1,0,10
7726,0,0,1,0,0,0,0,0,1,0,1,1,0,0,1,0,0,1,1,1,0,8
7727,1,1,1,1,0,1,1,0,0,0,1,0,0,0,1,0,0,0,0,1,0,9
7728,1,0,0,1,1,1,0,1,1,1,1,1,0,0,0,0,0,1,0,1,0,11
7729,0,1,1,1,0,0,0,0,1,0,1,0,0,0,1,0,1,1,1,0,0,9
7730,0,1,1,0,1,1,1,1,0,0,1,0,0,0,0,1,0,0,1,0,1,10
7731,1,1,0,1,0,0,1,0,0,0,0,1,0,0,1,1,1,1,1,1,1,12
7732,0,1,0,1,1,0,1,0,1,0,0,1,1,1,0,0,1,1,0,1,1,12
7733,1,1,1,1,0,0,0,1,1,1,1,1,0,0,1,1,1,0,0,0,0,12
7734,1,1,1,0,0,1,0,1,1,0,1,0,0,1,0,0,0,1,1,1,0,11
7735,1,0,0,0,0,0,1,0,0,1,1,0,1,1,1,1,1,0,1,1,0,11
7736,1,0,0,1,0,1,0,0,1,0,0,0,1,1,0,0,0,0,1,1,1,9
7737,1,0,1,0,1,1,0,0,0,0,0,0,1,1,1,1,0,0,1,1,1,11
7738,0,0,0,1,0,1,0,1,0,0,1,0,0,1,1,0,0,0,1,1,1,9
7739,0,1,0,0,1,0,0,1,1,0,0,0,0,0,1,1,0,1,0,0,0,7
7740,1,1,1,0,0,0,1,0,1,0,1,0,1,1,0,1,1,1,0,1,0,12
7741,0,0,0,1,0,0,1,0,0,1,0,0,0,1,0,1,0,0,1,0,0,6
7742,0,0,0,0,1,1,1,1,1,1,1,1,1,0,1,1,1,0,0,1,1,14
7743,0,0,0,1,1,0,0,1,0,1,0,1,1,1,0,1,1,1,0,0,1,11
7744,0,0,1,0,0,1,0,1,0,0,0,0,1,1,1,0,1,1,1,1,1,11
7745,1,0,1,0,0,1,0,1,1,0,0,1,1,1,1,0,1,1,0,1,1,13
7746,1,1,0,0,0,1,1,0,0,1,0,0,1,0,1,1,0,0,1,0,0,9
7747,0,1,1,0,0,0,1,0,1,1,0,1,1,1,0,0,1,1,0,1,1,12
7748,0,0,0,0,0,1,0,0,1,1,1,1,0,1,0,1,1,1,1,0,0,10
7749,1,1,1,1,1,0,0,1,1,0,1,0,0,0,1,0,1,1,1,1,1,14
7750,1,1,0,0,1,1,1,1,1,0,1,0,0,1,1,1,1,1,0,0,0,13
7751,0,0,0,1,1,0,0,0,0,1,1,1,1,0,0,1,0,0,1,1,1,10
7752,1,0,0,0,1,1,1,1,0,0,1,0,0,0,0,0,0,1,0,0,1,8
7753,0,0,1,0,1,1,1,1,1,1,1,0,0,0,0,0,0,0,1,0,0,9
7754,1,0,1,1,0,1,1,0,0,1,1,0,0,1,1,0,1,1,0,0,1,12
7755,0,1,0,1,0,1,1,1,0,0,1,1,0,0,1,0,0,1,0,1,1,11
7756,0,1,1,1,1,0,1,1,0,1,0,1,1,0,0,1,0,1,0,0,0,11
7757,0,1,0,1,0,0,1,1,1,0,1,1,0,1,0,1,1,1,0,1,0,12
7758,0,1,1,0,0,1,0,1,1,1,0,1,0,1,1,1,0,1,0,0,1,12
7759,1,1,0,0,0,0,0,0,0,1,0,1,1,1,1,0,1,0,0,1,0,9
7760,1,0,0,1,0,0,0,1,0,0,0,1,1,0,1,1,1,0,0,1,1,10
7761,1,0,1,1,0,0,1,0,0,0,0,1,1,1,1,0,0,0,1,1,1,11
7762,0,1,0,1,0,1,1,0,1,0,0,1,1,1,1,0,1,1,1,1,1,14
7763,1,0,1,0,0,1,0,1,0,1,0,0,0,1,1,0,1,0,0,0,0,8
7764,0,1,1,0,0,0,1,0,1,0,0,0,1,1,0,1,0,1,1,0,0,9
7765,1,1,1,0,0,1,0,1,1,0,0,0,1,1,1,1,1,0,0,1,1,13
7766,1,0,0,1,1,1,0,1,0,0,0,0,0,1,0,1,1,1,0,0,0,9
7767,0,1,0,1,0,0,0,1,1,1,0,0,1,0,1,1,0,0,0,1,0,9
7768,0,0,0,0,0,0,0,0,0,1,1,1,0,0,0,1,0,1,0,0,0,5
7769,1,0,0,1,0,0,1,1,1,0,0,0,0,1,0,0,1,0,0,1,1,9
7770,0,1,0,1,1,1,0,0,1,1,1,0,0,1,1,0,1,0,0,0,1,11
7771,0,0,0,0,0,1,0,1,1,1,0,0,1,0,1,0,1,0,1,0,0,8
7772,0,0,1,1,0,1,0,1,1,0,1,0,1,0,1,1,0,1,0,1,1,12
7773,0,1,1,0,0,0,0,0,0,1,1,1,1,1,1,1,0,1,0,0,1,11
7774,0,1,0,0,0,0,1,1,0,0,1,0,1,0,1,0,0,1,1,1,0,9
7775,0,1,0,0,1,0,1,1,0,1,0,0,1,0,1,0,0,1,0,1,1,10
7776,1,1,1,1,1,1,1,1,0,1,0,0,0,1,1,0,0,0,0,1,0,12
7777,0,0,0,0,0,0,1,0,0,1,0,0,0,0,0,0,0,1,0,1,1,5
7778,0,1,0,1,0,0,0,1,0,1,0,1,1,0,1,1,1,0,0,0,0,9
7779,0,0,1,0,1,1,0,1,0,1,0,0,1,0,0,1,0,0,1,0,0,8
7780,1,1,0,0,0,1,1,0,1,1,1,1,0,0,0,0,1,1,1,0,1,12
7781,0,1,0,0,0,1,1,0,1,1,0,0,1,1,0,1,0,0,1,1,1,11
7782,1,1,1,1,0,1,1,1,0,0,0,0,0,1,0,0,0,1,1,0,1,11
7783,1,1,0,0,0,1,1,0,1,0,0,1,1,0,0,0,1,1,0,0,0,9
7784,1,0,1,1,1,1,0,0,0,1,0,1,0,1,0,0,0,0,1,0,1,10
7785,0,0,1,0,0,1,0,1,1,0,1,1,0,1,1,1,1,0,1,1,1,13
7786,0,1,1,1,1,1,0,1,1,0,1,1,0,1,1,1,0,0,0,0,1,13
7787,0,1,0,1,0,0,0,1,1,1,1,0,1,1,0,1,0,1,1,0,1,12
7788,1,1,0,0,1,0,1,1,1,1,1,1,1,0,0,1,0,1,1,1,1,15
7789,0,1,1,1,1,1,0,0,1,0,1,1,0,1,1,1,0,0,0,1,1,13
7790,1,0,1,0,1,0,1,0,0,0,1,0,0,0,0,0,0,1,1,1,0,8
7791,0,1,0,1,1,0,0,0,0,1,1,0,0,0,0,0,0,0,1,1,0,7
7792,1,1,1,1,0,0,1,0,0,0,1,1,1,1,1,0,0,0,1,0,1,12
7793,1,0,1,1,0,1,0,1,1,1,1,0,0,1,0,0,0,0,0,0,1,10
7794,1,1,0,1,0,0,0,0,0,0,0,0,1,0,1,0,0,0,0,0,0,5
7795,0,1,1,0,1,0,0,0,0,0,0,0,0,0,1,0,1,1,0,0,1,7
7796,1,0,0,1,0,0,1,0,0,1,1,0,1,0,0,1,0,1,1,1,1,11
7797,0,1,1,1,1,0,0,0,1,0,1,1,0,0,1,0,1,1,1,1,0,12
7798,1,1,1,1,0,1,1,0,0,1,0,1,0,0,1,1,1,0,0,1,1,13
7799,0,1,0,1,1,0,0,1,1,1,1,1,0,0,1,1,0,1,1,0,1,13
7800,1,0,1,0,0,1,0,1,0,1,1,0,0,1,1,0,1,0,1,1,0,11
7801,1,0,1,0,0,1,0,1,1,1,1,1,0,1,1,1,1,1,1,1,1,16
7802,0,1,1,0,0,1,1,1,1,1,1,0,1,1,0,0,0,0,0,0,1,11
7803,1,0,1,1,0,0,0,1,1,1,0,0,1,0,0,1,0,0,1,0,0,9
7804,0,0,1,0,0,0,0,0,1,1,0,1,1,1,0,0,1,1,1,1,1,11
7805,0,1,1,0,1,0,1,0,1,0,1,1,1,1,0,1,0,1,0,0,0,11
7806,0,0,0,0,0,1,1,0,1,1,1,1,1,1,1,1,1,0,0,0,0,11
7807,1,1,1,0,1,0,1,1,0,0,1,0,1,1,0,1,1,1,0,0,1,13
7808,1,0,1,1,0,1,0,0,0,0,1,1,1,1,1,0,1,0,0,0,0,10
7809,0,1,0,1,0,1,1,0,0,1,1,1,1,1,0,1,1,0,0,0,0,11
7810,0,1,0,1,1,0,0,1,1,1,0,0,0,1,0,0,0,1,1,1,0,10
7811,0,0,1,0,0,0,1,0,1,1,0,1,0,1,0,0,0,0,0,0,0,6
7812,1,0,0,0,1,1,1,1,1,1,1,0,0,0,1,0,1,0,0,1,0,11
7813,0,1,0,0,1,0,0,1,1,1,1,1,0,1,1,1,0,0,1,1,1,13
7814,1,0,1,0,0,0,1,1,1,0,0,0,1,0,1,0,1,1,0,0,0,9
7815,0,0,1,0,1,1,1,1,0,0,0,1,1,0,0,0,0,1,0,1,1,10
7816,1,1,0,1,0,1,0,0,1,0,1,1,1,0,1,0,1,0,0,0,0,10
7817,1,1,1,0,0,0,0,1,0,1,1,0,1,1,0,1,0,0,1,0,0,10
7818,1,0,0,1,1,0,1,0,1,1,1,1,0,1,0,1,0,0,0,1,0,11
7819,1,1,0,1,1,1,1,1,0,0,1,0,1,1,1,0,0,1,1,1,0,14
7820,1,1,0,1,0,1,1,0,0,1,0,0,1,0,0,1,0,1,0,0,0,9
7821,1,0,1,0,0,1,1,1,0,0,1,1,1,0,1,0,1,1,0,0,0,11
7822,0,1,0,1,0,1,0,0,1,0,0,0,1,0,1,1,0,1,0,1,0,9
7823,1,1,0,0,1,1,0,1,0,0,1,0,1,1,0,0,1,0,0,0,1,10
7824,0,1,0,1,1,0,0,0,0,0,0,0,1,0,0,1,1,0,0,1,1,8
7825,1,1,0,0,0,0,0,1,1,0,0,0,0,0,0,0,0,1,1,0,1,7
7826,1,1,0,1,0,0,0,0,1,0,1,1,0,0,0,1,1,1,1,0,0,10
7827,1,1,0,1,1,1,0,0,1,1,1,0,0,1,1,1,1,0,0,1,1,14
7828,1,1,0,0,0,0,1,1,0,0,1,1,0,1,0,1,0,0,0,1,1,10
7829,1,1,0,1,1,1,1,0,1,1,0,0,1,0,0,1,1,1,1,1,0,14
7830,1,1,1,1,0,0,1,1,1,1,0,0,0,1,0,0,1,0,1,0,1,12
7831,0,1,0,0,0,0,1,0,1,1,0,1,1,0,0,1,0,1,0,1,1,10
7832,1,0,1,0,0,0,1,1,1,0,0,0,0,1,0,0,0,0,0,1,1,8
7833,1,0,1,0,0,1,0,0,0,0,1,1,1,0,0,1,0,1,0,0,1,9
7834,0,1,1,1,0,0,1,1,0,0,0,1,0,0,0,1,1,0,0,0,1,9
7835,1,0,0,1,1,1,1,1,1,1,1,1,1,1,0,1,0,0,0,1,0,14
7836,1,0,0,0,1,1,1,0,0,0,0,1,0,0,0,0,1,0,1,1,0,8
7837,0,0,1,0,0,1,1,0,1,0,0,1,0,0,0,1,1,1,0,0,1,9
7838,0,0,1,1,1,1,0,0,1,1,0,1,1,1,0,0,0,1,1,1,1,13
7839,1,1,0,1,0,1,0,1,1,0,0,1,0,1,1,0,1,0,1,0,0,11
7840,0,0,1,1,0,1,0,0,1,1,0,0,1,0,1,0,1,1,1,1,0,11
7841,1,1,1,1,0,1,0,1,1,1,1,1,1,0,1,1,0,1,0,0,0,14
7842,0,1,1,0,1,1,1,1,1,1,0,1,0,0,1,1,1,0,0,0,1,13
7843,0,1,1,0,1,1,1,0,0,0,1,0,1,1,1,0,0,1,0,1,1,12
7844,0,1,0,0,1,1,0,1,0,1,1,0,0,0,0,0,0,1,0,1,1,9
7845,0,1,1,1,0,1,0,1,0,1,1,1,1,1,0,0,1,1,1,1,0,14
7846,1,0,1,1,0,1,0,0,1,0,0,1,1,1,1,0,1,1,1,1,0,13
7847,0,1,1,0,0,0,1,0,1,1,1,1,1,0,1,1,1,0,0,0,0,11
7848,1,0,1,0,1,1,0,0,0,1,0,1,0,0,0,0,0,0,1,0,0,7
7849,0,1,1,0,0,1,0,0,0,0,0,1,1,1,0,1,1,1,0,0,1,10
7850,1,0,1,1,0,0,1,1,1,0,0,1,1,0,1,1,1,1,0,0,0,12
7851,1,1,1,0,0,0,0,0,1,0,1,1,0,1,0,1,1,0,0,0,1,10
7852,1,1,1,0,1,1,0,1,0,0,0,0,1,0,1,1,1,0,0,0,1,11
7853,0,0,0,1,1,1,1,0,1,1,0,1,0,1,0,0,0,0,1,1,1,11
7854,0,0,1,0,0,0,0,0,1,1,0,1,1,1,0,1,0,1,0,0,0,8
7855,1,1,0,1,0,0,1,1,1,0,1,1,0,0,0,0,0,0,0,0,0,8
7856,0,0,1,0,1,1,0,1,0,0,1,0,0,1,1,1,1,0,1,0,0,10
7857,1,1,1,0,0,0,1,1,1,1,0,1,1,1,0,1,1,1,0,1,0,14
7858,0,1,0,1,1,1,0,1,0,0,1,1,1,1,0,0,0,0,0,0,0,9
7859,0,0,1,1,0,0,0,0,1,0,1,0,0,1,1,0,1,0,1,1,1,10
7860,0,0,0,0,0,1,0,1,1,1,0,0,1,0,1,0,0,0,0,1,0,7
7861,0,1,1,1,0,0,0,1,1,0,1,0,1,0,0,0,1,0,0,1,1,10
7862,0,0,0,0,1,1,0,0,1,0,1,0,0,0,0,0,1,1,0,0,1,7
7863,0,0,1,0,0,1,1,1,0,1,1,1,0,1,1,1,1,0,1,1,0,13
7864,1,0,0,0,0,1,1,1,1,0,1,1,1,0,1,1,0,1,0,0,1,12
7865,1,1,1,1,0,0,1,0,1,0,1,0,0,0,1,0,0,0,1,0,0,9
7866,1,1,1,1,1,1,0,0,0,0,1,0,0,0,0,0,0,0,0,0,0,7
7867,0,1,1,1,1,1,0,1,1,1,1,0,1,1,0,1,0,0,1,0,1,14
7868,1,1,0,1,1,0,0,0,0,1,1,0,0,0,0,0,1,1,1,0,1,10
7869,1,1,0,1,1,0,0,0,1,1,1,0,0,0,1,0,0,1,1,0,1,11
7870,0,1,0,0,0,0,0,0,0,0,1,1,0,1,0,1,0,0,0,0,0,5
7871,1,0,0,1,1,1,1,1,0,1,1,1,0,1,1,1,0,0,0,0,1,13
7872,0,0,1,1,1,0,1,1,0,0,1,0,0,1,0,1,1,1,0,1,0,11
7873,1,1,1,1,0,1,1,0,1,0,0,0,0,0,0,1,0,1,0,1,0,10
7874,1,1,0,1,0,0,1,1,0,1,0,1,1,0,1,0,1,0,0,0,0,10
7875,1,1,0,1,1,0,0,0,1,1,0,0,1,0,0,0,0,0,1,0,1,9
7876,1,0,1,1,1,1,1,1,0,0,1,0,1,1,1,1,1,1,1,1,0,16
7877,1,0,1,1,0,0,0,0,0,0,0,0,1,0,1,1,1,0,0,1,0,8
7878,0,0,0,1,1,0,1,0,1,0,0,0,1,0,0,0,1,0,1,1,0,8
7879,1,1,0,0,1,0,1,1,0,1,0,1,0,0,1,0,1,1,0,1,1,12
7880,1,0,1,1,1,1,0,0,1,1,0,0,0,0,1,1,0,0,0,0,1,10
7881,1,1,1,1,0,0,0,1,0,0,1,1,0,0,0,1,1,0,0,0,1,10
7882,0,0,0,0,1,1,0,1,0,0,0,1,1,1,0,0,1,1,0,0,0,8
7883,0,1,0,1,1,1,1,0,0,1,1,0,1,1,1,0,1,1,1,1,0,14
7884,0,0,0,1,0,1,1,0,0,1,1,1,0,0,1,0,0,0,1,1,0,9
7885,0,0,0,1,1,1,1,0,0,0,0,1,1,1,0,1,1,0,1,0,1,11
7886,1,1,0,0,1,1,0,1,0,0,1,0,0,0,1,0,0,1,0,0,0,8
7887,0,1,1,1,1,1,0,1,1,0,1,0,0,1,1,1,1,1,1,0,1,15
7888,1,0,1,0,1,0,0,0,1,0,0,0,0,0,0,1,0,1,1,1,0,8
7889,1,1,1,1,1,0,0,1,0,1,0,1,1,1,0,0,0,0,0,0,1,11
7890,0,1,0,0,1,1,1,1,1,1,1,1,0,1,1,0,1,0,1,1,1,15
7891,1,0,1,1,0,0,0,0,0,1,1,1,0,0,0,1,1,1,1,0,0,10
7892,1,1,1,1,1,0,0,0,0,1,1,1,1,0,0,1,0,1,1,1,0,13
7893,0,0,0,1,1,0,0,0,1,0,1,1,0,0,1,1,1,0,0,1,1,10
7894,1,1,0,1,1,0,1,1,0,1,1,1,1,1,1,1,0,1,1,1,1,17
7895,1,1,1,1,1,1,0,0,0,0,1,1,0,1,1,1,1,0,1,0,1,14
7896,0,0,1,0,0,1,0,0,0,0,1,1,0,1,0,1,1,0,1,1,1,10
7897,1,0,1,1,1,0,0,1,0,1,1,0,0,0,0,1,0,0,1,0,1,10
7898,1,1,0,0,0,1,1,1,1,1,0,1,0,1,0,0,1,1,0,0,0,11
7899,0,1,1,0,1,1,1,0,1,0,1,1,1,0,0,0,1,1,1,1,0,13
7900,0,0,1,0,0,1,1,1,1,0,0,0,1,0,1,0,0,1,0,1,0,9
7901,0,1,1,0,0,0,1,1,0,0,0,0,1,1,0,1,1,0,0,1,0,9
7902,0,0,0,0,0,1,1,0,1,1,0,1,0,0,0,0,0,0,0,1,0,6
7903,0,0,1,0,1,1,0,1,1,1,0,0,0,0,0,1,1,1,1,1,0,11
7904,0,1,1,0,0,1,0,0,1,1,0,1,0,0,1,1,1,0,1,1,1,12
7905,0,0,0,1,0,1,0,1,0,0,1,1,0,0,1,0,0,0,1,1,0,8
7906,0,0,1,0,0,1,0,1,1,1,0,0,0,1,1,0,0,0,0,0,1,8
7907,1,0,0,0,0,0,1,1,1,1,0,1,0,0,1,0,0,0,1,0,0,8
7908,1,1,1,1,0,1,0,0,0,0,1,1,1,1,1,0,1,1,1,0,1,14
7909,1,1,1,0,0,0,0,0,1,1,0,0,0,0,1,1,1,1,0,1,0,10
7910,0,1,1,1,1,0,0,1,0,0,1,1,1,0,1,1,1,1,1,0,0,13
7911,1,0,0,0,1,0,1,0,1,0,1,1,0,0,1,0,1,1,1,0,1,11
7912,0,1,1,0,0,0,1,1,1,0,1,1,0,1,0,1,1,1,0,1,1,13
7913,0,0,1,0,1,1,1,0,1,0,0,0,0,0,0,1,0,0,1,0,0,7
7914,1,0,0,0,0,0,0,1,1,0,0,1,0,0,1,0,0,0,1,1,0,7
7915,0,1,0,1,1,0,1,0,0,1,1,1,0,0,1,0,1,0,1,0,1,11
7916,1,1,0,1,1,1,1,1,1,1,0,0,0,1,1,1,0,0,0,0,0,12
7917,1,1,1,0,1,1,0,0,1,1,0,0,1,1,1,0,1,1,0,0,1,13
7918,0,0,0,1,0,0,1,0,1,0,0,1,1,1,0,1,1,1,1,0,0,10
7919,1,0,1,0,1,1,1,0,0,0,0,0,1,1,0,1,0,0,1,1,1,11
7920,0,0,1,1,0,1,1,1,0,1,1,1,1,0,1,1,1,1,1,0,1,15
7921,1,1,0,1,0,1,0,1,0,0,1,0,0,0,0,0,1,1,1,1,0,10
7922,1,0,1,1,0,0,0,0,0,1,0,0,0,1,1,0,1,1,1,1,0,10
7923,0,0,1,1,0,1,1,0,0,0,0,1,1,0,1,1,1,1,1,0,1,12
7924,0,1,1,0,1,1,0,1,1,0,0,0,0,0,1,1,0,0,0,1,0,9
7925,1,0,1,0,0,1,1,0,0,0,1,0,1,1,1,0,0,1,1,0,0,10
7926,1,1,0,1,1,0,0,1,1,1,1,1,0,1,1,1,1,0,1,1,0,15
7927,1,1,1,1,1,0,1,0,0,1,1,1,1,0,1,0,1,1,1,1,1,16
7928,1,1,1,1,0,0,1,0,1,0,1,0,1,1,1,1,1,0,1,0,0,13
7929,0,0,0,1,1,1,0,1,0,1,1,1,1,1,0,0,0,1,1,0,0,11
7930,0,0,1,0,1,1,1,1,0,0,1,1,0,0,1,0,1,0,0,0,0,9
7931,1,0,0,1,1,1,1,1,0,0,0,1,0,0,0,0,0,0,1,0,0,8
7932,0,1,0,0,1,0,0,0,1,0,1,0,0,1,1,0,0,1,1,0,0,8
7933,1,1,0,0,1,1,1,1,1,1,1,0,0,1,0,1,1,1,0,1,0,14
7934,0,0,1,1,1,1,1,0,1,1,0,1,0,1,0,0,1,0,0,0,1,11
7935,0,1,1,1,0,1,0,1,1,0,0,0,0,0,0,1,1,0,0,0,0,8
7936,0,0,0,0,1,0,1,1,1,1,0,1,0,0,0,0,1,0,0,1,1,9
7937,0,0,1,0,0,1,1,0,1,0,1,1,1,0,1,1,1,0,0,1,0,11
7938,0,0,1,1,1,1,1,0,1,0,0,1,1,1,1,0,0,1,0,0,0,11
7939,0,0,1,0,1,0,0,0,1,1,1,0,0,0,0,1,0,0,1,0,0,7
7940,0,0,0,0,0,0,1,1,1,0,1,0,0,0,0,0,0,1,0,0,1,6
7941,1,1,0,1,0,0,1,0,1,1,0,0,1,1,1,1,0,1,1,0,0,12
7942,0,0,1,0,0,0,1,1,1,0,1,1,1,1,0,1,0,1,1,0,0,11
7943,0,1,0,1,1,1,1,0,1,1,1,1,0,1,0,1,1,1,1,1,0,15
7944,1,1,0,0,0,0,1,0,0,1,0,1,0,0,1,0,0,0,0,1,1,8
7945,1,0,0,1,1,1,0,1,1,0,1,0,0,0,1,1,0,0,1,1,0,11
7946,0,0,0,0,0,1,1,1,1,0,0,0,1,1,1,1,1,0,0,1,1,11
7947,1,1,1,1,1,1,0,0,1,1,1,0,1,1,1,1,0,1,0,1,1,16
7948,0,0,0,1,1,0,0,1,0,1,0,0,0,0,1,1,0,0,0,0,0,6
7949,0,1,0,0,0,1,0,1,0,1,0,0,1,0,1,1,1,1,0,1,1,11
7950,1,1,1,1,0,1,0,1,1,0,1,0,0,1,0,0,0,1,1,1,0,12
7951,0,1,1,1,0,0,1,0,0,1,1,1,1,0,0,0,1,0,0,1,1,11
7952,1,1,0,0,0,0,0,0,1,0,0,0,0,1,0,1,1,1,0,0,1,8
7953,0,0,0,0,0,0,1,1,1,0,0,0,0,1,0,0,0,0,1,0,0,5
7954,0,0,1,0,1,0,0,0,1,1,0,1,1,1,0,1,0,1,0,0,0,9
7955,0,1,0,1,0,0,0,0,1,0,1,0,0,1,1,1,0,0,0,1,0,8
7956,1,0,1,1,1,1,1,0,1,0,0,1,1,1,1,1,0,0,0,0,0,12
7957,0,1,1,1,0,0,1,1,1,1,0,1,0,1,1,0,1,0,1,0,1,13
7958,1,0,0,1,0,0,1,0,0,1,1,1,0,0,1,0,1,0,1,1,0,10
7959,1,0,1,1,1,0,0,0,0,0,1,0,1,0,0,0,0,1,1,0,0,8
7960,0,1,0,0,0,0,0,1,0,0,0,1,1,1,1,1,0,1,1,0,0,9
7961,1,1,1,0,1,1,1,1,1,1,0,1,0,1,0,1,0,1,1,1,0,15
7962,0,1,0,1,0,1,1,0,0,0,1,1,0,0,0,1,1,0,1,0,0,9
7963,0,1,0,0,0,1,0,0,0,1,0,0,1,0,0,1,0,1,1,1,1,9
7964,1,1,0,1,0,0,1,1,1,1,1,1,0,1,0,1,1,1,1,0,1,15
7965,1,0,0,1,1,0,1,0,0,1,1,0,1,0,0,1,0,0,1,1,0,10
7966,0,1,0,0,1,1,1,0,1,1,0,0,1,1,0,1,1,1,1,0,1,13
7967,0,0,0,0,1,1,0,0,0,0,1,0,0,0,1,0,0,1,1,1,0,7
7968,0,1,0,1,1,0,0,1,0,1,1,1,1,0,1,0,1,1,1,0,1,13
7969,0,1,1,0,1,1,0,1,0,1,0,0,1,1,0,1,1,1,1,0,0,12
7970,0,0,0,1,1,1,1,0,1,0,1,0,1,0,1,0,0,0,0,1,1,10
7971,0,0,0,1,1,1,1,0,0,1,1,1,0,1,0,1,0,1,0,0,1,11
7972,1,0,1,0,0,1,1,1,0,1,1,0,0,0,1,1,0,0,0,0,0,9
7973,0,1,0,0,1,1,0,0,0,1,1,1,0,0,1,0,1,1,1,1,1,12
7974,1,0,1,0,1,1,0,0,0,1,1,1,0,0,0,0,1,0,1,0,0,9
7975,1,0,0,1,0,0,0,0,1,1,0,0,0,0,0,0,0,0,0,0,1,5
7976,1,1,1,1,0,1,0,0,0,0,0,1,1,0,1,0,1,0,1,0,1,11
7977,1,0,1,1,1,0,0,0,1,1,1,0,1,0,1,0,0,0,1,1,1,12
7978,0,1,1,1,0,0,1,1,0,0,1,1,1,0,0,1,1,1,0,1,1,13
7979,1,0,1,1,1,0,1,0,1,0,1,1,0,0,1,0,0,1,1,1,0,12
7980,1,1,0,1,1,1,1,0,1,1,0,0,0,1,1,1,0,1,1,0,0,13
7981,0,1,0,0,0,0,0,0,0,1,0,0,1,1,0,0,0,0,1,0,0,5
7982,1,0,1,0,0,0,0,1,0,0,0,0,1,0,0,0,0,1,1,0,0,6
7983,0,0,1,1,1,0,1,1,1,0,1,0,0,1,0,0,1,1,1,0,0,11
7984,0,0,1,1,1,0,1,1,1,1,0,0,0,0,1,1,0,1,0,1,1,12
7985,1,0,0,0,1,1,1,1,0,0,1,0,0,1,1,0,1,0,0,0,0,9
7986,0,1,0,1,1,1,0,0,1,0,0,1,1,0,1,0,0,0,1,1,0,10
7987,1,0,1,1,0,0,1,1,0,0,0,0,1,0,0,1,0,0,0,0,0,7
7988,1,0,1,0,0,1,1,1,1,0,0,0,1,1,1,1,1,0,0,0,1,12
7989,0,1,0,0,0,1,0,0,0,1,0,1,0,1,1,0,1,0,1,0,0,8
7990,1,1,0,0,1,1,1,1,1,1,1,1,1,1,0,1,1,0,1,0,1,16
7991,1,0,0,1,1,1,1,1,1,0,1,1,1,0,0,0,0,0,1,1,1,13
7992,0,1,1,0,1,1,1,1,1,0,1,1,1,1,1,0,0,1,0,0,0,13
7993,1,1,1,0,1,0,1,1,1,1,0,0,0,0,0,1,0,1,1,1,1,13
7994,0,1,1,0,0,0,1,0,0,0,0,1,1,1,1,1,1,0,1,0,1,11
7995,0,0,1,0,1,0,1,0,1,1,0,0,0,1,0,1,0,0,0,0,0,7
7996,1,0,0,1,1,0,0,1,0,1,1,0,0,0,1,1,1,1,1,0,1,12
7997,0,0,1,0,1,0,1,0,0,0,0,0,1,1,0,0,1,1,0,0,1,8
7998,1,1,1,0,1,0,1,0,1,1,1,0,0,0,0,1,0,1,1,1,1,13
7999,0,0,1,0,0,0,0,1,1,1,1,1,0,1,1,1,0,1,1,1,1,13
8000,1,0,1,0,1,0,1,1,1,1,0,1,0,0,1,1,1,1,0,1,1,14
8001,1,1,1,1,0,0,0,1,1,0,1,1,0,0,1,0,1,0,1,1,1,13
8002,0,1,1,0,0,0,0,0,0,0,1,0,1,1,0,0,1,0,1,1,0,8
8003,0,1,1,1,0,0,0,1,0,0,0,1,1,1,1,0,0,1,0,0,1,10
8004,0,0,0,0,0,1,0,0,0,1,1,1,1,0,0,1,0,1,0,0,1,8
8005,0,1,0,1,0,1,1,0,1,1,1,0,1,0,1,0,0,1,1,1,1,13
8006,1,1,1,0,1,0,1,1,1,1,0,0,0,0,1,0,0,1,0,1,1,12
8007,1,1,1,0,1,1,1,1,1,1,1,0,1,1,0,1,1,1,1,0,0,16
8008,1,1,0,1,0,0,1,0,1,0,0,0,1,1,1,0,1,0,0,1,0,10
8009,1,0,1,1,1,0,0,0,1,1,0,1,1,1,1,1,1,1,1,0,0,14
8010,1,1,1,1,1,1,0,1,1,0,0,1,1,1,1,1,0,1,1,1,0,16
8011,0,0,0,0,0,0,1,1,1,1,1,1,0,0,1,0,1,0,1,1,1,11
8012,0,1,0,0,0,1,1,1,1,1,1,1,0,1,1,0,1,1,1,1,1,15
8013,1,0,1,0,1,0,0,1,0,0,1,0,1,0,1,0,0,0,1,1,0,9
8014,0,1,1,0,0,0,0,1,1,0,1,1,0,1,1,1,1,0,1,0,1,12
8015,1,1,1,1,1,0,0,0,0,0,0,1,0,1,1,0,1,0,0,1,0,10
8016,0,1,0,1,0,0,1,0,1,0,1,1,0,1,0,0,0,0,0,0,1,8
8017,1,0,1,0,1,0,0,0,1,1,1,1,0,0,0,1,1,1,0,1,1,12
8018,0,0,0,1,0,0,0,1,0,0,0,0,1,0,1,0,1,1,0,0,0,6
8019,1,1,1,1,0,1,1,0,1,0,1,0,1,0,0,0,0,0,0,1,0,10
8020,0,1,1,0,0,0,1,0,0,1,0,1,1,0,1,1,1,0,0,0,1,10
8021,0,0,0,0,1,1,0,0,0,1,0,0,0,1,1,1,1,1,1,1,0,10
8022,0,0,0,1,1,0,1,1,0,0,1,0,0,1,0,0,1,1,0,0,0,8
8023,0,0,0,1,1,1,0,0,0,0,0,0,1,1,0,1,1,1,0,0,0,8
8024,1,1,0,1,1,0,1,1,1,0,1,0,1,0,1,0,1,0,0,0,1,12
8025,1,1,0,0,0,0,1,0,0,0,1,0,0,1,0,0,0,0,0,0,0,5
8026,0,1,0,1,1,0,0,0,0,0,0,0,0,0,1,1,0,1,0,0,0,6
8027,1,1,1,1,1,1,1,1,0,0,0,0,0,0,0,1,0,1,1,0,1,12
8028,0,0,0,0,1,0,1,0,0,1,0,1,0,0,1,0,0,1,0,0,0,6
8029,1,1,1,1,1,0,1,0,0,1,1,0,0,0,0,1,0,1,1,1,0,12
8030,0,0,1,0,1,1,1,0,0,1,1,0,1,1,0,1,1,1,1,1,1,14
8031,1,1,1,1,0,0,1,1,0,0,0,1,1,1,0,0,0,0,1,1,0,11
8032,0,0,1,0,0,0,0,1,1,0,0,1,0,0,1,1,1,0,0,0,0,7
8033,1,0,0,0,1,0,1,0,0,0,0,1,0,0,0,0,1,0,1,1,1,8
8034,1,1,1,0,0,1,1,0,0,1,0,1,1,0,0,0,0,1,0,1,0,10
8035,0,0,0,0,0,0,1,0,0,0,0,0,0,1,1,1,1,1,0,1,0,7
8036,1,1,1,0,0,1,0,0,1,0,1,0,1,0,1,1,1,0,0,1,1,12
8037,0,1,1,0,1,1,0,1,1,0,1,1,1,0,0,0,1,0,0,0,1,11
8038,0,1,0,1,0,0,0,0,0,1,0,1,0,0,1,1,1,1,1,1,1,11
8039,0,1,1,1,1,1,1,1,0,0,1,0,1,1,1,1,1,0,1,1,1,16
8040,0,0,1,0,0,0,0,0,0,0,0,1,0,1,1,1,1,1,1,1,0,9
8041,1,0,1,0,1,1,1,0,0,1,0,1,0,1,0,1,0,0,0,1,0,10
8042,1,1,0,0,0,1,1,0,0,1,1,1,1,1,0,0,0,0,0,1,0,10
8043,1,0,1,1,1,1,1,0,1,0,0,0,1,0,0,1,0,0,0,0,1,10
8044,1,1,1,0,0,0,1,0,1,1,0,0,1,1,0,0,1,0,0,1,1,11
8045,0,1,0,0,1,1,1,0,1,0,0,0,1,1,1,1,1,0,1,1,1,13
8046,1,1,1,1,0,1,1,1,1,1,1,0,1,0,0,1,0,1,0,0,0,13
8047,0,1,1,0,0,1,1,1,1,1,0,0,1,0,1,0,1,0,1,0,1,12
8048,0,1,0,1,1,1,0,0,0,0,1,0,0,0,1,0,0,1,0,1,1,9
8049,0,1,0,1,0,1,1,0,1,1,1,1,0,0,1,0,1,0,1,1,0,12
8050,1,1,1,1,1,0,0,1,0,1,1,0,0,1,0,1,1,0,1,0,0,12
8051,0,0,1,0,0,0,1,0,0,1,1,1,1,0,0,1,1,0,0,1,1,10
8052,0,0,1,0,0,0,1,0,1,0,0,1,1,1,1,1,1,1,1,1,0,12
8053,1,0,1,1,1,1,1,1,1,0,0,1,0,1,0,0,1,0,0,0,1,12
8054,1,0,0,1,1,1,0,1,1,0,0,1,1,0,1,1,0,1,1,1,0,13
8055,0,1,0,0,1,0,0,0,0,1,0,1,0,1,0,1,0,0,0,0,1,7
8056,0,0,0,0,0,0,1,1,1,1,1,1,1,1,1,0,1,1,0,1,1,13
8057,1,1,0,1,0,0,1,1,1,1,1,1,0,0,1,1,0,0,0,1,1,13
8058,0,0,0,0,1,1,0,0,0,1,1,0,1,1,1,0,0,0,1,1,1,10
8059,0,0,0,0,1,0,1,1,0,0,0,0,1,0,1,0,0,0,1,1,0,7
8060,1,1,1,1,0,1,0,1,0,1,1,0,1,0,1,0,1,1,0,1,0,13
8061,0,1,0,1,1,1,1,0,1,1,0,0,0,1,0,0,0,1,0,0,0,9
8062,0,1,1,1,0,0,1,1,0,1,0,0,0,1,1,1,0,1,0,1,0,11
8063,1,1,0,1,1,0,1,0,1,0,0,1,0,1,1,1,0,1,0,0,0,11
8064,1,0,0,1,1,1,0,0,1,1,1,0,1,0,1,1,1,1,1,0,1,14
8065,1,0,1,1,0,1,1,0,1,0,1,0,1,0,0,0,0,1,1,0,0,10
8066,1,0,0,1,1,0,0,0,0,1,1,1,0,1,0,1,1,1,0,0,1,11
8067,0,0,0,0,0,1,1,0,0,0,1,1,0,1,1,0,0,0,0,0,0,6
8068,1,1,1,1,1,0,0,0,1,1,1,1,0,0,0,1,1,1,0,1,1,14
8069,1,0,1,1,1,1,1,1,0,0,0,0,1,0,1,1,0,1,1,1,0,13
8070,1,1,0,0,0,1,1,1,1,0,0,1,0,0,0,1,1,1,1,0,1,12
8071,1,0,0,1,1,0,0,1,0,0,0,1,1,1,1,1,1,1,1,0,1,13
8072,0,0,0,1,0,1,0,1,0,0,1,0,1,1,0,1,1,1,1,1,1,12
8073,1,0,0,0,1,0,1,0,1,0,0,1,1,1,1,0,0,1,1,1,1,12
8074,1,0,1,0,0,0,0,1,0,0,0,1,0,1,0,1,0,1,0,0,0,7
8075,0,0,0,1,0,1,1,1,1,1,1,0,0,1,0,0,1,1,0,0,1,11
8076,1,0,1,1,1,1,1,0,1,1,1,0,0,0,0,1,1,0,0,1,1,13
8077,1,0,0,0,0,0,0,1,0,1,0,1,0,0,1,1,1,1,0,1,0,9
8078,1,1,0,1,1,1,1,1,0,1,1,1,0,0,1,0,1,0,1,0,1,14
8079,0,1,0,1,0,0,1,1,0,0,0,1,0,0,0,0,1,1,1,0,0,8
8080,0,1,1,0,0,0,1,1,0,0,1,1,1,0,1,0,1,1,0,1,0,11
8081,1,0,1,0,0,0,0,1,0,0,1,0,1,1,0,0,0,1,1,1,1,10
8082,0,0,1,0,1,1,0,0,0,1,1,1,0,1,1,0,1,0,1,1,1,12
8083,1,0,1,0,0,1,1,1,1,0,1,0,0,0,1,1,0,1,1,1,0,12
8084,0,1,1,0,0,1,0,0,0,0,1,1,1,1,0,0,0,1,0,0,1,9
8085,1,0,0,0,0,1,0,0,0,0,0,0,1,0,1,0,1,0,0,1,0,6
8086,0,0,0,0,1,1,0,1,0,0,1,0,1,0,0,0,0,0,1,1,0,7
8087,0,0,1,0,0,0,1,1,1,0,0,1,0,1,1,1,0,1,0,1,1,11
8088,1,1,1,0,0,1,1,0,0,0,1,0,1,1,0,1,1,1,0,1,1,13
8089,0,0,0,1,1,1,1,1,1,0,0,0,0,1,1,1,0,1,1,1,1,13
8090,0,0,1,1,1,1,0,0,1,1,1,0,0,1,0,0,0,1,1,0,0,10
8091,1,0,0,1,0,0,1,0,1,1,0,0,1,1,0,1,1,0,0,0,1,10
8092,0,0,1,1,1,1,1,0,0,0,0,1,1,1,0,1,0,1,0,1,0,11
8093,1,0,1,1,0,1,0,1,0,1,0,0,0,0,0,0,1,0,0,0,0,7
8094,0,0,1,0,0,0,0,1,1,1,0,0,1,0,0,0,0,1,1,1,0,8
8095,1,0,1,0,0,1,1,1,1,1,1,1,0,1,1,1,0,1,0,1,0,14
8096,1,1,1,1,1,0,1,0,0,0,1,1,0,0,0,1,0,0,1,1,1,12
8097,0,0,1,1,0,0,0,1,1,0,1,0,0,1,1,0,1,0,1,1,0,10
8098,0,1,1,0,0,1,1,0,0,0,1,0,1,1,0,1,1,1,0,1,0,11
8099,1,0,1,0,1,0,1,0,1,1,1,1,0,0,1,0,1,0,1,0,1,12
8100,1,1,1,0,1,1,0,1,1,0,0,1,1,1,1,1,0,1,1,0,1,15
8101,0,0,1,0,0,0,1,1,1,0,0,0,1,1,0,0,1,1,0,0,0,8
8102,1,0,1,0,1,1,0,1,1,0,1,0,0,0,0,1,1,1,1,1,1,13
8103,0,0,0,1,0,1,0,1,1,1,1,1,0,1,0,1,0,0,1,1,0,11
8104,0,1,0,1,1,0,0,1,1,1,1,1,0,1,0,1,0,1,0,0,1,12
8105,1,1,1,1,0,0,1,0,1,0,1,1,0,1,0,0,1,1,1,0,1,13
8106,1,1,0,1,0,0,0,0,0,1,0,1,0,1,0,1,0,1,1,1,1,11
8107,0,0,1,1,1,0,0,0,0,0,1,1,0,1,0,0,1,1,0,0,1,9
8108,1,0,1,0,1,0,1,1,0,1,1,1,0,0,1,0,0,0,0,0,1,10
8109,1,1,0,0,0,0,1,0,1,0,1,1,0,0,1,1,1,0,0,0,1,10
8110,0,0,1,0,1,0,0,1,1,0,0,1,1,1,1,1,0,0,0,1,0,10
8111,0,1,1,0,1,0,1,0,0,0,0,1,1,1,0,0,1,1,0,0,0,9
8112,0,1,1,1,0,0,1,1,1,1,0,0,1,0,0,0,0,0,0,1,0,9
8113,1,0,1,0,0,1,1,0,1,1,1,0,0,1,0,1,1,0,1,1,0,12
8114,1,1,0,1,1,0,1,0,1,1,1,1,1,0,1,0,1,1,1,0,1,15
8115,1,1,1,1,1,1,0,1,0,0,0,0,1,1,0,0,0,0,0,0,0,9
8116,1,0,1,1,0,1,1,1,0,1,1,0,0,1,0,1,1,1,1,1,1,15
8117,1,0,0,0,0,1,0,1,1,1,0,1,1,0,1,1,1,1,0,1,1,13
8118,0,1,1,0,1,1,0,0,1,0,0,0,1,0,1,0,0,0,0,1,0,8
8119,1,1,1,1,1,1,0,1,1,1,1,1,1,0,1,0,0,1,1,0,0,15
8120,0,1,0,1,1,1,0,0,0,1,1,0,1,1,0,1,0,1,1,0,1,12
8121,1,0,1,1,0,0,1,0,1,0,0,0,1,1,0,0,1,0,0,0,0,8
8122,0,0,1,0,0,0,1,1,0,1,1,0,1,0,1,0,1,0,0,0,0,8
8123,1,0,0,1,1,1,1,0,1,0,1,1,0,1,0,0,1,0,0,1,0,11
8124,0,1,0,0,1,1,1,0,0,1,0,0,0,0,1,0,0,1,0,1,1,9
8125,1,0,0,0,1,0,1,1,0,0,0,0,1,1,1,0,1,1,0,0,1,10
8126,0,0,0,0,1,1,1,0,1,0,1,0,1,0,0,1,1,1,1,0,0,10
8127,1,1,1,1,1,0,1,1,0,0,0,0,1,0,0,1,1,1,1,1,1,14
8128,0,1,1,1,0,0,0,0,0,0,0,1,1,1,1,1,1,0,1,0,1,11
8129,1,1,1,0,1,0,1,0,0,1,0,1,1,0,1,0,1,0,1,1,1,13
8130,1,0,0,1,1,1,0,0,0,0,0,0,0,1,0,1,0,0,0,0,0,6
8131,0,1,0,1,0,0,1,1,1,0,1,0,0,1,1,0,1,0,0,1,1,11
8132,0,0,0,0,0,1,0,1,0,1,0,0,1,0,1,1,1,1,1,1,1,11
8133,0,1,1,1,1,0,0,0,0,1,0,0,1,1,0,0,0,0,1,1,0,9
8134,1,0,0,0,1,0,1,0,1,0,1,1,0,1,0,0,0,1,1,1,0,10
8135,0,0,0,0,1,0,0,1,1,0,1,0,0,1,0,0,0,0,1,1,1,8
8136,0,0,0,0,0,0,1,0,1,1,0,0,1,0,1,1,0,1,0,0,1,8
8137,1,0,0,0,1,0,1,0,1,0,0,0,0,0,0,0,0,0,1,1,0,6
8138,1,1,1,0,1,0,1,1,1,0,1,1,1,0,0,0,1,0,0,1,0,12
8139,0,0,1,0,0,0,0,1,0,1,0,0,1,0,0,0,0,0,1,1,0,6
8140,0,1,1,0,0,1,1,1,1,0,0,1,0,0,1,0,0,1,0,0,0,9
8141,0,0,0,1,0,0,0,1,0,1,0,1,1,0,0,1,1,1,1,0,0,9
8142,1,1,0,1,1,0,0,0,1,0,1,1,1,1,1,0,1,1,0,1,1,14
8143,1,1,0,0,1,0,0,0,0,1,1,0,0,0,0,0,1,1,1,1,0,9
8144,0,0,1,1,0,1,1,0,1,0,1,0,0,1,1,0,1,0,1,1,1,12
8145,0,1,1,0,1,1,1,0,0,0,0,1,1,0,0,1,0,0,1,1,0,10
8146,1,0,1,1,1,0,1,0,0,0,0,0,1,0,1,1,1,0,0,1,1,11
8147,1,0,0,0,0,0,1,0,0,1,0,0,0,0,0,0,0,0,1,0,1,5
8148,0,1,1,0,1,0,0,0,0,0,0,0,1,0,1,0,0,0,1,0,1,7
8149,0,0,0,1,1,0,1,0,1,0,0,1,1,0,0,1,1,1,0,1,0,10
8150,0,0,0,1,1,0,1,1,1,0,0,1,0,1,1,1,1,0,0,0,1,11
8151,0,1,1,0,1,1,1,0,1,1,1,1,1,1,1,0,0,1,0,0,0,13
8152,0,1,0,1,1,0,1,0,1,1,0,0,1,0,0,0,0,1,1,0,1,10
8153,0,0,1,0,0,1,0,1,0,0,1,0,0,1,0,1,1,0,1,0,0,8
8154,0,1,1,1,1,0,0,1,1,0,0,1,0,1,0,1,0,0,1,0,0,10
8155,1,0,1,0,0,1,1,0,0,1,0,1,1,1,0,1,0,0,0,0,0,9
8156,1,1,1,1,1,0,0,0,0,0,0,1,0,1,0,0,0,0,0,1,1,9
8157,0,0,1,0,1,0,0,1,0,0,0,0,1,0,0,1,0,1,0,1,1,8
8158,1,0,1,0,1,1,1,1,1,0,1,1,0,1,0,1,0,1,1,1,1,15
8159,0,1,0,0,0,1,0,0,1,1,0,0,1,0,0,1,1,1,0,0,1,9
8160,0,0,0,1,1,0,1,1,1,0,1,1,1,1,0,1,0,1,0,0,1,12
8161,0,1,0,0,0,0,0,0,1,0,0,1,1,1,1,1,1,0,0,1,0,9
8162,0,0,0,1,1,0,0,1,0,0,0,1,1,0,1,1,0,1,0,0,1,9
8163,0,1,1,1,1,1,0,0,1,0,1,1,1,1,1,1,1,0,0,0,1,14
8164,1,1,0,0,0,1,0,1,0,0,0,1,0,1,1,1,0,1,1,1,1,12
8165,1,1,1,0,0,1,0,0,0,1,0,0,0,1,1,0,1,1,1,0,1,11
8166,0,0,1,1,1,0,0,1,1,0,0,1,0,1,1,0,1,0,1,1,1,12
8167,0,1,1,0,0,0,1,1,0,0,0,0,0,0,1,0,1,1,1,0,1,9
8168,0,0,1,0,0,0,0,1,0,1,0,0,1,0,0,1,1,0,1,1,1,9
8169,1,0,0,1,0,1,0,1,1,0,1,0,0,1,0,1,1,1,1,0,1,12
8170,1,1,1,0,1,0,0,0,1,0,1,1,1,0,1,1,0,0,0,1,0,11
8171,0,1,1,1,1,1,0,0,1,1,0,0,0,0,0,0,1,0,0,0,1,9
8172,1,1,1,1,0,0,1,1,1,0,1,0,1,0,1,1,1,0,0,0,1,13
8173,0,1,0,0,1,0,1,1,0,0,1,1,0,1,0,0,1,0,0,1,1,10
8174,1,0,1,0,0,1,0,1,0,0,0,1,1,1,0,1,0,1,0,1,1,11
8175,0,0,0,0,0,0,0,0,1,1,0,1,0,1,0,1,0,0,1,1,1,8
8176,0,0,0,1,0,0,1,1,0,0,1,1,0,0,0,0,0,1,0,1,0,7
8177,1,1,1,0,0,1,1,0,0,1,1,1,0,1,0,0,0,0,0,0,0,9
8178,1,1,1,1,0,0,0,1,0,1,1,0,1,0,1,0,1,1,0,0,0,11
8179,0,1,1,1,0,0,1,0,0,0,0,1,0,1,0,0,1,1,0,1,1,10
8180,1,1,0,0,0,1,1,1,1,0,0,1,1,0,0,0,0,0,0,0,1,9
8181,1,0,1,1,0,0,1,1,0,1,1,1,0,0,0,1,0,1,0,0,1,11
8182,0,0,1,0,1,0,1,1,1,0,1,1,0,1,1,1,0,0,1,0,0,11
8183,0,1,1,1,0,1,0,1,0,1,0,0,0,1,1,0,1,0,0,0,1,10
8184,1,1,1,0,1,0,1,1,1,0,0,0,1,1,0,0,1,1,1,1,1,14
8185,1,1,0,0,0,0,1,0,1,1,1,1,0,1,0,1,0,0,0,1,1,11
8186,1,0,1,0,0,1,1,0,0,1,1,0,0,1,0,1,0,1,1,1,0,11
8187,0,1,1,0,0,0,1,0,1,1,1,0,1,0,1,0,1,1,0,0,0,10
8188,1,1,0,1,0,1,1,0,0,0,1,0,1,0,0,0,1,0,1,1,0,10
8189,1,1,1,0,1,0,1,1,1,1,1,1,1,1,0,0,0,1,0,1,1,15
8190,0,0,1,0,0,1,0,0,1,0,1,0,0,1,1,1,0,1,1,1,1,11
8191,0,0,0,1,0,0,1,0,1,0,1,1,0,1,0,0,0,0,0,0,0,6
8192,0,0,1,0,1,1,1,1,1,1,1,1,1,0,1,1,0,1,0,0,1,14
8193,1,1,1,1,1,0,1,1,0,1,1,1,0,1,0,1,0,0,1,0,0,13
8194,0,0,0,1,1,0,1,0,0,0,0,0,0,0,1,1,1,1,0,1,0,8
8195,0,0,0,1,0,0,1,0,0,1,0,1,1,0,0,1,1,0,1,0,0,8
8196,0,1,1,1,1,0,1,0,1,1,0,1,1,1,0,1,1,0,0,1,1,14
8197,0,1,0,0,0,1,1,0,1,0,1,1,0,0,1,0,0,1,1,1,0,10
8198,0,1,0,0,0,0,1,0,0,0,1,0,1,1,0,1,0,1,1,0,0,8
8199,0,1,0,1,0,0,0,0,1,0,0,0,1,1,0,0,1,0,1,0,1,8
8200,0,0,1,0,1,0,1,0,0,1,1,1,0,1,0,0,1,0,0,1,0,9
8201,0,1,0,1,0,1,0,1,0,0,0,0,1,0,1,1,1,1,0,0,0,9
8202,1,1,1,1,1,0,0,1,0,0,0,1,1,0,0,0,1,0,1,1,0,11
8203,0,0,0,1,0,1,1,0,0,0,0,1,1,1,0,1,1,1,0,1,0,10
8204,1,1,1,1,0,0,1,1,1,0,0,0,1,0,1,0,0,0,1,1,1,12
8205,1,1,1,1,1,0,0,1,1,1,0,0,0,1,1,1,0,0,1,0,0,12
8206,1,0,1,1,0,0,0,0,1,0,1,0,1,0,1,0,0,0,0,1,0,8
8207,0,1,0,1,1,1,0,1,0,1,0,0,1,1,0,1,0,1,0,1,1,12
8208,1,1,1,1,1,1,1,1,0,0,1,1,0,1,0,0,0,0,0,1,1,13
8209,0,1,1,0,0,0,0,1,1,0,0,1,0,1,0,1,1,1,0,1,0,10
8210,0,0,0,0,0,0,1,0,1,0,1,0,0,0,1,1,0,0,1,0,0,6
8211,1,1,1,0,0,1,1,1,1,1,1,1,0,0,0,0,1,0,0,1,0,12
8212,0,1,0,0,0,0,0,1,0,1,1,1,1,0,0,1,1,0,0,1,0,9
8213,0,0,1,1,1,1,0,0,1,0,1,0,0,0,0,1,0,1,0,0,1,9
8214,0,1,0,1,1,1,0,0,0,0,0,0,0,0,0,0,1,1,1,1,1,9
8215,0,1,1,0,0,0,0,0,1,1,1,0,0,1,1,1,1,1,1,1,1,13
8216,0,0,1,1,1,1,0,0,0,0,1,0,1,1,0,1,0,1,1,0,1,11
8217,0,1,1,1,1,0,0,1,1,1,0,0,0,1,0,1,0,1,1,1,0,12
8218,0,0,1,1,1,0,1,0,0,1,1,1,0,1,0,1,0,1,1,0,0,11
8219,1,1,0,1,0,0,1,1,0,1,1,0,0,0,0,0,1,0,0,0,1,9
8220,0,1,0,0,0,1,0,0,0,0,1,1,0,0,1,1,0,1,0,1,0,8
8221,0,1,0,0,0,0,1,0,0,1,0,0,1,0,1,1,0,1,1,1,1,10
8222,1,1,1,0,0,1,0,0,0,1,1,1,0,0,1,0,1,0,0,0,1,10
8223,1,0,0,1,0,1,0,0,0,0,0,0,1,1,1,0,1,1,1,1,1,11
8224,0,0,1,1,0,1,1,1,0,1,1,1,0,0,0,0,1,0,1,1,1,12
8225,1,1,1,1,1,1,1,1,1,0,1,0,0,0,1,1,1,1,0,0,1,15
8226,0,1,0,0,1,0,1,1,0,1,0,0,0,0,0,1,0,0,0,1,1,8
8227,0,0,1,1,0,1,0,1,0,1,0,1,0,0,1,0,0,0,0,0,0,7
8228,0,0,1,0,0,0,1,1,0,1,0,1,1,1,0,0,1,0,1,1,0,10
8229,1,1,1,0,0,1,1,1,1,1,1,1,1,0,1,0,0,0,0,0,1,13
8230,0,0,1,0,1,1,0,1,1,1,1,1,0,1,1,0,0,1,1,1,1,14
8231,1,0,1,1,1,0,0,0,0,0,1,1,1,1,1,1,0,1,1,1,1,14
8232,0,0,0,0,0,0,0,0,1,0,1,1,0,1,0,1,1,0,0,1,1,8
8233,1,0,0,1,1,0,0,1,1,1,0,1,0,0,1,0,1,0,0,1,0,10
8234,1,0,0,1,1,0,1,1,1,1,1,1,0,1,0,0,0,0,1,0,1,12
8235,0,1,1,0,0,0,0,1,0,0,1,0,1,0,0,0,0,1,0,1,0,7
8236,0,0,0,1,1,0,1,1,0,0,1,1,1,1,0,0,1,0,1,0,1,11
8237,1,1,1,1,1,0,1,0,1,0,0,0,0,1,1,1,0,0,0,0,1,11
8238,1,1,1,1,1,0,1,0,0,0,1,0,1,1,0,0,1,1,1,0,0,12
8239,0,1,1,1,1,0,0,1,1,1,1,0,1,0,1,0,1,0,0,1,1,13
8240,0,1,1,1,1,0,0,0,1,1,1,1,0,0,0,0,1,0,1,1,0,11
8241,1,0,0,1,1,1,1,0,0,0,0,0,0,1,1,1,1,0,1,1,1,12
8242,1,1,1,1,1,0,1,1,1,1,1,0,0,1,0,0,0,1,1,0,1,14
8243,1,1,1,1,1,1,0,0,0,0,1,0,0,1,0,0,1,0,1,0,1,11
8244,1,0,1,0,1,1,1,0,1,1,1,1,0,1,1,1,0,0,0,1,1,14
8245,1,1,0,1,1,1,0,0,1,1,1,1,1,0,0,1,1,1,0,1,1,15
8246,1,1,0,0,1,0,1,0,1,1,0,0,1,1,0,0,1,1,1,1,1,13
8247,1,1,1,1,0,1,0,0,1,1,0,1,0,1,1,0,0,1,1,1,1,14
8248,0,1,1,0,1,0,1,1,0,1,1,1,0,0,0,0,0,1,0,1,1,11
8249,0,1,1,1,1,0,0,0,1,1,0,0,1,1,0,1,1,1,0,0,1,12
8250,0,0,0,1,1,0,0,0,1,0,1,1,0,0,0,0,0,0,0,1,1,7
8251,1,0,0,0,1,0,0,1,0,1,1,1,1,0,0,1,1,1,0,0,1,11
8252,0,1,0,0,1,1,0,0,1,1,0,1,1,1,1,0,1,0,1,1,1,13
8253,1,1,1,0,0,0,0,0,1,0,1,1,0,0,1,0,0,1,0,1,0,9
8254,0,0,0,0,0,1,1,0,0,1,0,0,0,1,1,0,0,0,0,1,1,7
8255,1,1,0,0,1,0,1,0,0,1,1,1,1,0,0,0,0,0,0,1,0,9
8256,0,1,0,1,0,1,0,1,0,1,0,0,0,0,0,1,0,0,0,1,1,8
8257,1,0,0,1,1,1,1,0,1,1,1,1,1,0,1,1,1,1,0,1,1,16
8258,1,1,0,0,1,1,0,1,1,1,1,1,1,0,0,0,0,1,0,0,1,12
8259,1,1,1,1,1,1,0,0,1,1,0,1,1,1,1,0,1,0,1,1,0,15
8260,1,1,1,1,0,0,1,1,1,1,1,0,1,1,0,0,1,0,0,1,0,13
8261,1,0,1,1,0,0,1,0,1,0,0,1,1,1,1,0,1,0,0,1,0,11
8262,0,0,0,0,1,1,1,1,0,0,1,0,0,1,0,0,1,0,1,1,0,9
8263,1,1,1,0,1,0,0,0,1,0,0,0,1,0,1,0,0,0,1,0,1,9
8264,1,0,0,1,1,0,0,0,1,0,1,1,0,0,1,1,1,1,0,0,1,11
8265,1,1,0,0,1,0,1,1,1,0,1,0,0,1,0,0,0,1,0,1,1,11
8266,0,1,1,1,0,0,1,1,1,1,0,0,1,0,1,1,1,0,1,0,1,13
8267,0,0,0,1,0,0,0,0,1,0,1,1,1,1,0,0,1,1,0,0,0,8
8268,1,1,0,1,0,1,0,0,0,1,1,0,1,1,1,0,1,0,0,0,0,10
8269,0,0,0,1,0,1,1,1,0,1,1,1,1,1,1,1,1,1,1,0,0,14
8270,0,0,1,0,1,0,1,1,1,1,1,1,0,0,0,1,0,0,0,0,1,10
8271,1,1,0,0,1,1,1,1,0,0,1,0,0,0,0,1,1,0,0,0,1,10
8272,0,1,1,1,1,0,1,1,0,1,1,1,1,1,0,0,1,1,0,1,1,15
8273,0,0,0,0,1,0,1,1,1,0,0,1,0,0,1,1,0,0,0,0,0,7
8274,1,1,0,0,1,1,0,0,0,0,0,1,0,0,0,0,0,1,0,0,0,6
8275,0,1,1,1,1,1,1,0,1,0,0,1,1,1,0,0,0,1,0,0,0,11
8276,1,1,1,1,1,1,1,1,1,1,0,0,0,0,0,1,0,0,1,1,1,14
8277,1,0,1,1,0,0,1,1,1,1,1,1,0,1,1,0,1,1,1,0,1,15
8278,1,0,1,1,1,0,0,1,0,1,0,0,1,0,1,0,0,0,0,1,0,9
8279,1,1,1,0,1,1,0,1,0,1,1,1,0,1,1,1,1,0,0,0,1,14
8280,0,1,1,1,0,0,0,0,1,0,0,0,0,0,1,0,1,0,1,1,1,9
8281,0,1,1,0,0,0,1,0,1,0,0,0,0,1,1,1,1,0,1,0,1,10
8282,1,0,1,1,0,0,0,0,0,1,0,1,1,0,0,1,0,1,1,0,0,9
8283,0,0,0,1,1,1,1,0,1,1,0,1,0,0,0,0,1,0,1,0,0,9
8284,1,1,0,0,0,0,1,1,1,0,1,0,1,1,0,1,0,1,0,1,0,11
8285,1,1,0,0,1,0,1,1,0,1,0,1,1,0,0,1,0,0,0,1,1,11
8286,0,0,0,0,1,1,1,1,1,1,1,0,1,0,1,1,1,1,0,1,1,14
8287,0,1,0,0,1,1,1,0,0,1,0,0,0,1,0,1,0,0,1,1,0,9
8288,0,1,1,1,0,1,0,1,0,0,0,1,0,0,1,1,1,1,1,1,1,13
8289,1,1,0,1,1,1,0,0,1,1,1,1,1,0,0,1,0,1,1,1,1,15
8290,1,0,1,0,1,0,1,0,1,0,1,1,1,0,1,1,1,0,0,1,0,12
8291,0,0,1,1,0,1,0,0,1,1,1,0,1,0,1,0,1,0,0,0,1,10
8292,0,1,0,1,0,1,0,0,0,1,1,0,0,1,0,0,0,1,1,1,1,10
8293,0,1,0,0,1,0,0,0,0,0,0,1,0,1,0,1,1,0,1,0,1,8
8294,0,1,0,0,0,1,0,0,1,0,1,0,1,0,1,0,0,0,1,0,1,8
8295,0,1,1,1,0,0,1,1,1,1,1,0,0,1,1,0,0,0,1,0,1,12
8296,0,0,0,1,1,0,0,0,1,0,1,0,0,1,0,1,0,1,0,0,1,8
8297,1,1,1,0,1,1,0,0,1,0,1,1,0,0,0,1,0,1,1,0,1,12
8298,1,1,0,0,1,0,0,0,1,0,0,1,0,1,1,1,1,1,0,0,1,11
8299,0,1,0,0,1,0,1,1,0,0,1,0,1,0,0,1,1,0,0,0,1,9
8300,0,0,0,1,1,1,1,0,1,0,0,0,1,0,0,1,0,0,0,1,1,9
8301,0,0,0,1,1,0,1,1,0,0,1,1,1,0,1,1,1,1,1,0,0,12
8302,1,1,0,1,0,0,0,0,1,0,1,0,1,1,0,1,1,1,0,0,0,10
8303,0,1,1,1,1,1,1,0,0,0,0,0,0,1,1,1,0,0,0,1,0,10
8304,1,0,1,0,0,0,1,1,1,0,1,0,0,1,0,1,0,1,1,1,1,12
8305,1,1,1,0,1,1,1,1,0,0,1,1,1,0,0,1,1,1,0,0,1,14
8306,1,0,0,1,0,1,0,1,1,1,1,0,1,0,0,0,0,0,1,0,1,10
8307,1,1,1,0,0,0,1,0,1,0,0,1,1,1,0,1,1,1,0,0,0,11
8308,1,1,1,0,0,0,1,0,0,1,1,0,0,1,1,0,0,0,0,0,0,8
8309,1,0,0,1,1,1,0,1,1,0,0,1,1,1,1,1,0,1,1,1,0,14
8310,1,0,0,0,0,1,0,0,0,1,1,1,0,0,0,0,0,0,1,0,1,7
8311,0,0,0,0,1,1,0,0,1,1,0,0,1,0,1,1,0,1,0,0,0,8
8312,0,1,0,0,1,1,1,0,1,1,1,1,0,0,1,1,0,1,0,1,1,13
8313,0,1,0,0,0,1,1,0,0,0,0,0,0,0,0,1,1,1,0,0,0,6
8314,0,0,0,0,1,0,0,0,0,0,1,0,1,0,0,0,0,1,1,1,0,6
8315,0,0,1,0,0,0,0,0,0,1,1,1,0,1,1,1,1,1,0,1,0,10
8316,1,0,1,0,1,1,0,0,0,1,1,1,0,1,1,0,1,0,1,0,1,12
8317,1,1,1,1,0,1,0,0,1,0,0,1,0,0,1,1,1,0,0,0,0,10
8318,0,0,1,0,0,1,0,0,0,0,0,1,1,1,1,0,0,1,1,0,1,9
8319,0,1,1,0,1,1,1,1,1,0,0,1,0,1,0,0,1,0,1,0,0,11
8320,0,0,0,1,1,1,1,1,0,1,0,0,1,1,1,0,0,1,0,0,0,10
8321,0,1,0,0,1,1,1,1,1,0,0,1,0,0,1,1,1,0,1,0,1,12
8322,1,1,0,0,1,1,0,1,1,0,0,0,1,0,0,1,1,1,0,0,0,10
8323,0,1,1,0,0,0,0,0,1,0,0,1,1,0,0,1,0,0,1,1,0,8
8324,1,0,0,1,1,0,1,0,0,0,1,0,1,1,0,1,0,0,0,0,1,9
8325,0,0,1,0,0,0,0,1,0,0,1,0,1,0,0,1,0,1,0,1,1,8
8326,1,0,1,0,0,0,1,1,1,0,1,0,0,0,1,1,1,0,0,0,0,9
8327,1,0,1,1,1,1,1,1,0,1,0,1,0,1,0,0,1,1,1,0,0,13
8328,1,1,0,0,1,0,0,0,0,1,1,0,0,1,0,0,0,0,1,0,1,8
8329,0,0,1,1,0,1,0,1,0,1,1,0,0,1,1,0,0,0,0,0,1,9
8330,0,1,0,0,0,1,1,0,1,1,1,1,1,0,1,0,1,1,1,0,0,12
8331,0,0,1,1,1,1,1,0,0,1,0,0,1,0,1,1,0,1,1,0,1,12
8332,1,0,0,1,0,0,1,0,1,0,0,1,1,1,0,0,0,0,0,0,0,7
8333,1,0,0,0,1,0,0,0,1,1,1,1,1,1,0,0,1,0,0,0,0,9
8334,1,1,1,1,1,1,1,0,1,1,1,0,0,0,0,1,0,0,0,0,0,11
8335,1,0,0,0,0,0,0,1,1,1,1,1,0,1,1,1,1,0,1,1,1,13
8336,1,0,0,1,0,1,0,0,1,1,1,0,1,0,1,0,1,1,0,0,1,11
8337,1,0,0,0,0,1,1,1,0,0,1,0,0,1,0,0,0,1,1,1,1,10
8338,0,1,0,1,0,1,1,0,0,0,0,0,0,1,1,1,1,1,0,1,1,11
8339,0,1,1,1,0,1,1,1,1,1,1,0,0,1,1,1,1,1,1,1,0,16
8340,1,1,1,0,0,1,1,0,0,1,1,1,0,1,0,0,0,0,0,0,1,10
8341,1,1,0,0,0,0,1,1,1,1,0,1,1,0,0,0,1,0,1,1,0,11
8342,1,1,0,0,0,0,1,0,1,1,0,0,0,1,1,0,0,1,0,1,1,10
8343,1,0,0,1,0,0,0,1,0,0,1,0,1,0,0,1,1,0,1,1,0,9
8344,1,0,1,1,1,1,0,1,0,1,0,1,1,0,1,1,0,1,0,1,0,13
8345,1,1,0,1,1,1,1,1,1,0,0,0,1,1,0,0,1,0,1,1,1,14
8346,0,0,0,1,1,0,1,1,0,0,0,0,0,0,0,0,0,1,0,0,1,6
8347,1,1,0,1,1,1,0,1,0,1,0,0,0,1,1,1,0,1,0,0,0,11
8348,1,0,0,0,1,1,0,1,0,1,0,0,1,1,0,0,0,0,1,1,1,10
8349,0,1,0,1,1,0,0,1,1,1,1,0,0,1,0,1,1,1,1,0,1,13
8350,0,0,0,1,0,0,1,1,1,1,0,1,0,0,0,0,1,0,1,0,0,8
8351,1,0,0,1,0,1,1,0,0,0,0,1,1,0,1,1,0,0,0,0,1,9
8352,0,0,0,0,1,0,1,0,0,1,1,0,0,1,0,0,0,0,1,0,0,6
8353,1,1,0,0,1,0,1,0,0,0,1,1,1,0,1,1,0,1,1,1,0,12
8354,0,0,0,0,1,1,0,0,0,0,0,1,1,1,1,0,0,1,1,1,0,9
8355,0,0,0,1,0,1,1,0,1,0,0,1,0,1,0,1,0,1,0,1,1,10
8356,0,0,1,1,0,1,0,1,1,0,1,1,0,0,0,0,0,1,1,0,1,10
8357,0,1,0,0,0,0,0,1,1,0,1,1,0,0,0,1,1,1,1,0,1,10
8358,1,0,1,0,1,0,0,0,1,1,1,1,0,1,1,1,1,1,1,0,0,13
8359,1,0,0,0,0,0,1,1,1,0,0,0,0,1,1,1,1,1,0,0,1,10
8360,1,1,1,1,1,0,1,1,0,0,1,0,1,1,0,1,0,0,0,0,0,11
8361,1,1,0,1,0,1,1,1,0,1,0,0,1,1,0,1,0,1,0,1,0,12
8362,0,0,1,1,0,0,1,1,1,0,0,1,0,1,0,0,1,1,1,0,1,11
8363,0,1,0,0,1,1,1,0,1,1,0,0,1,0,1,0,1,1,0,0,1,11
8364,0,0,0,1,0,1,1,1,0,1,0,1,0,0,0,1,0,1,0,0,1,9
8365,0,0,0,0,1,0,0,1,1,1,1,1,1,1,1,1,1,1,0,0,0,12
8366,1,0,1,0,1,1,1,0,1,0,0,1,1,0,1,0,0,1,0,1,1,12
8367,0,0,0,1,0,0,1,0,1,1,0,0,1,0,1,1,0,0,0,0,0,7
8368,0,1,0,1,1,0,0,0,1,0,0,0,1,0,0,1,0,1,0,0,0,7
8369,1,1,1,1,1,1,1,1,0,1,1,0,0,1,0,0,1,0,1,1,1,15
8370,0,0,0,1,1,0,1,0,0,1,0,0,0,1,0,1,1,0,1,0,1,9
8371,0,1,0,0,0,1,0,1,1,1,1,1,0,1,0,1,1,1,0,0,0,11
8372,1,0,1,0,1,0,0,0,1,0,0,1,0,1,1,0,1,0,1,0,0,9
8373,1,1,0,1,0,1,1,0,1,0,0,0,0,1,0,1,1,1,0,0,0,10
8374,0,1,1,0,0,1,0,0,0,0,0,1,0,0,0,1,1,0,0,0,0,6
8375,1,0,1,0,0,1,1,0,1,0,0,1,0,1,1,1,0,0,1,1,0,11
8376,0,0,0,0,0,1,0,0,1,1,0,1,0,1,0,0,1,0,0,0,1,7
8377,1,0,0,0,0,1,1,0,1,0,0,1,1,0,1,1,0,0,0,0,1,9
8378,1,1,0,0,0,0,1,0,1,0,0,0,0,0,1,0,0,0,0,1,0,6
8379,1,0,0,1,0,0,1,1,0,1,1,1,1,0,0,1,1,1,1,1,1,14
8380,0,1,0,1,0,0,0,0,0,0,1,1,0,0,1,1,1,0,0,0,0,7
8381,1,0,1,0,0,0,0,0,1,1,0,0,1,1,1,1,0,0,0,0,0,8
8382,1,0,0,0,1,0,1,1,0,1,1,1,1,0,1,1,1,1,0,0,0,12
8383,1,0,0,0,0,1,1,1,1,1,1,1,1,1,0,1,0,1,1,0,1,14
8384,1,0,1,1,1,1,1,0,0,0,0,1,1,1,1,0,1,1,0,0,1,13
8385,1,0,1,0,1,0,1,0,1,1,0,1,1,1,0,0,1,0,1,1,1,13
8386,0,1,0,1,0,0,0,0,1,1,0,1,1,1,0,0,0,1,1,0,0,9
8387,1,0,0,1,1,1,1,1,0,1,0,0,1,1,1,0,0,0,1,0,0,11
8388,0,1,0,1,0,0,0,0,1,1,1,0,0,1,1,1,1,0,1,0,0,10
8389,0,1,1,1,1,1,1,0,1,1,1,0,0,0,1,0,1,1,1,0,1,14
8390,1,0,1,0,0,0,0,0,0,0,1,0,0,0,1,1,0,0,1,1,0,7
8391,0,1,1,1,1,1,1,0,1,1,0,1,0,0,0,1,0,0,0,1,0,11
8392,1,1,0,1,0,1,1,1,0,1,1,0,0,1,1,0,1,0,1,1,1,14
8393,1,0,1,0,1,0,0,0,1,1,1,1,1,0,0,1,0,0,1,1,1,12
8394,0,0,0,1,1,0,0,0,0,0,0,0,0,0,0,1,1,1,0,0,0,5
8395,1,1,0,1,1,0,1,1,0,0,0,1,1,1,1,1,1,1,1,0,1,15
8396,1,0,0,0,1,0,0,1,0,0,0,0,0,1,1,1,1,0,1,0,1,9
8397,0,0,1,1,1,0,0,1,1,1,0,1,1,0,1,1,0,0,0,1,0,11
8398,0,1,1,0,0,1,1,1,0,0,1,0,1,1,0,1,1,0,1,1,1,13
8399,0,0,1,1,1,1,0,1,0,1,1,1,0,0,0,1,1,0,0,0,0,10
8400,0,0,0,0,1,1,1,0,0,0,1,1,0,1,0,1,1,1,1,0,0,10
8401,1,0,0,1,1,0,1,0,0,0,1,0,0,0,0,0,0,0,0,0,1,6
8402,1,1,1,1,0,1,0,0,1,1,0,1,0,1,0,0,0,1,0,0,1,11
8403,0,1,1,1,0,0,1,0,0,1,1,0,1,1,0,1,0,0,0,0,0,9
8404,1,0,0,0,0,0,0,0,1,0,1,0,0,0,0,0,1,0,1,1,1,7
8405,0,0,0,1,1,1,1,0,0,0,1,1,0,1,1,0,0,0,1,1,1,11
8406,1,1,0,1,1,1,0,0,1,0,0,0,1,1,0,1,0,1,0,1,0,11
8407,1,0,1,0,0,1,1,1,0,0,1,0,1,1,1,1,1,1,0,1,0,13
8408,1,1,0,0,0,0,0,0,0,0,1,0,0,1,0,0,1,1,1,1,0,8
8409,0,0,1,0,0,0,0,0,1,0,1,0,0,1,1,1,1,1,1,1,1,11
8410,1,0,1,0,0,1,0,1,0,0,1,0,1,1,0,0,1,1,1,1,1,12
8411,0,1,1,0,1,1,0,1,0,1,1,1,0,1,1,0,0,1,0,0,1,12
8412,1,0,0,1,1,0,1,0,0,0,1,0,0,0,0,0,0,0,0,0,1,6
8413,1,1,1,0,1,0,1,0,1,0,0,0,1,0,1,1,0,1,0,0,0,10
8414,1,0,0,1,1,0,1,0,1,0,1,1,0,0,0,0,0,1,0,0,0,8
8415,0,0,0,1,1,1,0,0,1,0,0,1,1,0,0,1,1,1,1,0,0,10
8416,1,0,0,1,0,0,0,1,0,0,1,0,1,0,1,0,0,0,0,0,1,7
8417,0,1,0,1,1,1,0,0,1,0,1,1,0,1,0,1,0,0,0,0,0,9
8418,1,1,0,0,0,0,0,0,0,0,0,1,1,1,1,0,1,0,1,1,0,9
8419,1,0,0,1,0,0,0,1,1,0,0,0,0,0,0,1,0,1,0,1,1,8
8420,1,0,0,0,1,0,1,1,1,1,0,0,1,0,1,1,1,1,0,0,0,11
8421,0,0,1,1,0,1,0,1,0,1,0,1,0,1,1,1,0,1,0,0,0,10
8422,0,1,0,0,1,0,1,1,0,1,1,1,0,0,0,1,0,0,0,1,0,9
8423,1,0,1,1,1,1,0,1,1,0,0,1,0,0,0,1,1,0,1,1,1,13
8424,1,0,0,1,1,1,1,1,0,0,0,1,1,1,0,1,0,0,1,1,1,13
8425,1,0,0,0,1,0,0,1,0,1,0,1,1,1,0,0,0,0,1,1,1,10
8426,1,0,0,0,0,1,1,1,0,0,1,1,0,1,0,1,0,1,0,1,0,10
8427,1,1,1,1,0,0,0,1,0,1,1,1,1,0,1,0,1,0,0,0,0,11
8428,1,1,1,1,1,1,0,1,0,1,1,0,0,1,0,0,0,0,0,1,1,12
8429,0,1,1,0,1,0,0,0,1,0,0,0,0,0,0,0,1,1,1,0,0,7
8430,1,0,1,1,0,0,0,1,0,0,0,0,1,0,0,0,1,1,1,1,1,10
8431,1,1,1,1,0,1,1,1,0,1,0,0,0,1,0,0,0,1,1,1,1,13
8432,0,1,0,0,1,1,0,1,1,1,0,1,0,1,1,1,1,0,1,1,1,14
8433,1,0,1,0,1,0,0,1,1,0,1,1,0,1,1,1,0,0,1,0,0,11
8434,1,0,0,1,0,0,0,1,0,1,1,1,1,0,0,1,0,1,0,0,0,9
8435,1,1,0,1,0,0,0,1,0,0,0,1,1,0,1,1,1,1,0,1,0,11
8436,1,1,1,0,1,0,1,0,0,1,1,0,1,1,0,0,0,1,0,0,0,10
8437,1,1,0,0,0,1,0,1,0,0,1,1,0,1,1,0,1,0,1,0,1,11
8438,1,1,0,0,0,1,0,1,1,1,1,0,0,0,0,1,1,0,1,0,1,11
8439,0,1,0,0,0,1,1,1,0,0,1,1,1,0,0,0,1,1,0,1,0,10
8440,1,0,0,0,1,1,1,0,1,0,1,1,1,0,0,1,0,1,0,0,0,10
8441,0,0,1,1,0,0,0,0,1,1,0,1,1,1,1,0,1,1,0,1,0,11
8442,0,1,0,1,0,0,1,0,0,1,1,1,0,0,0,1,0,0,1,0,0,8
8443,1,0,0,1,1,0,0,0,1,1,0,0,0,1,1,1,1,1,0,0,1,11
8444,0,0,0,1,0,1,0,1,1,0,1,0,0,1,1,1,0,0,0,0,0,8
8445,1,1,1,0,0,1,0,0,0,0,0,1,0,0,0,1,0,1,1,0,0,8
8446,0,0,1,1,0,1,0,1,0,1,1,0,0,0,1,0,0,0,1,1,1,10
8447,0,0,1,1,0,1,1,0,1,0,1,1,0,1,1,1,0,0,0,1,1,12
8448,0,0,1,1,1,1,1,0,1,1,1,1,1,0,0,0,0,0,1,1,1,13
8449,0,1,0,1,1,0,0,1,0,0,1,0,1,1,0,0,1,1,1,1,1,12
8450,0,0,0,1,1,1,0,0,0,1,1,0,1,0,1,0,1,1,0,1,1,11
8451,1,1,1,1,0,0,0,0,1,0,0,1,0,1,0,1,0,0,0,0,1,9
8452,0,1,1,0,1,0,1,1,1,0,0,0,1,0,1,1,0,1,1,0,1,12
8453,0,1,0,0,1,1,1,1,1,0,0,0,1,1,1,1,1,1,0,0,0,12
8454,1,1,1,0,0,1,1,1,1,0,0,1,0,1,1,0,0,1,0,1,0,12
8455,0,0,1,1,1,0,0,0,1,0,0,1,0,0,1,1,0,0,1,0,0,8
8456,0,1,1,0,1,1,1,1,0,0,1,0,0,0,1,0,1,0,1,1,1,12
8457,0,0,0,1,0,1,0,1,1,1,1,1,1,0,0,1,0,0,0,1,1,11
8458,0,1,1,1,1,1,1,1,1,1,0,1,0,0,1,1,1,1,1,1,0,16
8459,0,0,1,1,0,1,0,0,1,0,0,1,0,1,0,1,1,1,0,0,0,9
8460,1,0,1,0,1,0,0,1,1,1,1,1,0,0,1,1,0,1,1,0,1,13
8461,0,1,0,0,0,0,0,0,0,1,0,0,0,0,0,1,1,1,0,0,0,5
8462,1,1,0,0,0,1,0,0,0,0,0,1,0,0,1,1,0,0,1,0,1,8
8463,0,0,0,1,0,0,0,1,0,0,0,0,1,1,1,1,0,0,1,1,0,8
8464,1,1,0,1,0,1,0,0,1,0,1,0,0,0,0,0,1,1,0,0,0,8
8465,0,1,1,0,1,1,0,1,1,0,1,0,0,0,1,1,0,1,1,0,1,12
8466,1,1,0,1,1,1,0,1,0,1,0,0,1,0,1,1,0,1,1,1,0,13
8467,0,0,0,0,1,1,0,0,0,0,0,0,0,1,1,1,1,0,0,1,1,8
8468,1,1,1,1,0,0,1,1,1,0,0,0,1,1,1,1,1,1,1,0,1,15
8469,1,0,0,1,0,1,0,0,1,1,1,0,0,1,1,1,1,1,0,1,0,12
8470,0,1,1,1,1,0,0,0,0,1,0,0,1,1,0,0,1,1,1,1,1,12
8471,0,0,1,1,1,1,1,0,0,0,0,1,1,1,1,1,0,1,1,1,1,14
8472,0,0,0,1,1,0,0,1,0,1,1,0,1,0,0,1,1,1,0,0,1,10
8473,0,0,1,0,1,1,1,0,1,0,1,0,1,1,0,1,1,1,1,0,0,12
8474,0,1,1,1,1,0,0,1,0,1,1,1,1,1,1,1,0,1,0,0,1,14
8475,0,1,1,0,1,0,0,1,0,0,0,0,0,0,0,0,0,1,0,0,1,6
8476,1,1,1,0,1,0,1,1,0,0,1,0,0,1,0,0,1,0,0,1,0,10
8477,1,0,0,1,0,1,0,1,1,0,0,0,0,0,1,1,0,1,1,0,0,9
8478,1,0,0,1,0,1,1,0,1,1,1,1,1,0,0,0,0,1,0,0,0,10
8479,0,1,1,0,0,0,1,0,0,0,1,1,1,1,0,1,0,1,0,0,1,10
8480,0,1,0,1,1,1,0,1,1,1,0,0,1,1,0,1,1,0,1,0,0,12
8481,0,1,0,1,0,1,0,0,0,0,0,0,0,1,0,0,0,0,1,1,1,7
8482,0,0,0,0,1,1,0,0,1,1,1,1,1,1,1,0,1,1,0,0,0,11
8483,1,1,1,0,0,1,1,0,1,1,0,1,0,0,0,0,0,0,0,1,1,10
8484,1,1,1,1,1,0,0,1,0,0,1,0,1,1,0,0,0,1,0,1,0,11
8485,0,0,1,0,1,0,0,0,0,1,0,0,1,0,1,0,0,1,0,0,1,7
8486,0,0,1,0,0,1,1,1,0,1,0,1,1,0,0,0,0,0,0,0,0,7
8487,1,1,1,1,1,1,0,0,1,1,0,1,0,0,0,0,0,1,1,1,0,12
8488,0,1,1,0,1,1,0,0,0,0,0,0,0,0,0,0,1,0,1,0,0,6
8489,1,1,0,0,1,0,1,0,0,0,1,1,0,1,0,0,0,1,0,0,1,9
8490,0,1,0,1,0,0,1,0,0,0,0,0,1,1,0,0,0,1,0,1,1,8
8491,1,0,0,0,0,1,0,0,0,1,1,1,1,0,1,0,0,1,1,0,1,10
8492,0,0,1,0,1,1,1,0,0,0,0,1,1,0,1,0,1,1,0,1,1,11
8493,1,1,1,0,0,1,1,0,0,0,1,1,0,0,0,0,1,1,1,0,0,10
8494,0,1,1,1,0,1,0,1,0,1,0,0,1,1,1,1,0,0,1,1,1,13
8495,1,1,1,0,1,1,0,0,1,1,0,1,1,1,0,1,1,0,0,1,0,13
8496,0,0,1,0,1,1,1,0,0,0,1,1,1,0,1,1,0,1,0,1,0,11
8497,1,0,1,0,1,0,1,0,0,1,0,1,0,0,1,1,1,1,0,1,0,11
8498,1,0,0,1,0,0,0,0,0,0,1,1,1,0,1,0,0,1,0,1,1,9
8499,0,0,1,1,0,0,0,1,1,0,0,1,1,0,1,1,1,0,0,0,0,9
8500,1,0,1,0,1,0,1,0,0,1,1,0,0,0,0,0,0,1,1,1,1,10
8501,0,0,0,0,1,1,1,0,1,0,1,0,1,0,1,0,1,1,1,0,1,11
8502,1,1,0,0,0,1,0,0,0,1,1,1,0,1,0,1,1,0,1,1,0,11
8503,1,1,1,0,1,0,1,0,1,0,0,0,1,1,1,1,1,0,0,1,0,12
8504,1,1,0,0,1,1,1,1,0,0,0,0,0,1,1,0,1,0,0,1,1,11
8505,0,0,0,0,1,1,1,0,1,0,1,0,0,1,0,1,0,0,1,1,1,10
8506,1,1,1,1,1,0,0,0,1,1,0,0,0,0,0,0,0,0,0,0,1,8
8507,0,1,0,0,0,0,1,0,0,0,1,1,0,0,1,0,0,1,0,0,0,6
8508,1,1,0,0,1,0,0,1,1,1,0,0,1,1,1,1,1,0,1,0,1,13
8509,0,1,1,1,1,1,1,0,1,1,1,0,1,1,0,1,1,1,1,1,0,16
8510,1,1,0,1,1,1,1,0,1,1,0,0,1,0,1,0,1,1,0,0,1,13
8511,0,0,0,1,0,0,1,0,0,0,0,1,1,1,1,0,0,1,0,0,1,8
8512,0,0,1,0,0,0,0,0,0,0,0,0,0,1,1,1,1,1,1,1,1,9
8513,1,1,0,1,0,1,1,1,0,1,1,0,0,1,1,1,1,0,1,1,1,15
8514,0,0,0,1,1,0,1,0,1,1,1,1,1,1,0,1,1,0,1,0,1,13
8515,0,0,1,0,1,1,0,1,1,1,1,1,0,0,1,0,1,1,0,0,1,12
8516,1,0,1,1,1,1,0,1,1,1,1,1,1,0,0,1,1,1,0,1,0,15
8517,1,1,0,0,1,1,1,0,0,0,0,1,0,1,1,1,1,1,0,0,0,11
8518,0,0,0,0,0,0,0,0,1,1,0,0,0,1,1,1,0,1,0,0,0,6
8519,0,1,1,0,0,0,1,1,0,0,0,1,1,1,0,0,1,1,1,0,0,10
8520,1,0,0,0,0,1,1,1,1,0,1,1,1,0,1,1,1,1,0,0,1,13
8521,1,0,0,0,0,1,0,0,0,1,1,0,1,1,0,1,1,1,0,0,0,9
8522,1,0,0,1,0,1,1,1,0,1,0,0,0,1,0,0,0,0,1,1,0,9
8523,1,0,1,1,1,1,0,1,0,1,1,1,0,0,0,1,1,1,0,1,0,13
8524,0,0,1,1,1,0,0,0,1,1,1,1,1,1,1,1,1,1,1,0,1,15
8525,1,0,0,0,0,1,1,1,0,0,1,0,0,0,0,1,1,0,0,1,0,8
8526,0,1,0,1,0,0,0,1,0,0,1,0,1,1,0,1,0,0,1,1,1,10
8527,0,1,0,1,1,0,0,1,0,0,0,0,0,1,0,0,0,0,1,0,1,7
8528,1,0,0,1,1,0,0,1,0,1,1,0,0,1,1,1,1,0,1,0,1,12
8529,0,0,0,0,0,0,0,1,1,0,0,0,1,1,0,0,0,0,1,0,0,5
8530,1,1,1,0,0,0,1,1,0,1,0,1,1,1,0,1,1,1,1,0,0,13
8531,1,0,0,0,0,0,0,0,0,0,0,0,1,0,0,1,0,0,0,1,1,5
8532,0,1,1,0,1,1,0,0,0,1,0,1,0,1,1,0,0,1,1,1,0,11
8533,1,1,0,0,0,0,1,0,0,0,0,1,0,0,0,0,1,0,1,1,1,8
8534,0,1,0,0,0,0,0,0,0,1,0,0,1,1,0,1,0,1,1,0,0,7
8535,0,1,1,1,1,0,0,0,1,0,1,0,1,0,0,0,0,0,0,0,0,7
8536,1,1,0,1,1,1,1,0,1,0,0,0,0,1,0,0,1,0,1,0,1,11
8537,0,1,1,0,1,1,0,0,1,0,0,0,1,1,1,1,0,1,1,0,1,12
8538,1,0,0,0,0,1,0,0,1,1,0,1,0,1,1,0,0,1,0,0,1,9
8539,1,1,1,1,1,0,0,1,1,1,0,0,1,1,1,1,0,1,1,0,0,14
8540,0,1,1,1,0,0,1,1,0,0,1,1,0,1,1,0,1,0,0,1,1,12
8541,1,0,1,1,0,0,0,1,1,0,0,1,1,0,1,0,1,1,1,0,0,11
8542,1,0,1,0,1,0,1,0,0,0,0,0,1,1,1,1,0,1,0,0,0,9
8543,1,1,1,1,1,1,1,1,1,0,1,0,0,1,1,0,1,0,0,1,0,14
8544,1,1,0,0,0,0,0,0,0,1,1,1,0,0,1,1,1,1,1,1,1,12
8545,1,0,0,1,1,1,1,1,1,0,1,1,1,1,0,1,1,0,1,1,1,16
8546,1,1,1,1,0,0,1,0,1,0,0,1,0,0,0,0,0,1,1,0,1,10
8547,1,0,1,1,0,1,1,1,0,1,0,1,0,0,0,0,0,0,1,0,1,10
8548,1,1,1,0,0,0,1,1,1,1,1,1,1,0,0,0,0,0,1,1,0,12
8549,0,0,1,0,0,0,1,1,0,0,0,1,0,1,1,1,1,1,1,1,1,12
8550,1,1,0,1,1,1,1,1,1,1,0,1,0,0,1,1,0,0,1,0,1,14
8551,1,1,0,0,0,1,0,0,0,1,0,0,1,1,1,1,1,0,1,0,0,10
8552,0,0,1,1,1,0,0,0,0,0,0,0,1,0,0,1,0,0,0,0,0,5
8553,0,0,1,0,1,1,0,1,1,0,0,0,1,1,1,1,0,1,1,1,0,12
8554,1,1,0,0,0,1,1,1,0,1,0,0,0,1,1,1,0,0,0,1,0,10
8555,1,1,1,1,1,1,1,0,0,0,1,1,0,1,0,1,0,1,0,1,0,13
8556,1,1,0,1,1,1,0,0,1,0,1,1,1,1,1,1,0,1,1,0,1,15
8557,1,0,0,0,0,0,1,0,1,0,1,1,1,1,0,1,1,0,1,1,0,11
8558,0,0,1,1,0,0,0,1,0,1,0,0,1,0,1,1,0,0,0,1,0,8
8559,1,1,1,1,1,0,1,0,1,1,1,0,0,0,0,0,1,1,1,0,1,13
8560,1,0,0,0,1,0,1,1,0,1,1,1,0,1,1,1,0,0,1,1,0,12
8561,1,1,1,1,0,0,1,1,1,0,0,1,1,1,0,1,0,1,0,0,0,12
8562,1,1,0,1,1,0,0,1,0,1,0,1,1,1,1,0,1,0,0,1,1,13
8563,1,1,1,1,0,0,0,0,1,1,0,1,0,0,1,1,1,1,1,0,1,13
8564,0,1,1,0,0,0,1,1,1,0,1,0,1,1,0,0,0,0,1,0,0,9
8565,1,1,1,0,1,1,1,1,0,0,1,0,1,1,1,1,0,0,1,1,0,14
8566,0,1,1,1,1,1,0,1,0,1,0,1,1,0,0,0,1,0,0,0,1,11
8567,0,1,1,0,0,1,0,1,0,1,1,0,0,0,0,0,0,1,1,1,1,10
8568,0,0,0,1,1,0,0,1,1,1,1,1,1,1,0,1,0,0,1,1,1,13
8569,1,1,0,1,0,0,0,1,1,1,1,0,1,1,1,1,0,0,0,0,1,12
8570,1,1,0,1,1,0,0,0,1,0,1,0,1,1,1,0,1,1,0,1,1,13
8571,1,0,0,0,0,0,1,0,0,0,1,1,0,0,1,1,1,0,1,1,1,10
8572,1,1,1,1,1,0,1,1,1,1,1,1,0,1,0,1,0,1,0,1,0,15
8573,0,1,1,0,0,1,0,0,1,0,0,0,1,0,1,0,0,0,0,0,0,6
8574,1,0,1,0,0,1,1,0,1,1,1,1,0,0,0,1,1,1,1,0,0,12
8575,0,0,0,0,1,1,1,1,0,0,1,0,0,1,1,1,0,0,1,1,1,11
8576,0,1,0,1,1,1,1,1,0,1,0,1,1,0,0,0,1,0,0,1,1,12
8577,1,1,1,1,0,1,1,1,1,0,1,0,1,0,0,1,0,1,1,1,1,15
8578,1,0,0,0,1,1,0,1,0,0,1,1,0,0,0,0,1,0,1,0,0,8
8579,0,0,0,1,1,1,0,1,1,0,0,1,0,1,0,0,1,1,0,0,0,9
8580,0,0,0,1,1,0,0,1,1,0,0,0,0,0,1,1,1,1,1,1,1,11
8581,1,1,1,0,1,1,1,1,1,1,1,0,0,0,1,1,0,1,1,0,0,14
8582,0,1,0,1,1,1,1,1,0,0,0,1,1,0,1,1,1,1,1,0,0,13
8583,1,1,0,1,0,1,1,0,1,0,1,1,1,0,0,1,1,1,0,1,0,13
8584,1,0,1,0,1,1,0,1,1,1,0,1,0,1,0,1,1,0,1,0,1,13
8585,1,0,1,1,1,1,1,1,1,0,0,1,0,1,0,0,1,0,0,0,0,11
8586,0,0,1,0,1,0,0,1,0,1,1,0,0,1,1,0,0,1,0,0,1,9
8587,1,1,1,0,1,1,0,1,0,0,0,1,1,0,0,0,1,1,0,0,0,10
8588,0,0,1,0,1,0,0,1,1,1,0,0,1,0,0,1,0,1,0,1,0,9
8589,1,1,1,0,1,0,0,0,0,0,1,1,1,0,1,1,0,0,0,1,1,11
8590,1,0,0,1,0,1,0,0,0,0,0,1,0,0,1,1,1,1,0,0,0,8
8591,0,0,0,0,0,0,1,1,0,1,0,0,0,0,1,1,0,1,1,0,1,8
8592,1,1,0,1,0,1,1,1,1,1,0,1,0,0,0,1,1,1,1,0,1,14
8593,0,0,1,1,0,1,1,1,1,0,0,0,1,1,1,1,0,1,0,1,1,13
8594,1,1,1,1,0,0,0,1,1,0,1,1,1,0,0,0,0,1,1,1,1,13
8595,1,0,0,0,1,1,0,1,1,1,1,1,0,0,1,1,1,1,1,0,0,13
8596,1,0,1,0,1,0,0,0,0,0,0,0,1,0,1,1,1,0,1,1,1,10
8597,0,0,1,1,0,0,1,0,0,1,0,1,1,1,1,0,0,0,0,0,1,9
8598,1,1,0,0,1,0,1,1,1,1,0,0,0,0,0,0,0,1,1,0,1,10
8599,0,0,1,0,1,0,0,0,0,0,1,0,1,0,1,0,1,0,1,0,0,7
8600,1,0,0,1,1,0,0,1,1,0,1,1,1,1,0,1,0,0,1,1,0,12
8601,0,0,1,1,1,0,0,1,1,0,0,1,1,0,0,1,1,1,1,0,1,12
8602,0,1,0,0,1,1,0,1,0,1,1,0,1,0,0,1,1,0,0,0,1,10
8603,0,0,0,0,1,1,1,1,0,0,1,1,0,1,0,0,1,0,0,1,1,10
8604,1,0,0,1,0,1,0,0,1,0,1,1,0,1,1,0,0,1,0,0,1,10
8605,1,1,0,0,1,0,1,1,1,1,0,1,1,1,1,1,0,1,1,0,0,14
8606,0,0,0,0,0,0,1,1,0,1,1,0,0,0,0,0,0,0,1,1,0,6
8607,0,0,1,0,0,1,0,1,1,1,1,0,1,0,1,1,0,1,1,0,1,12
8608,1,1,0,1,1,0,1,1,0,0,0,1,1,1,0,1,0,1,0,0,1,12
8609,1,1,0,0,0,1,0,0,0,0,1,1,0,1,0,1,1,1,1,1,0,11
8610,0,0,0,0,1,1,0,0,0,1,0,1,0,1,0,0,0,1,1,1,1,9
8611,0,1,0,0,0,1,0,1,1,0,0,0,1,0,1,1,1,1,0,1,0,10
8612,0,1,0,1,1,0,0,0,1,0,1,0,0,1,0,0,1,0,1,0,0,8
8613,1,0,0,1,1,1,0,1,1,1,0,1,1,0,0,1,1,1,0,1,1,14
8614,0,0,0,0,0,0,1,0,1,0,1,0,0,1,1,0,1,0,0,0,0,6
8615,0,1,1,1,0,1,1,0,1,0,0,1,1,1,1,0,0,0,1,1,0,12
8616,1,0,0,0,0,0,0,0,1,1,0,0,0,0,0,0,0,0,1,0,1,5
8617,0,1,0,1,0,1,1,1,1,0,1,1,0,1,1,1,1,1,0,1,0,14
8618,1,0,1,1,1,1,1,0,0,1,0,0,0,0,1,0,0,0,1,0,1,10
8619,1,0,0,1,0,1,1,0,1,0,1,0,1,0,0,1,1,0,0,0,1,10
8620,0,0,0,0,0,0,1,0,0,1,1,0,0,0,0,0,0,1,0,1,0,5
8621,0,0,0,1,1,1,1,1,0,0,1,0,1,1,1,0,0,1,1,0,0,11
8622,0,0,1,0,1,1,0,1,0,0,0,0,1,0,0,1,0,1,1,0,0,8
8623,1,1,0,0,1,0,0,0,0,0,0,0,0,0,1,1,1,1,1,0,0,8
8624,1,1,0,0,0,1,0,1,0,1,1,0,1,0,1,0,0,1,0,0,0,9
8625,0,0,0,1,0,0,0,1,1,1,0,1,0,1,1,1,0,0,0,0,0,8
8626,1,1,0,1,1,1,0,1,1,1,1,0,0,0,0,1,1,1,0,1,1,14
8627,0,1,1,1,0,0,1,1,1,0,1,0,1,0,0,1,0,0,0,1,0,10
8628,0,0,1,0,1,0,1,0,0,1,1,0,0,1,0,0,1,1,1,1,1,11
8629,1,0,1,0,1,1,0,1,1,1,0,1,1,1,1,0,0,0,1,0,0,12
8630,1,0,0,1,0,0,0,0,1,1,1,0,0,1,1,1,0,0,0,0,1,9
8631,0,1,0,0,1,0,0,1,0,0,1,0,0,0,0,1,0,0,1,1,0,7
8632,1,1,1,1,0,1,0,1,1,0,0,0,0,1,1,1,1,1,0,0,1,13
8633,0,0,0,0,0,1,1,1,0,0,0,1,0,0,0,0,1,0,1,0,1,7
8634,1,1,0,0,0,0,1,1,1,0,0,0,0,1,1,0,0,1,0,0,0,8
8635,1,0,1,0,0,0,0,1,0,1,0,0,0,1,0,1,0,1,1,0,1,9
8636,0,1,0,1,1,0,1,0,0,0,0,0,0,0,0,0,0,1,0,0,1,6
8637,0,1,0,1,1,1,0,0,1,0,0,0,0,0,0,0,1,0,1,1,0,8
8638,1,0,1,0,0,1,1,0,0,0,1,0,1,1,0,0,1,0,0,0,1,9
8639,0,0,1,1,1,1,1,0,0,1,0,0,1,0,0,0,0,0,1,0,0,8
8640,1,0,0,1,1,0,0,1,1,1,0,0,1,0,1,0,0,1,1,1,1,12
8641,1,1,1,0,1,1,1,1,1,1,1,1,0,1,0,1,1,1,1,0,0,16
8642,0,0,0,0,1,0,0,0,0,0,1,1,1,0,1,0,1,0,1,1,1,9
8643,0,0,1,0,0,0,0,0,0,0,1,1,0,0,0,0,0,1,1,1,0,6
8644,1,0,0,0,1,0,1,1,0,0,0,0,0,0,1,1,0,0,0,0,0,6
8645,1,1,0,0,1,0,1,1,0,0,1,1,1,1,0,0,1,1,1,1,1,14
8646,1,0,0,0,0,0,0,0,0,0,1,0,0,0,1,0,1,1,1,1,1,8
8647,1,1,0,1,0,1,0,0,0,0,1,0,0,0,0,0,1,1,1,1,0,9
8648,1,1,0,1,1,0,1,0,1,0,1,0,1,0,1,0,1,0,0,1,1,12
8649,1,0,1,0,0,0,1,1,0,0,1,0,0,1,0,0,1,1,0,1,0,9
8650,1,0,1,0,1,0,0,1,1,0,0,0,1,1,1,0,1,0,0,1,0,10
8651,0,0,0,0,0,1,1,0,0,1,1,1,1,0,1,1,1,1,1,1,1,13
8652,1,1,0,0,1,1,1,0,0,1,1,1,0,0,1,0,0,0,0,0,0,9
8653,1,1,0,1,0,1,0,0,1,1,0,0,1,0,0,0,1,0,1,0,1,10
8654,1,0,1,0,1,0,1,1,0,0,0,0,0,0,0,1,1,0,0,0,1,8
8655,0,0,0,0,0,0,0,0,0,0,1,0,0,0,0,0,1,1,0,0,1,4
8656,1,1,0,0,1,1,0,0,1,1,0,1,1,0,1,1,0,1,0,0,1,12
8657,0,1,1,1,0,0,0,1,1,0,0,0,1,0,1,1,0,1,1,1,0,11
8658,0,1,1,0,0,1,1,1,1,1,0,1,1,0,1,1,1,1,0,1,1,15
8659,0,0,0,1,0,1,1,0,1,0,0,0,0,1,1,0,1,1,0,1,1,10
8660,0,0,1,1,0,0,0,0,0,1,1,0,1,1,1,0,1,1,1,1,0,11
8661,1,1,0,1,1,1,0,1,1,1,0,1,1,0,0,1,1,0,1,0,1,14
8662,1,0,1,0,0,1,1,0,0,1,0,1,0,1,0,0,0,1,0,1,0,9
8663,1,0,0,0,1,0,0,0,0,0,1,0,1,0,1,1,0,0,0,0,1,7
8664,1,1,0,0,1,0,0,0,1,0,0,1,1,1,1,0,1,1,0,1,0,11
8665,1,1,1,1,1,1,0,1,1,1,0,0,0,0,1,0,0,0,1,1,0,12
8666,1,0,1,1,0,1,1,1,1,1,0,0,1,0,0,1,0,0,1,0,1,12
8667,1,1,0,0,0,1,0,0,0,0,0,0,1,0,1,0,0,0,0,0,1,6
8668,1,0,0,0,1,1,1,1,0,0,1,1,1,0,1,1,0,0,1,0,1,12
8669,1,1,0,1,0,0,0,0,0,0,1,1,0,0,0,0,0,0,1,0,0,6
8670,1,0,1,1,0,1,1,1,0,1,0,1,0,0,1,1,0,1,1,0,0,12
8671,0,0,0,0,1,0,0,0,0,1,0,0,0,0,1,0,0,0,1,0,1,5
8672,1,1,1,0,0,0,1,0,0,0,1,1,0,1,0,1,1,0,0,0,0,9
8673,0,1,0,0,0,1,1,0,0,1,1,1,0,0,1,1,1,0,0,0,1,10
8674,1,0,1,0,1,1,1,1,0,0,0,1,1,0,0,0,1,0,1,1,1,12
8675,0,1,1,0,1,0,0,0,0,0,1,1,1,0,1,1,1,0,1,0,1,11
8676,1,1,0,0,0,0,0,1,0,1,1,0,0,1,1,1,0,0,0,1,0,9
8677,1,1,1,1,0,0,1,1,1,0,0,1,1,0,0,1,1,0,1,1,1,14
8678,1,1,1,1,0,0,1,1,0,0,0,1,1,1,0,0,1,1,1,0,1,13
8679,1,0,1,0,0,1,1,1,0,0,1,1,1,1,0,1,1,0,1,0,0,12
8680,1,0,0,0,1,1,0,0,0,1,0,1,1,0,1,1,0,0,0,1,0,9
8681,1,1,0,0,0,0,0,1,0,0,1,0,0,0,0,1,1,1,1,0,0,8
8682,1,1,1,1,0,1,1,1,1,0,1,1,1,1,0,0,1,1,0,1,0,15
8683,0,0,1,0,0,1,1,1,1,0,0,1,1,0,1,1,1,0,0,1,0,11
8684,0,1,1,1,1,0,0,1,0,0,1,0,0,1,0,1,1,1,0,1,0,11
8685,0,1,1,0,0,1,0,0,0,0,1,1,0,0,0,1,0,1,0,0,1,8
8686,1,1,0,1,0,1,1,0,0,1,0,0,1,0,1,0,1,0,1,1,1,12
8687,1,1,0,1,1,0,1,1,1,1,1,0,0,0,0,1,0,1,0,0,0,11
8688,1,0,0,0,0,1,0,1,0,1,1,0,1,0,0,0,0,0,0,0,1,7
8689,1,0,0,0,1,0,1,1,0,1,1,1,1,1,1,0,0,0,1,0,1,12
8690,1,0,0,0,1,1,1,0,0,1,1,0,0,1,1,1,0,1,0,1,0,11
8691,0,1,0,0,0,0,1,1,1,1,0,1,1,0,0,1,1,0,1,0,0,10
8692,1,0,0,1,0,0,0,0,1,1,1,1,1,0,0,0,1,0,0,1,1,10
8693,0,0,1,0,0,1,0,1,1,0,0,0,0,1,0,0,0,1,1,0,0,7
8694,1,1,0,1,1,0,1,0,0,1,1,0,1,0,1,0,0,1,1,1,1,13
8695,0,1,1,1,1,0,1,1,1,1,1,0,1,1,1,1,1,0,1,1,1,17
8696,1,1,1,1,1,0,1,1,0,0,0,0,0,1,0,1,1,0,0,1,0,11
8697,0,1,1,1,1,0,0,1,1,1,1,0,1,1,1,0,1,1,0,0,0,13
8698,1,0,1,0,0,0,1,1,1,0,1,1,1,1,0,0,0,1,1,1,1,13
8699,1,0,1,1,0,0,0,0,0,1,0,1,0,0,0,1,0,1,0,1,1,9
8700,1,0,0,0,1,1,0,0,0,1,1,0,0,0,0,0,0,1,1,0,1,8
8701,1,1,1,1,0,0,0,0,0,0,0,0,1,0,1,1,0,0,0,1,1,9
8702,1,0,1,1,1,0,1,0,1,1,1,1,0,0,1,1,0,1,1,1,0,14
8703,1,0,0,0,0,0,1,0,1,0,1,1,0,1,1,0,1,0,0,1,0,9
8704,0,1,1,1,0,1,1,0,0,1,1,1,0,1,1,1,1,1,0,0,0,13
8705,0,0,1,1,0,1,1,0,1,1,0,1,1,0,0,1,0,0,0,1,1,11
8706,0,1,1,0,0,0,1,1,1,1,0,1,1,0,1,1,0,1,1,1,0,13
8707,0,0,0,1,1,0,1,0,1,0,1,1,0,1,1,0,0,0,1,0,1,10
8708,0,1,0,0,0,0,1,1,0,1,1,1,1,0,1,0,1,1,1,0,1,12
8709,0,1,1,0,0,0,0,0,0,1,1,0,0,1,0,0,0,0,0,0,1,6
8710,0,0,0,1,1,0,3,1,2,2,3,3,3,0,2,3,1,1,2,2,2,32
8711,0,0,2,1,0,0,2,0,1,2,2,0,0,2,2,2,1,0,2,1,2,22
8712,2,0,1,1,2,1,1,0,2,0,2,2,2,0,0,0,1,1,2,1,1,22
8713,1,2,0,2,2,1,1,1,2,2,0,1,0,0,1,1,2,2,2,0,1,24
8714,2,2,1,2,1,1,2,0,2,2,1,0,1,2,2,2,2,2,0,2,2,31
8715,1,2,1,1,2,1,2,1,0,1,0,0,1,2,0,1,1,1,0,1,1,20
8716,2,0,0,0,2,1,2,1,1,2,1,0,0,1,0,0,1,2,2,2,1,21
8717,1,2,0,1,0,0,2,1,0,2,2,1,0,0,2,2,0,1,0,1,1,19
8718,0,0,0,0,1,1,1,0,1,2,1,2,2,2,2,0,0,0,2,2,1,20
8719,0,0,0,1,2,1,2,2,2,0,0,0,0,1,2,1,0,2,0,2,0,18
8720,2,2,1,0,2,0,0,0,2,1,0,2,1,1,0,0,0,1,0,2,2,19
8721,0,1,0,1,1,2,0,0,2,1,2,0,0,2,0,2,2,1,2,1,1,21
8722,1,0,1,2,0,1,1,1,2,2,2,0,2,0,0,1,2,0,1,2,1,22
8723,1,0,1,1,0,1,1,2,0,2,1,1,1,2,0,0,0,1,0,0,2,17
8724,0,1,2,2,0,1,0,1,0,2,1,0,0,0,0,0,0,2,0,1,2,15
8725,1,0,2,2,1,2,2,0,1,0,1,2,0,0,0,1,1,2,1,1,2,22
8726,0,2,1,0,2,2,1,2,1,1,0,2,2,1,1,1,2,0,2,0,2,25
8727,1,1,1,1,1,1,2,1,2,1,1,0,1,1,0,1,0,1,2,1,0,20
8728,0,0,2,0,1,0,1,2,1,2,1,2,1,0,2,2,2,0,1,0,2,22
8729,0,0,2,1,0,2,0,0,1,1,1,0,0,2,1,1,0,0,0,2,0,14
8730,2,2,0,1,2,0,2,0,1,0,2,0,0,2,0,2,1,2,2,0,2,23
8731,1,2,0,0,0,0,2,0,2,1,2,2,2,0,2,0,1,2,1,0,1,21
8732,2,1,2,1,2,0,2,1,0,2,2,2,0,2,0,2,0,2,0,1,0,24
8733,1,2,1,1,0,1,2,2,2,0,1,2,2,2,2,0,2,2,1,1,0,27
8734,2,0,1,0,0,0,1,1,0,0,2,1,0,1,0,0,2,2,0,0,2,15
8735,1,0,1,1,1,2,0,1,1,2,2,1,2,1,2,0,2,1,0,2,0,23
8736,0,1,2,2,0,2,0,1,0,0,1,1,1,2,0,2,2,2,1,0,1,21
8737,2,0,0,0,2,2,0,0,0,2,0,2,1,0,2,1,1,0,1,1,0,17
8738,0,2,1,2,0,1,1,1,1,2,2,0,2,1,2,1,2,2,1,1,0,25
8739,1,0,1,0,0,0,1,1,0,0,1,1,0,2,2,1,2,0,1,2,0,16
8740,0,1,2,1,1,2,0,1,0,2,2,1,1,2,1,0,0,2,0,0,1,20
8741,2,0,1,0,1,1,2,2,1,2,2,1,2,2,0,1,1,1,1,2,0,25
8742,0,0,0,1,1,1,2,2,2,1,0,0,2,2,0,1,0,2,1,2,1,21
8743,0,1,2,1,2,1,0,0,0,2,0,1,0,2,1,2,1,0,0,2,2,20
8744,0,1,0,2,1,0,1,2,2,2,1,2,0,0,0,0,2,0,1,1,0,18
8745,1,2,1,0,0,0,1,2,0,1,1,0,2,0,0,0,0,2,0,0,0,13
8746,0,2,0,1,0,0,2,0,1,1,2,2,0,1,0,0,0,2,0,1,1,16
8747,1,1,1,1,0,1,2,0,2,2,1,0,1,2,1,1,1,0,1,0,0,19
8748,2,2,2,1,2,1,0,0,2,1,1,1,1,2,1,1,1,1,0,1,0,23
8749,1,0,1,0,2,2,2,0,0,1,0,2,2,0,2,0,0,1,0,2,1,19
8750,0,2,2,1,2,0,1,0,2,0,0,0,0,0,1,0,1,2,2,1,1,18
8751,1,1,0,1,0,0,1,0,0,1,0,2,0,0,2,1,2,1,2,0,2,17
8752,1,2,0,0,0,0,2,0,0,0,2,0,0,2,2,0,0,1,0,1,0,13
8753,1,1,0,0,1,0,1,0,0,2,1,0,1,0,0,0,1,1,1,1,0,12
8754,0,1,1,0,1,2,2,0,0,0,1,1,2,1,2,0,0,1,0,0,2,17
8755,1,0,0,2,2,2,1,0,2,1,0,1,1,2,1,0,2,1,1,2,2,24
8756,1,2,2,0,0,2,1,1,2,0,1,1,0,2,0,1,2,2,2,2,1,25
8757,0,0,2,2,2,2,0,2,2,0,0,0,2,0,1,2,0,2,2,1,0,22
8758,0,2,0,1,0,1,1,1,0,0,1,2,0,0,2,1,2,1,2,2,0,19
8759,0,0,1,2,1,1,2,1,2,1,2,1,0,1,2,0,2,1,1,2,1,24
8760,0,2,2,1,2,1,2,2,0,1,0,2,0,2,0,2,2,1,1,1,2,26
8761,2,2,1,1,2,1,2,1,0,1,2,1,1,2,1,2,1,0,1,0,1,25
8762,2,1,1,2,2,0,1,1,2,1,2,2,2,2,0,0,0,1,2,0,2,26
8763,1,0,2,0,0,1,1,0,0,0,2,2,2,0,1,0,0,0,1,2,1,16
8764,0,1,0,1,1,2,2,0,2,0,1,1,1,1,2,0,2,1,1,1,0,20
8765,0,0,0,1,2,0,2,1,0,2,0,0,2,2,0,1,2,1,1,1,1,19
8766,1,2,2,0,0,0,2,2,0,1,2,2,2,1,0,2,2,1,1,0,1,24
8767,0,2,2,2,0,0,2,0,1,1,1,2,0,1,0,2,1,0,1,0,1,19
8768,1,0,0,1,2,1,1,2,0,1,0,1,0,0,0,0,2,2,1,2,2,19
8769,0,0,0,0,1,2,1,1,0,2,2,1,2,0,1,2,2,0,0,2,1,20
8770,2,2,1,1,0,1,1,1,2,0,2,1,2,2,0,1,1,2,1,2,1,26
8771,1,1,1,0,2,2,2,1,2,2,2,1,0,2,0,1,1,1,2,1,2,27
8772,2,0,1,0,1,1,0,0,2,1,0,1,2,0,2,2,1,2,0,2,2,22
8773,2,1,1,2,0,1,2,2,2,2,1,0,2,1,2,1,0,1,1,2,0,26
8774,2,2,1,2,0,0,2,2,1,1,1,0,1,1,2,2,0,2,2,0,0,24
8775,0,0,1,0,1,0,2,2,1,2,2,0,2,0,0,0,0,1,1,2,0,17
8776,0,2,2,0,0,0,0,1,1,1,0,2,1,1,0,0,1,0,2,1,2,17
8777,0,0,0,0,2,2,1,2,2,2,1,2,2,0,1,2,2,2,1,2,0,26
8778,2,2,1,2,1,2,2,1,0,1,0,2,1,1,2,2,0,1,0,2,2,27
8779,2,1,2,1,2,0,2,2,0,2,1,0,2,1,1,1,0,1,0,1,0,22
8780,2,0,0,2,2,2,1,1,0,1,1,2,1,2,2,0,2,2,2,0,2,27
8781,1,2,2,0,0,1,2,0,0,2,1,2,2,2,0,1,1,2,1,2,2,26
8782,0,1,2,0,2,2,0,0,2,2,0,0,1,0,2,0,0,2,1,0,2,19
8783,2,1,2,0,2,1,1,1,2,1,0,0,1,0,2,1,1,1,0,1,1,21
8784,0,1,1,1,0,1,2,0,2,0,2,1,1,1,2,2,1,2,1,0,1,22
8785,0,0,0,2,1,1,1,1,0,2,2,1,1,0,1,2,2,1,1,0,1,20
8786,1,2,1,1,0,0,2,2,0,0,0,2,2,1,1,2,0,0,2,2,0,21
8787,0,0,1,0,0,2,1,2,2,1,1,0,0,0,1,2,0,0,0,0,2,15
8788,0,0,0,2,2,1,2,1,1,0,0,1,1,0,2,2,1,2,1,1,2,22
8789,1,1,2,2,1,0,2,2,0,0,1,0,2,2,0,2,0,0,0,0,1,19
8790,2,2,1,2,2,2,1,2,2,2,0,1,0,0,1,2,2,0,0,1,1,26
8791,0,2,2,1,0,0,0,2,1,2,1,0,2,2,0,1,2,1,2,1,2,24
8792,2,0,0,2,1,2,2,2,1,0,1,1,2,2,1,1,2,1,1,1,0,25
8793,2,1,2,1,1,2,0,0,1,0,2,1,0,0,2,0,1,1,0,0,2,19
8794,0,0,0,2,0,0,0,0,1,1,2,2,0,0,0,0,0,0,0,1,2,11
8795,0,0,0,1,0,1,2,1,2,1,2,2,0,0,0,0,1,0,0,2,2,17
8796,0,1,1,2,2,0,1,0,0,0,2,1,0,0,0,0,1,2,2,2,0,17
8797,1,0,2,1,2,1,2,1,1,0,0,0,1,0,2,1,1,1,1,0,2,20
8798,1,0,0,0,1,1,1,0,1,2,1,1,0,0,2,2,2,0,0,2,1,18
8799,0,2,1,1,0,2,0,1,0,0,1,0,1,2,0,0,0,2,0,0,0,13
8800,2,0,2,0,2,0,0,1,0,1,1,2,1,0,2,1,2,1,2,2,2,24
8801,0,0,2,2,1,0,0,0,0,0,0,1,2,2,1,2,2,0,1,0,2,18
8802,1,1,1,0,2,0,0,1,0,1,0,1,0,0,2,2,0,1,0,1,2,16
8803,2,2,2,0,1,2,1,1,1,1,0,0,1,0,0,1,1,0,1,2,0,19
8804,0,1,1,1,1,2,0,1,0,1,0,2,0,0,1,1,1,2,0,0,0,15
8805,0,1,0,1,0,1,0,0,0,1,2,1,0,0,1,0,0,1,0,2,2,13
8806,0,0,0,2,0,1,1,2,0,1,1,1,0,1,0,1,1,2,2,1,0,17
8807,1,1,1,1,1,0,0,0,0,2,0,1,0,1,2,0,1,1,0,1,1,15
8808,2,0,2,2,2,2,2,0,2,0,2,0,0,0,0,2,1,0,2,2,0,23
8809,0,2,0,2,2,2,0,2,1,2,2,2,2,0,1,2,2,1,0,0,0,25
8810,0,2,1,2,1,2,0,1,1,1,1,2,2,1,1,1,1,0,0,0,1,21
8811,2,2,2,0,0,1,2,1,2,1,0,0,0,2,1,2,2,2,1,0,2,25
8812,0,0,0,0,2,2,0,0,0,1,2,2,0,1,2,1,1,2,0,0,0,16
8813,2,2,0,1,0,0,1,0,1,0,1,1,0,1,0,0,2,1,0,1,2,16
8814,1,0,2,1,1,2,0,2,2,0,0,1,2,2,0,1,0,1,1,0,0,19
8815,1,1,1,1,0,1,2,2,0,1,2,2,2,2,1,1,2,2,2,2,0,28
8816,1,2,2,0,2,1,0,2,1,2,0,1,2,2,1,1,1,1,0,2,1,25
8817,1,2,0,1,0,0,0,0,1,2,0,2,2,1,2,1,2,1,2,1,1,22
8818,1,0,0,2,0,1,0,2,0,1,2,0,1,2,1,0,0,1,2,0,0,16
8819,2,2,0,0,0,0,1,1,1,0,1,1,1,0,0,1,1,2,0,1,1,16
8820,2,2,0,0,2,0,1,1,2,2,2,0,2,0,2,0,1,1,2,0,1,23
8821,1,2,2,2,2,0,0,2,2,2,0,0,2,1,2,1,1,1,2,0,2,27
8822,0,0,2,2,0,2,2,0,0,1,1,1,2,1,1,1,0,1,2,1,1,21
8823,1,2,0,2,0,0,2,2,0,2,1,0,1,1,1,0,0,0,1,1,2,19
8824,2,1,2,1,1,0,0,0,2,0,0,2,0,2,2,2,2,1,0,0,2,22
8825,2,0,0,2,2,1,1,0,0,0,1,2,2,2,0,1,2,2,1,0,1,22
8826,2,1,1,1,0,2,0,0,0,0,0,2,0,0,2,0,2,0,0,2,1,16
8827,1,1,2,0,2,1,1,1,2,2,1,1,0,1,0,0,2,0,2,0,0,20
8828,2,0,1,1,0,0,0,0,1,2,1,2,1,0,1,1,2,2,1,0,0,18
8829,0,0,0,0,1,1,1,0,1,2,2,2,1,2,0,2,0,0,2,2,2,21
8830,2,1,1,1,1,2,1,2,1,0,1,0,2,2,2,2,1,1,0,1,2,26
8831,0,2,0,0,0,0,2,0,2,2,1,1,0,1,1,1,2,0,1,0,1,17
8832,0,1,0,2,2,1,1,0,2,2,2,0,2,0,0,2,1,1,0,0,2,21
8833,2,1,0,2,0,0,2,2,1,0,1,2,2,0,2,1,0,1,0,0,2,21
8834,1,2,2,1,0,1,1,0,1,1,1,0,0,1,0,0,1,0,2,1,1,17
8835,1,1,2,1,1,0,0,0,0,2,1,2,1,0,0,0,1,1,0,2,1,17
8836,1,1,2,2,2,1,2,0,1,1,2,0,1,1,1,0,1,0,2,2,0,23
8837,1,1,2,0,2,0,0,2,0,0,1,1,1,0,1,0,0,2,2,0,2,18
8838,2,2,1,2,1,1,2,1,0,2,1,1,2,2,0,1,2,2,1,1,2,29
8839,1,0,1,2,1,1,2,1,2,2,2,0,2,2,1,2,1,2,0,1,1,27
8840,0,1,2,0,1,1,2,0,0,1,1,0,2,0,1,2,2,1,1,1,0,19
8841,2,1,2,0,2,2,1,1,2,2,0,0,1,1,1,2,1,0,2,0,0,23
8842,0,1,2,0,2,1,1,0,0,0,0,2,1,2,1,0,2,1,2,1,2,21
8843,1,1,1,0,0,0,0,2,2,2,0,0,2,0,1,2,2,2,0,2,1,21
8844,0,0,0,2,0,0,0,1,0,1,1,0,1,0,2,0,1,1,2,0,2,14
8845,0,0,0,0,0,2,2,1,1,2,1,2,2,2,1,2,2,1,2,0,2,25
8846,0,1,1,2,0,2,1,2,1,1,2,0,0,2,2,2,1,1,0,0,1,22
8847,0,2,2,1,2,1,1,2,1,2,0,0,0,1,1,0,0,2,1,0,1,20
8848,2,2,0,0,2,2,0,0,2,2,1,1,1,2,2,0,1,2,0,2,0,24
8849,1,1,0,2,1,2,1,2,2,1,1,0,1,0,1,2,1,0,1,2,2,24
8850,2,1,2,0,0,1,2,1,1,1,0,0,1,1,1,0,0,0,0,0,2,16
8851,1,0,0,0,2,0,1,2,1,2,2,0,1,0,1,0,2,0,2,1,0,18
8852,0,0,1,1,1,2,1,0,0,0,2,2,0,1,1,2,0,2,1,2,2,21
8853,0,2,1,2,1,1,0,2,1,1,0,0,1,1,1,1,0,1,0,0,0,16
8854,0,1,2,2,1,0,0,2,1,1,0,1,1,1,1,2,2,2,2,0,1,23
8855,0,0,2,2,1,0,2,0,0,1,1,2,0,1,0,0,2,0,1,1,2,18
8856,2,2,0,2,0,1,1,0,1,0,1,2,1,1,1,1,1,0,1,1,1,20
8857,0,1,0,2,0,0,2,1,1,1,0,0,0,2,2,2,2,2,2,0,0,20
8858,0,0,1,0,1,1,2,0,2,0,1,1,2,1,0,1,1,2,0,0,1,17
8859,0,2,1,2,0,0,2,1,0,2,2,0,1,0,2,0,2,1,1,0,1,20
8860,2,1,2,2,1,0,0,2,1,2,0,2,2,2,2,0,0,1,2,1,0,25
8861,1,1,1,1,0,1,1,1,0,2,0,2,0,1,2,1,2,1,2,2,1,23
8862,0,2,0,1,2,0,1,1,1,2,0,0,2,0,0,1,2,1,2,1,2,21
8863,1,0,2,1,1,2,1,1,0,0,1,2,1,2,2,1,1,2,1,2,0,24
8864,1,0,0,2,2,0,1,1,2,2,2,2,1,1,2,1,1,2,2,1,0,26
8865,2,1,2,0,2,1,0,2,1,1,1,0,1,0,0,2,0,0,1,0,2,19
8866,2,0,2,1,2,1,1,0,1,2,2,0,0,0,0,1,1,1,2,2,2,23
8867,2,1,1,0,0,0,0,0,1,1,1,1,2,0,2,2,1,0,2,1,1,19
8868,1,1,2,2,0,1,0,0,0,2,1,0,2,1,2,0,1,0,1,2,2,21
8869,2,1,1,2,2,2,2,2,1,1,1,2,0,0,2,0,0,0,0,0,0,21
8870,2,0,0,0,2,0,2,1,2,2,1,2,1,2,0,1,2,1,0,0,2,23
8871,2,1,0,2,0,2,1,1,2,0,0,0,0,1,1,0,0,0,1,2,1,17
8872,1,0,1,0,2,0,1,0,2,0,2,0,1,0,2,0,2,0,2,1,1,18
8873,0,1,0,2,1,0,2,1,0,2,1,0,0,0,2,1,0,0,1,2,0,16
8874,2,1,2,0,0,2,0,0,1,2,2,0,0,2,0,1,0,2,2,1,0,20
8875,2,1,1,1,0,0,0,1,2,2,2,2,1,0,0,2,2,2,1,1,1,24
8876,2,0,0,2,1,2,1,0,2,0,1,2,2,1,1,0,2,1,2,0,0,22
8877,0,2,0,0,0,1,1,0,1,1,1,2,0,0,1,1,2,1,1,0,2,17
8878,2,2,0,2,2,2,2,2,0,2,0,2,2,1,0,2,0,2,0,2,0,27
8879,1,0,1,2,0,2,1,1,1,1,1,2,1,1,0,0,1,1,2,0,1,20
8880,2,0,1,1,0,2,2,0,2,2,1,2,1,2,2,1,0,0,0,1,2,24
8881,0,0,0,2,1,0,2,1,2,1,0,0,2,0,1,0,1,2,2,1,2,20
8882,2,0,2,1,1,0,2,1,0,2,2,2,1,0,2,0,0,1,1,0,1,21
8883,2,2,1,0,2,1,1,1,1,2,1,0,2,1,1,2,1,2,1,1,1,26
8884,0,2,1,2,0,1,2,1,0,2,2,0,2,2,2,1,2,0,1,2,2,27
8885,2,0,2,2,1,2,1,0,0,0,2,0,1,0,2,2,1,2,0,1,2,23
8886,1,0,0,2,0,0,2,0,2,0,2,0,0,2,0,1,1,2,0,1,2,18
8887,0,1,0,0,1,0,1,0,2,2,1,0,0,1,0,1,2,0,2,0,2,16
8888,1,1,0,1,0,0,2,2,0,1,0,0,1,0,0,1,2,0,1,1,2,16
8889,2,0,0,1,1,0,0,2,2,0,0,2,0,1,0,2,0,0,2,2,2,19
8890,1,1,1,0,0,0,1,0,2,0,1,0,0,0,0,0,1,1,0,1,2,12
8891,0,2,1,2,2,0,0,2,0,0,1,2,0,1,2,2,2,2,2,1,0,24
8892,1,2,1,1,2,2,0,1,1,1,2,1,0,2,0,0,2,1,2,1,2,25
8893,1,2,2,0,0,2,0,2,2,1,2,0,0,1,2,2,1,1,0,2,0,23
8894,2,2,2,2,2,0,2,1,2,2,2,1,0,1,1,1,2,0,2,2,1,30
8895,0,0,2,1,2,0,2,2,1,1,2,1,2,2,2,1,1,1,2,0,2,27
8896,1,1,2,2,0,2,0,1,1,1,1,2,2,0,2,0,1,1,0,1,0,21
8897,0,1,2,2,0,2,1,2,1,1,0,0,0,0,1,2,2,0,0,0,0,17
8898,2,2,2,0,2,0,2,2,2,0,1,0,0,2,2,0,0,0,2,0,0,21
8899,0,0,1,0,2,1,0,1,2,1,2,0,2,1,2,1,2,0,1,0,2,21
8900,0,0,1,1,1,1,2,0,0,2,2,2,1,2,1,2,2,1,0,1,0,22
8901,2,0,1,1,2,1,1,2,0,0,2,2,1,0,2,2,2,1,1,1,1,25
8902,1,2,0,2,0,1,0,1,2,1,0,1,0,2,2,0,1,1,0,0,2,19
8903,0,0,1,2,1,2,1,1,0,1,0,1,0,0,1,2,1,2,2,1,0,19
8904,1,1,2,0,0,2,0,1,0,1,1,1,2,1,1,1,0,0,1,2,1,19
8905,2,1,1,0,2,0,2,1,0,0,1,0,2,1,2,0,0,0,2,2,1,20
8906,2,2,2,2,1,2,0,2,1,0,1,2,1,1,1,0,0,0,2,1,0,23
8907,2,1,1,0,2,1,2,1,0,1,2,0,1,0,2,2,2,0,0,1,2,23
8908,2,2,2,1,2,1,0,1,2,0,1,2,1,2,1,2,0,0,1,0,2,25
8909,2,2,0,0,0,2,2,2,2,0,2,1,1,2,2,0,1,1,0,2,1,25
8910,1,2,2,1,2,1,1,2,0,0,2,0,0,0,0,0,1,2,1,0,2,20
8911,2,2,2,1,0,1,0,1,1,2,2,0,0,0,2,2,2,0,0,0,1,21
8912,2,0,1,2,1,2,2,2,0,0,2,0,2,0,2,1,1,0,2,2,0,24
8913,1,1,0,0,2,2,1,1,2,0,0,1,1,0,0,2,0,0,1,0,0,15
8914,2,1,2,0,0,2,1,0,1,2,2,0,1,2,2,2,2,2,0,2,2,28
8915,0,0,2,2,2,2,1,2,0,2,0,1,2,0,2,2,1,0,2,2,1,26
8916,0,2,0,2,1,2,2,0,0,2,0,2,2,1,1,2,2,2,0,1,2,26
8917,0,2,2,1,1,2,0,1,1,0,2,2,0,1,1,0,0,0,1,2,1,20
8918,1,1,0,0,0,2,2,0,1,1,2,1,1,2,0,1,2,0,1,1,0,19
8919,1,0,2,2,0,1,2,1,1,0,2,2,0,0,0,0,2,2,0,2,2,22
8920,0,0,0,2,2,1,2,1,1,0,2,2,2,2,2,2,1,2,2,1,1,28
8921,1,1,0,2,1,1,2,1,0,1,0,0,0,2,2,2,1,0,1,0,0,18
8922,1,0,0,2,1,1,1,1,1,0,2,2,0,2,1,1,0,1,2,2,1,22
8923,1,2,0,1,2,1,2,2,0,2,2,1,1,2,2,0,1,2,1,1,2,28
8924,0,2,1,2,2,1,2,2,0,0,2,1,2,0,0,1,1,1,2,1,1,24
8925,1,1,1,1,0,0,2,1,2,2,0,2,2,0,1,2,2,2,2,1,2,27
8926,0,2,1,1,0,0,1,1,0,1,1,0,2,2,1,1,2,0,2,2,2,22
8927,2,0,0,1,1,2,1,1,0,1,2,1,2,0,0,1,2,0,2,1,1,21
8928,2,0,2,1,2,0,1,2,1,0,0,2,0,0,0,2,1,1,0,2,1,20
8929,1,0,0,1,0,2,1,2,1,1,1,2,1,2,2,2,1,2,1,0,2,25
8930,1,0,0,2,0,0,2,1,2,0,1,1,0,0,0,1,0,1,2,2,1,17
8931,2,2,2,0,0,2,0,1,1,1,1,0,1,1,2,1,2,2,2,1,1,25
8932,1,0,2,2,2,2,2,0,1,2,2,0,2,0,0,1,0,0,1,0,2,22
8933,2,0,2,2,2,2,2,1,0,1,2,2,0,0,1,1,0,2,0,1,1,24
8934,1,0,0,2,0,0,0,2,0,0,0,0,0,2,0,2,0,0,2,2,2,15
8935,0,0,0,0,1,2,1,0,0,0,2,0,1,2,2,1,1,1,2,2,0,18
8936,1,1,0,1,1,1,0,0,0,0,0,1,2,1,0,1,2,0,0,0,0,12
8937,2,2,0,1,1,1,0,0,1,0,0,0,1,0,2,1,2,1,0,1,2,18
8938,1,1,2,0,1,0,1,2,1,0,0,1,1,0,1,2,1,2,1,1,1,20
8939,1,2,0,1,2,2,0,2,1,0,1,0,0,1,0,0,0,2,0,1,1,17
8940,1,1,2,0,2,2,0,1,0,2,0,0,2,0,2,1,0,0,2,1,1,20
8941,2,0,2,1,2,2,2,2,2,1,2,1,0,0,1,1,1,1,1,2,2,28
8942,1,2,2,2,1,1,2,2,0,1,2,1,0,0,0,1,1,2,1,1,2,25
8943,2,2,2,2,0,1,2,2,2,0,0,0,1,0,1,2,2,0,2,2,2,27
8944,0,0,0,2,2,2,2,0,2,2,2,0,2,1,1,2,2,0,1,1,1,25
8945,1,1,1,0,0,2,1,2,1,1,1,2,2,2,2,1,2,0,0,1,1,24
8946,2,2,1,0,1,2,2,0,1,0,2,2,0,1,1,0,0,2,1,0,0,20
8947,1,2,2,0,0,1,2,1,1,1,0,1,1,0,2,1,0,0,1,0,1,18
8948,2,0,2,0,1,1,1,1,0,2,0,1,1,0,2,2,1,2,2,1,0,22
8949,1,0,1,2,2,1,0,0,2,0,2,2,2,2,1,1,0,1,0,2,0,22
8950,0,2,1,2,2,1,1,2,0,0,1,1,0,1,1,0,2,2,1,0,2,22
8951,2,1,1,0,2,2,1,2,0,1,0,0,1,0,2,0,2,2,0,0,0,19
8952,2,1,0,1,2,1,0,1,0,2,2,2,1,1,2,2,0,0,2,0,2,24
8953,0,1,2,1,2,1,2,0,2,1,0,1,0,2,0,2,0,0,1,1,1,20
8954,2,1,2,2,1,0,1,1,1,2,0,2,2,2,2,1,0,0,2,0,2,26
8955,1,2,2,0,1,1,1,2,2,0,2,0,0,0,2,2,1,0,0,2,1,22
8956,2,1,1,2,2,0,0,2,1,0,2,2,2,0,2,2,2,0,2,0,1,26
8957,0,0,0,2,1,0,0,1,1,0,2,0,1,2,2,0,2,1,0,1,1,17
8958,1,1,0,0,1,0,1,1,2,0,0,0,0,2,1,1,2,0,0,0,2,15
8959,1,2,2,1,0,0,1,2,1,2,2,2,0,0,1,2,0,0,0,2,0,21
8960,2,0,0,2,1,1,1,0,0,2,1,1,0,1,1,2,2,1,2,0,1,21
8961,2,2,0,1,1,1,0,2,2,2,1,1,1,1,0,0,0,1,1,2,2,23
8962,2,0,0,2,1,1,0,2,1,2,0,1,0,2,1,1,1,2,0,1,2,22
8963,0,2,1,2,2,2,0,1,2,1,0,2,0,0,2,1,0,1,0,1,1,21
8964,0,0,1,2,2,2,2,0,2,2,2,2,0,2,1,2,1,0,0,0,0,23
8965,0,1,0,1,0,2,0,2,1,0,1,0,2,1,0,0,0,0,0,1,0,12
8966,2,0,2,0,0,0,1,1,1,2,1,2,2,1,1,0,2,2,1,0,2,23
8967,2,0,2,1,1,1,1,2,1,1,2,1,0,2,1,1,2,2,0,0,0,23
8968,0,1,1,2,2,0,2,1,2,1,0,1,2,2,1,2,0,2,1,2,2,27
8969,0,2,1,1,0,0,1,0,1,0,1,0,1,2,0,0,0,1,1,2,0,14
8970,0,1,0,1,1,1,1,1,1,0,0,0,2,1,0,1,0,0,0,0,2,13
8971,2,1,0,0,1,0,2,0,1,2,1,2,2,0,2,0,0,2,0,0,2,20
8972,0,1,1,1,1,2,2,1,1,2,2,1,0,1,1,0,0,2,1,2,2,24
8973,2,1,1,1,1,0,0,2,0,2,0,0,2,1,2,1,1,2,1,1,0,21
8974,2,2,1,2,2,1,0,2,0,1,2,1,2,2,2,2,1,2,2,2,1,32
8975,2,1,1,1,1,0,1,2,0,2,0,0,2,0,0,1,0,2,2,1,1,20
8976,1,1,1,0,1,1,2,1,2,1,0,0,1,2,1,0,0,2,0,2,2,21
8977,2,1,2,1,1,1,0,2,0,1,1,1,2,2,1,0,2,0,1,2,2,25
8978,1,1,0,2,2,0,0,1,0,0,1,1,1,0,0,2,0,1,2,2,1,18
8979,1,1,0,0,0,1,1,2,1,1,1,1,1,1,2,0,1,0,2,2,0,19
8980,1,0,1,1,2,2,2,2,0,2,0,2,0,2,0,1,2,2,0,1,1,24
8981,2,0,2,0,0,1,1,0,0,0,1,0,1,0,2,0,1,0,0,1,2,14
8982,2,2,1,1,1,1,2,0,0,1,0,0,2,0,2,1,0,1,2,1,0,20
8983,0,2,2,2,0,0,1,1,0,1,2,1,1,0,2,1,1,0,1,1,0,19
8984,0,0,0,0,0,0,0,0,1,1,1,2,1,2,0,2,0,1,0,0,2,13
8985,0,2,2,0,2,0,1,0,0,0,2,0,0,1,1,2,0,0,0,0,1,14
8986,2,0,1,2,0,2,2,2,1,1,1,1,2,2,2,0,0,1,1,2,0,25
8987,0,1,2,2,0,0,2,2,1,2,1,2,2,2,0,0,2,1,0,2,0,24
8988,2,2,1,2,2,1,1,2,2,1,1,1,1,1,2,0,2,2,1,2,1,30
8989,1,2,0,2,2,2,1,0,2,2,0,1,1,0,2,1,1,2,1,0,2,25
8990,1,0,0,1,2,0,1,0,2,2,0,1,0,2,0,0,1,1,2,1,2,19
8991,1,1,0,2,0,1,2,2,2,1,1,2,0,1,0,2,2,0,0,2,1,23
8992,0,0,2,0,0,2,0,0,0,2,0,2,1,2,0,1,0,2,1,1,0,16
8993,1,2,0,0,0,1,0,0,0,1,1,2,1,2,2,0,2,0,2,0,2,19
8994,1,1,0,2,2,1,0,0,0,0,0,1,0,1,2,2,1,1,0,0,0,15
8995,2,2,0,2,0,0,0,0,1,2,1,1,1,1,1,1,0,1,0,1,1,18
8996,0,1,0,2,0,0,2,0,0,0,0,0,2,2,2,0,0,1,0,0,0,12
8997,2,1,1,1,2,1,1,0,0,2,1,0,2,0,0,1,0,0,2,0,1,18
8998,0,0,2,2,2,1,0,1,0,2,1,2,1,1,0,1,2,2,0,1,0,21
8999,2,2,1,2,1,0,0,0,0,1,1,1,0,2,0,0,2,1,2,2,2,22
9000,0,1,0,0,0,2,2,1,1,2,1,1,2,0,1,0,1,0,2,2,2,21
9001,0,2,2,1,0,0,1,0,2,2,0,0,0,1,2,1,2,2,1,0,1,20
9002,2,1,1,2,2,1,0,1,0,1,0,0,0,0,0,2,2,1,2,1,2,21
9003,1,0,2,1,2,0,2,2,0,1,0,1,0,0,0,0,2,2,2,2,2,22
9004,0,2,1,1,2,1,2,1,0,1,2,2,0,0,2,2,0,1,1,2,1,24
9005,1,1,2,1,1,1,2,2,2,2,0,1,0,2,0,2,0,2,2,2,2,28
9006,1,1,2,2,2,0,2,1,2,0,2,2,2,1,2,0,0,0,1,0,2,25
9007,1,0,1,2,0,1,0,1,1,0,2,2,0,2,0,2,0,1,0,1,0,17
9008,2,0,1,2,0,2,0,1,1,1,2,2,1,1,0,2,1,2,1,1,2,25
9009,1,1,2,2,0,1,1,2,2,2,2,0,2,0,2,1,0,0,0,0,0,21
9010,1,0,1,2,0,0,2,1,1,2,1,2,2,0,1,2,0,0,1,2,2,23
9011,2,2,1,2,1,2,1,1,1,1,0,0,0,1,0,1,1,2,0,1,0,20
9012,1,2,1,1,1,0,1,1,2,1,0,2,2,2,0,0,1,0,2,2,1,23
9013,0,0,2,1,2,2,2,1,1,0,0,0,0,2,2,1,0,0,1,2,2,21
9014,1,0,0,2,2,0,1,2,2,1,0,0,0,1,2,0,0,1,2,2,1,20
9015,2,1,0,2,2,0,1,2,1,1,0,0,0,0,1,0,0,2,0,2,0,17
9016,1,0,2,1,2,2,1,1,0,1,1,2,0,2,2,2,2,2,0,2,0,26
9017,0,2,0,1,1,0,2,1,0,1,1,1,2,1,0,0,0,0,0,0,0,13
9018,1,1,1,1,1,2,0,0,0,2,2,0,1,1,1,2,2,1,2,2,2,25
9019,2,1,0,0,1,0,2,0,2,0,2,0,0,0,1,1,2,1,0,2,2,19
9020,2,1,0,2,0,2,0,0,0,2,1,0,0,0,2,1,1,1,2,1,0,18
9021,1,1,1,0,1,2,2,0,0,0,1,0,1,1,1,1,0,0,2,1,2,18
9022,1,1,2,1,0,0,2,2,0,1,1,1,0,1,1,0,0,0,0,1,2,17
9023,2,1,0,2,1,2,0,2,2,0,0,2,2,0,0,1,1,0,2,0,0,20
9024,2,2,0,1,1,2,2,1,2,0,1,2,2,2,1,1,0,1,0,1,0,24
9025,2,1,0,2,0,0,1,0,0,2,1,0,0,1,2,0,1,0,0,0,0,13
9026,0,2,2,2,1,2,2,0,1,0,0,1,1,0,1,2,0,2,2,2,0,23
9027,2,2,1,0,2,2,0,2,2,1,1,2,1,1,2,0,1,2,0,1,1,26
9028,0,0,2,1,0,0,0,2,0,2,1,0,0,0,0,2,0,1,2,2,1,16
9029,2,1,0,0,2,1,1,0,0,2,1,2,2,0,1,2,0,1,2,0,0,20
9030,1,2,2,0,1,2,2,2,2,0,1,2,0,0,0,0,0,2,2,2,1,24
9031,2,0,2,0,0,0,2,0,0,0,1,0,1,2,1,2,1,0,1,2,1,18
9032,2,2,2,1,1,0,2,0,2,1,1,0,0,0,0,2,0,0,1,2,2,21
9033,0,2,1,1,0,2,0,2,2,0,0,1,2,2,2,2,1,2,2,0,2,26
9034,0,1,0,0,1,0,0,2,2,2,2,2,2,2,2,1,0,1,0,2,2,24
9035,2,2,1,1,1,1,2,2,2,2,2,1,1,0,1,2,2,2,2,1,2,32
9036,2,0,0,2,2,0,2,1,1,1,1,0,0,2,0,2,2,2,1,0,1,22
9037,0,1,1,2,1,2,0,1,2,1,1,0,0,2,1,1,2,2,2,0,1,23
9038,1,0,1,2,0,0,1,2,2,2,0,2,1,2,1,0,0,1,2,0,1,21
9039,1,1,1,2,2,2,0,0,0,0,1,1,0,0,2,1,0,1,1,1,0,17
9040,2,0,2,1,0,1,0,0,0,0,1,0,1,0,2,0,1,0,1,1,0,13
9041,2,0,1,2,0,2,2,0,2,0,1,0,1,1,1,1,2,2,0,1,1,22
9042,2,0,0,2,2,2,0,0,2,0,2,0,2,1,2,2,2,2,1,2,1,27
9043,2,2,1,1,0,0,2,1,1,0,0,1,2,2,2,0,0,0,0,2,1,20
9044,0,0,0,2,0,0,2,0,2,0,1,2,0,0,1,1,0,2,2,0,0,15
9045,1,1,2,1,1,1,0,0,2,0,1,1,2,1,0,2,0,1,0,2,1,20
9046,2,0,0,1,1,1,1,1,0,0,2,2,0,2,0,0,2,2,1,2,2,22
9047,0,1,0,2,0,0,0,0,2,1,0,0,0,1,0,1,0,2,2,2,1,15
9048,0,2,0,1,2,2,0,1,1,0,2,0,1,1,2,0,1,1,2,0,1,20
9049,1,1,2,1,2,2,2,2,0,1,0,2,2,2,2,2,1,2,2,0,0,29
9050,2,2,0,0,2,0,1,1,2,0,1,2,2,2,2,1,1,1,2,2,1,27
9051,2,0,1,2,0,1,2,2,0,2,1,0,0,0,1,1,1,2,0,2,1,21
9052,2,1,1,1,1,1,2,0,2,1,0,2,0,0,2,2,0,1,1,2,2,24
9053,2,2,2,1,2,2,2,1,1,2,1,2,1,0,1,2,2,1,1,0,1,29
9054,1,2,0,2,0,0,2,0,0,1,2,2,2,2,0,0,0,0,0,2,2,20
9055,2,2,0,2,1,1,0,0,2,2,2,0,0,2,0,2,1,2,2,1,0,24
9056,1,1,1,1,1,0,2,2,2,0,0,0,0,2,0,2,0,1,1,1,2,20
9057,2,1,1,2,2,0,0,1,2,1,2,2,0,2,1,2,1,0,0,2,2,26
9058,1,1,2,0,1,0,0,1,2,2,2,1,1,2,2,0,0,0,0,1,0,19
9059,2,0,1,1,2,0,1,2,2,0,1,0,0,1,0,1,2,1,1,1,2,21
9060,1,2,2,0,1,0,0,1,0,1,2,0,0,1,2,2,1,1,0,0,1,18
9061,0,0,0,0,1,1,0,2,0,0,1,0,0,1,1,2,1,1,2,2,1,16
9062,0,0,0,2,1,2,2,0,1,1,0,0,0,0,2,2,2,2,1,1,0,19
9063,1,2,2,0,0,2,0,2,2,1,0,1,2,1,2,0,2,0,2,1,2,25
9064,0,0,0,1,0,2,1,0,1,2,2,2,1,0,2,2,1,2,0,0,2,21
9065,2,1,0,1,2,1,2,1,2,1,1,2,2,0,1,2,0,0,2,0,1,24
9066,0,2,0,1,0,0,1,2,1,1,2,0,1,1,2,2,1,2,0,2,1,22
9067,0,1,1,0,2,2,1,0,1,2,1,2,1,2,2,1,1,2,0,2,2,26
9068,2,0,1,1,0,2,2,0,1,1,2,2,0,1,0,1,1,0,0,0,1,18
9069,2,1,2,0,1,2,1,2,0,1,1,0,1,1,0,0,2,2,2,1,2,24
9070,0,1,2,0,2,0,2,0,2,2,0,0,2,2,1,0,0,0,2,0,1,19
9071,1,1,2,1,2,2,1,1,2,0,1,0,2,2,2,0,0,0,1,0,2,23
9072,1,0,2,2,2,1,2,1,2,1,0,2,1,0,1,1,0,0,1,1,2,23
9073,2,0,2,1,1,1,0,1,2,1,0,0,0,2,1,2,2,0,1,0,0,19
9074,2,2,2,0,2,1,2,2,2,0,1,1,2,2,2,0,2,0,0,2,1,28
9075,2,2,1,0,0,1,2,2,2,2,1,2,1,2,0,0,2,1,2,2,0,27
9076,2,2,2,0,2,0,2,1,1,1,0,2,2,1,0,2,2,0,1,2,2,27
9077,1,1,2,2,2,1,1,0,1,0,2,0,2,2,1,0,0,0,2,0,0,20
9078,2,0,1,1,0,0,2,2,2,1,0,0,0,1,2,0,0,2,1,2,2,21
9079,1,1,2,1,1,2,2,1,0,1,2,2,0,0,1,2,0,2,0,2,1,24
9080,1,0,0,0,2,1,2,1,2,2,0,0,0,1,2,2,2,2,1,0,0,21
9081,1,1,0,2,2,1,0,2,2,0,1,2,2,1,1,2,1,0,0,2,2,25
9082,1,1,0,2,0,0,0,0,1,1,2,0,0,2,1,2,1,1,2,2,1,20
9083,0,2,1,0,2,1,2,2,1,0,2,0,0,0,0,2,0,0,1,0,1,17
9084,2,1,1,2,1,2,2,0,1,2,2,0,1,2,0,1,2,1,2,2,1,28
9085,1,1,0,2,2,1,2,1,1,0,1,1,0,0,2,2,2,1,2,1,1,24
9086,2,0,2,1,1,0,0,1,0,0,0,2,1,0,1,0,2,0,2,2,2,19
9087,1,0,1,1,1,0,2,1,1,0,1,2,2,0,2,0,1,2,1,0,2,21
9088,2,1,0,2,0,1,1,0,2,1,2,1,1,2,1,0,1,0,1,2,0,21
9089,1,1,1,1,1,1,2,0,0,2,1,0,2,0,0,0,0,0,1,1,1,16
9090,1,2,2,2,1,2,0,1,0,1,1,1,1,2,2,0,1,2,1,0,1,24
9091,2,1,0,0,2,2,1,0,0,1,0,1,2,0,1,1,2,0,2,0,0,18
9092,1,2,0,2,2,2,0,0,2,2,0,0,1,2,1,2,1,0,2,0,1,23
9093,1,2,2,2,1,2,1,2,0,2,1,2,1,1,2,2,1,1,2,0,1,29
9094,1,2,2,2,1,0,0,2,1,2,2,0,2,0,0,0,2,0,1,1,0,21
9095,1,0,0,0,2,0,2,1,2,0,2,2,1,1,2,2,2,2,1,2,2,27
9096,1,1,0,2,0,2,0,2,0,0,0,1,0,1,1,2,1,2,0,2,2,20
9097,0,2,2,2,2,0,0,2,2,0,1,2,2,1,2,0,2,0,1,2,1,26
9098,1,0,2,1,1,1,0,1,2,2,0,1,1,1,2,0,1,0,2,2,0,21
9099,0,2,2,0,2,0,0,2,0,0,2,1,1,2,1,2,2,0,2,0,1,22
9100,2,0,0,0,0,1,0,2,0,1,2,2,2,2,1,1,0,2,0,0,1,19
9101,2,1,2,2,1,1,2,0,2,0,2,2,0,1,0,0,0,0,2,1,0,21
9102,0,2,0,0,2,2,0,1,0,2,1,1,1,0,1,1,2,2,0,0,2,20
9103,2,0,2,0,1,1,0,1,1,2,1,2,1,0,0,2,2,0,0,2,2,22
9104,0,0,2,0,1,0,0,0,2,2,2,1,2,2,0,2,2,0,0,0,1,19
9105,1,1,2,0,1,1,2,1,1,2,2,2,2,0,1,2,1,1,1,2,2,28
9106,0,2,1,0,0,0,2,2,1,0,1,2,1,1,2,0,1,2,0,2,2,22
9107,0,1,2,0,0,0,1,0,1,0,0,2,0,1,1,0,2,1,1,2,2,17
9108,1,0,0,2,2,2,2,2,2,1,1,2,1,2,1,2,2,1,1,2,1,30
9109,0,1,1,2,2,0,0,0,1,1,2,0,1,2,1,2,1,2,1,2,1,23
9110,1,2,1,2,2,2,1,1,0,0,0,0,1,1,0,2,1,0,2,2,1,22
9111,2,0,0,1,0,2,2,1,2,2,1,0,1,2,0,1,2,2,2,0,1,24
9112,2,2,2,0,0,2,1,2,2,2,1,2,1,2,1,2,0,2,1,0,2,29
9113,0,2,0,1,0,2,1,1,2,1,0,0,2,1,1,0,2,2,0,2,1,21
9114,1,2,0,1,1,1,0,2,2,0,0,1,2,2,0,0,2,0,1,1,1,20
9115,2,0,0,2,1,1,0,1,2,2,2,1,1,1,2,2,1,1,0,0,1,23
9116,1,2,0,0,2,1,0,0,2,0,2,0,1,2,2,2,0,2,1,2,1,23
9117,2,0,0,2,2,2,1,1,1,2,2,2,2,2,0,0,1,1,2,0,2,27
9118,2,2,1,0,2,2,0,0,0,1,0,1,1,2,2,1,0,0,2,2,1,22
9119,0,1,0,0,2,1,1,1,0,1,0,2,2,2,0,0,1,1,1,0,2,18
9120,1,2,2,0,0,1,0,1,2,1,1,1,0,0,1,1,1,1,1,0,0,17
9121,0,0,0,0,0,0,1,2,0,1,1,1,0,2,0,1,0,2,2,1,1,15
9122,0,0,0,1,0,2,2,2,0,2,2,2,2,2,0,0,1,1,0,1,2,22
9123,0,1,0,1,1,0,1,2,0,1,2,0,1,1,1,0,0,1,0,1,2,16
9124,1,1,2,1,2,0,2,0,2,2,1,1,1,1,0,1,0,0,1,2,2,23
9125,0,2,2,1,2,1,1,2,1,1,1,1,2,0,2,1,1,2,2,0,0,25
9126,0,0,1,0,0,1,2,0,2,0,0,0,2,2,0,1,1,0,2,0,1,15
9127,0,1,2,0,1,0,2,0,2,2,1,0,2,2,2,1,0,1,0,2,0,21
9128,1,2,2,1,2,0,2,2,1,1,1,2,1,2,2,1,2,1,0,0,2,28
9129,1,2,0,1,1,0,2,2,0,2,0,2,2,2,0,0,1,0,1,0,2,21
9130,1,2,2,0,2,0,2,0,0,1,0,2,2,2,0,0,0,2,2,2,1,23
9131,2,0,2,2,0,1,1,1,2,0,0,1,0,1,2,2,2,1,0,1,1,22
9132,1,1,2,1,0,2,2,2,0,1,2,1,1,1,1,2,0,1,1,0,0,22
9133,2,1,1,1,2,2,2,0,0,0,2,2,0,0,1,1,2,2,1,0,0,22
9134,1,0,2,1,0,2,1,2,2,1,2,0,1,0,2,1,2,0,1,0,2,23
9135,0,1,0,2,2,0,0,2,0,2,1,0,0,2,0,2,0,2,0,2,0,18
9136,0,2,2,1,2,1,2,2,2,2,0,0,1,0,2,0,2,0,1,0,0,22
9137,1,2,1,2,1,1,1,0,1,1,2,1,0,1,0,0,0,2,0,1,2,20
9138,1,0,0,1,1,0,1,0,2,1,0,0,0,0,1,2,1,1,2,1,0,15
9139,2,0,0,1,1,1,1,1,1,2,0,2,1,0,0,2,0,0,2,1,0,18
9140,2,2,0,1,2,1,1,2,0,2,1,2,1,1,1,0,1,0,0,0,1,21
9141,2,1,2,0,0,0,1,1,0,0,0,2,0,2,0,0,0,1,1,2,0,15
9142,0,2,0,2,1,1,0,0,1,1,1,0,2,1,2,2,0,0,2,2,1,21
9143,1,1,2,2,0,0,1,2,0,2,0,1,1,2,2,1,2,2,0,1,0,23
9144,0,2,0,0,2,0,0,2,2,0,0,2,1,0,2,1,1,2,0,2,0,19
9145,2,2,2,0,2,1,1,1,1,1,0,1,2,1,2,2,0,0,1,1,1,24
9146,0,1,1,2,2,2,2,0,1,1,1,0,1,1,1,0,2,1,2,2,0,23
9147,0,0,2,0,0,1,0,2,2,2,1,0,1,0,0,0,1,2,0,1,2,17
9148,1,0,0,1,2,2,2,1,0,2,2,2,2,2,0,0,0,0,2,0,2,23
9149,2,2,0,1,2,2,1,1,1,0,0,2,2,2,1,1,2,1,2,0,1,26
9150,2,2,1,0,0,1,2,2,2,0,1,2,0,2,0,1,2,0,2,2,2,26
9151,1,2,1,0,0,1,0,1,1,0,2,1,1,2,1,0,0,0,1,1,0,16
9152,1,0,1,1,2,2,2,2,0,2,2,2,0,0,0,2,0,2,2,1,0,24
9153,0,0,1,0,1,2,0,1,1,1,1,1,0,1,2,1,2,1,1,0,2,19
9154,2,1,1,2,0,0,0,1,1,0,2,0,2,1,1,2,1,2,1,0,2,22
9155,1,1,1,2,2,0,2,1,1,0,0,1,1,1,1,0,0,2,2,0,0,19
9156,2,1,2,2,1,1,1,2,0,2,1,2,2,1,2,2,1,0,2,2,1,30
9157,1,0,2,2,2,1,2,2,2,0,2,0,0,1,2,2,1,2,1,2,2,29
9158,2,1,0,2,0,2,2,1,0,0,0,1,0,0,1,1,1,1,0,1,1,17
9159,0,1,1,0,2,0,0,1,2,2,1,2,2,0,0,2,2,0,0,1,2,21
9160,0,2,0,1,2,1,2,1,0,2,2,1,2,0,2,1,0,2,0,1,0,22
9161,0,2,0,1,0,2,1,1,2,2,2,1,0,1,1,1,0,1,2,0,0,20
9162,0,2,0,0,2,0,0,1,0,1,1,2,2,0,1,1,2,0,0,1,0,16
9163,1,2,1,0,2,1,0,2,0,2,1,2,1,2,1,1,2,2,1,2,1,27
9164,2,1,1,1,0,2,2,2,2,2,2,1,0,1,2,1,1,2,0,0,1,26
9165,1,1,0,0,1,2,0,2,0,1,0,0,2,1,0,0,1,0,1,1,2,16
9166,0,2,1,1,1,2,1,1,2,1,0,1,0,2,1,0,1,1,0,1,1,20
9167,1,1,0,0,0,2,2,0,2,0,2,2,2,2,0,1,0,0,1,0,0,18
9168,2,0,0,1,2,1,2,2,1,1,0,2,0,0,2,1,2,1,1,1,1,23
9169,1,1,2,1,2,2,2,2,1,2,0,0,1,0,0,2,2,2,2,2,1,28
9170,2,2,2,0,2,2,1,0,0,1,1,1,1,1,0,2,1,2,1,1,1,24
9171,2,2,2,1,0,0,1,2,1,1,2,2,0,2,1,0,1,2,0,0,0,22
9172,2,2,1,0,0,1,0,0,0,0,2,0,1,1,0,0,1,0,2,2,2,17
9173,1,0,2,1,2,2,2,2,2,0,2,2,1,2,0,2,2,0,1,2,0,28
9174,1,0,1,0,2,0,1,0,1,0,2,2,1,0,2,2,2,1,0,2,0,20
9175,2,2,0,1,0,1,2,0,1,2,0,2,0,2,0,2,2,1,2,1,1,24
9176,0,0,1,0,2,0,0,1,2,0,0,0,1,1,2,2,0,1,0,1,0,14
9177,1,1,1,2,2,2,0,2,0,0,2,0,0,0,1,0,1,2,2,0,1,20
9178,2,1,0,2,1,0,2,0,2,0,0,2,2,2,1,0,1,0,0,0,1,19
9179,0,0,2,0,1,2,1,1,1,0,2,2,2,0,0,2,0,1,1,2,1,21
9180,1,2,1,0,0,1,0,0,0,0,1,1,2,2,1,1,0,0,0,0,0,13
9181,1,0,0,2,0,1,0,0,1,1,2,1,1,1,2,1,0,2,2,1,2,21
9182,2,0,2,1,2,1,1,2,1,0,0,0,0,2,0,1,2,2,0,0,0,19
9183,1,2,2,0,0,1,0,0,2,2,2,2,2,2,0,0,2,0,1,1,2,24
9184,2,1,0,1,0,1,2,1,0,2,0,2,2,0,0,1,1,0,2,1,2,21
9185,0,2,0,2,0,1,0,2,0,2,0,0,1,0,0,2,2,1,2,0,2,19
9186,1,2,1,0,0,2,0,1,2,0,2,0,1,1,1,0,0,1,2,1,2,20
9187,1,2,2,0,0,2,2,2,2,2,0,1,1,1,0,0,2,1,1,1,0,23
9188,2,0,1,1,2,0,2,0,0,0,0,0,1,0,1,2,2,2,1,0,1,18
9189,2,0,2,2,1,1,2,0,2,0,1,2,0,1,0,1,1,0,1,1,2,22
9190,1,0,2,1,2,2,2,2,2,2,2,1,2,1,1,1,0,0,0,2,0,26
9191,1,2,1,2,2,2,0,0,0,0,2,1,1,2,1,1,0,1,0,0,0,19
9192,1,2,1,0,1,0,2,1,1,1,1,2,2,1,1,2,1,2,1,0,0,23
9193,1,1,1,2,0,2,1,0,2,0,1,1,0,0,1,2,2,0,0,1,1,19
9194,0,0,0,0,0,0,1,1,0,1,1,1,0,1,2,2,2,2,2,2,1,19
9195,2,1,0,1,2,2,0,2,0,1,1,1,0,2,1,1,0,1,1,2,1,22
9196,0,1,0,1,2,1,1,1,2,0,0,0,1,2,0,1,2,0,0,2,0,17
9197,2,1,1,0,0,1,1,0,0,1,2,1,2,2,2,2,0,0,0,1,2,21
9198,2,0,2,1,0,0,2,1,2,2,1,0,2,0,1,1,0,2,2,1,2,24
9199,1,2,1,0,2,2,0,1,0,0,2,2,1,2,2,1,2,0,1,1,0,23
9200,1,1,0,0,2,1,2,2,2,0,1,1,2,0,2,1,2,2,2,1,2,27
9201,1,1,0,2,1,2,2,1,1,0,2,0,2,0,0,2,2,1,0,0,2,22
9202,0,0,0,1,0,2,0,1,2,2,1,1,2,0,1,2,2,1,2,1,0,21
9203,2,1,1,0,1,0,1,0,0,1,0,1,0,1,0,2,0,2,1,2,0,16
9204,0,1,0,0,2,0,2,2,2,0,0,2,2,2,1,0,2,0,1,2,2,23
9205,2,2,1,1,2,1,0,1,0,2,1,2,0,1,1,1,2,2,0,0,1,23
9206,0,0,1,1,2,1,1,2,2,2,0,0,1,2,2,0,1,2,0,0,2,22
9207,1,2,1,2,0,0,1,0,2,1,2,0,1,0,1,1,1,0,0,2,1,19
9208,0,1,1,2,0,0,1,2,1,2,0,1,1,0,2,1,1,1,1,1,2,21
9209,2,0,0,2,1,1,2,1,2,0,1,1,2,2,2,1,1,0,1,1,2,25
9210,1,1,2,0,1,2,0,1,2,1,0,2,2,2,2,1,0,1,1,1,2,25
9211,2,0,0,0,0,1,2,0,2,1,0,2,2,1,0,1,1,1,2,0,2,20
9212,0,1,1,1,0,2,0,1,0,2,1,0,2,0,2,0,0,0,0,0,2,15
9213,1,0,2,1,0,2,1,0,2,1,2,0,1,2,0,2,1,0,1,0,1,20
9214,2,1,0,2,1,1,0,2,2,1,0,1,0,0,2,2,1,2,0,1,1,22
9215,1,1,2,2,1,2,0,0,2,2,0,2,2,0,2,0,2,1,2,1,2,27
9216,0,2,0,0,2,1,2,1,0,0,1,0,0,0,2,1,1,2,0,2,0,17
9217,0,2,2,0,0,2,2,0,1,0,1,2,1,1,2,0,1,2,1,1,1,22
9218,1,1,1,0,2,2,2,1,1,1,1,1,2,2,0,0,1,2,2,2,0,25
9219,2,1,2,0,1,0,0,0,2,2,1,1,0,1,0,0,1,0,1,1,0,16
9220,1,1,1,0,0,2,1,2,0,2,1,2,1,1,0,1,2,1,1,1,1,22
9221,2,1,2,2,1,0,2,2,1,0,0,0,1,2,0,0,1,1,2,1,1,22
9222,0,0,2,2,2,2,1,1,0,2,1,0,0,1,1,2,2,2,0,0,0,21
9223,1,0,2,2,0,2,2,0,0,1,1,1,0,0,0,1,1,0,2,2,1,19
9224,1,2,0,2,2,1,1,0,1,1,1,1,1,0,0,0,2,2,1,2,2,23
9225,1,0,2,0,0,2,2,0,1,0,2,1,0,2,2,1,1,1,0,0,0,18
9226,2,0,2,2,1,2,2,2,0,0,2,1,1,0,2,0,2,1,0,0,1,23
9227,1,0,2,2,2,2,2,2,0,0,1,1,1,1,1,2,0,2,0,0,0,22
9228,1,0,2,1,2,1,2,0,0,0,2,2,2,2,1,0,1,1,1,2,0,23
9229,1,1,2,0,0,0,0,2,1,0,1,0,1,2,1,2,2,0,1,2,2,21
9230,1,2,0,0,2,1,1,2,2,1,2,0,1,2,2,0,1,1,1,0,1,23
9231,2,2,1,0,2,2,2,1,0,0,1,1,0,1,2,2,2,1,1,0,2,25
9232,2,2,0,0,0,0,2,1,2,1,1,1,1,1,1,0,0,2,2,0,1,20
9233,2,0,1,0,0,1,1,1,0,2,2,0,0,1,1,1,2,1,0,2,1,19
9234,0,1,1,2,0,2,2,0,1,1,1,0,1,0,2,2,2,2,2,2,2,26
9235,2,2,0,1,2,0,1,1,0,0,1,2,0,2,0,1,1,1,0,0,1,18
9236,1,2,1,0,2,2,1,2,0,1,2,1,2,0,2,1,2,1,2,1,1,27
9237,1,1,2,2,0,0,0,1,0,0,2,2,0,0,1,0,1,0,0,0,0,13
9238,0,2,1,1,1,1,1,0,0,0,1,1,1,2,0,0,1,0,1,2,0,16
9239,2,2,0,1,0,0,0,1,1,1,0,2,1,2,0,2,1,2,2,2,2,24
9240,2,0,1,0,0,1,1,1,1,2,0,1,0,0,0,1,0,2,2,2,1,18
9241,0,2,0,1,0,2,0,0,2,2,0,2,0,0,1,0,2,2,0,0,1,17
9242,2,1,2,2,0,0,0,1,0,0,2,1,1,1,2,1,0,1,2,1,2,22
9243,0,0,1,1,0,1,0,0,0,2,1,0,2,1,1,0,2,0,2,2,1,17
9244,0,2,1,0,0,2,2,1,1,0,1,1,1,1,0,1,2,0,1,1,0,18
9245,1,1,2,2,2,0,1,1,2,0,1,1,1,2,1,1,0,0,1,2,2,24
9246,2,2,1,1,1,2,2,2,0,2,1,1,1,1,0,2,2,0,0,2,2,27
9247,1,2,1,2,1,0,0,2,1,2,2,1,1,1,2,0,0,1,2,1,1,24
9248,1,2,2,1,1,1,0,1,1,2,0,1,1,2,1,2,0,1,1,2,2,25
9249,0,1,1,0,2,1,2,2,1,0,1,0,0,1,2,0,1,1,0,0,2,18
9250,2,2,0,2,0,2,0,1,0,1,2,1,1,0,2,1,1,1,2,2,2,25
9251,1,1,0,2,1,1,2,1,2,2,1,1,2,0,0,2,1,0,0,1,0,21
9252,0,0,2,2,0,1,1,2,0,2,2,2,2,2,2,2,2,1,2,1,1,29
9253,2,0,2,0,2,2,1,1,0,1,1,2,2,0,2,1,2,0,2,1,1,25
9254,0,2,2,1,1,0,2,2,1,1,0,2,2,2,2,2,0,0,2,1,1,26
9255,0,0,0,1,1,1,2,0,1,2,1,1,2,0,1,1,1,1,0,2,0,18
9256,0,2,1,0,0,1,2,2,1,0,1,0,0,1,2,2,0,1,2,1,0,19
9257,0,1,0,2,0,2,0,1,1,0,1,1,1,2,2,0,2,1,0,2,0,19
9258,1,0,2,1,2,1,0,1,0,1,0,2,2,0,0,1,2,2,2,0,2,22
9259,2,0,2,1,2,0,1,0,0,0,2,0,2,1,0,2,0,0,2,2,1,20
9260,2,1,1,1,1,1,1,0,1,0,1,1,1,0,2,1,2,0,2,2,2,23
9261,2,0,2,2,0,1,1,1,1,1,2,2,0,1,2,2,1,2,1,1,0,25
9262,1,1,1,2,2,0,2,0,2,1,2,0,2,2,0,1,2,2,1,0,2,26
9263,2,1,0,0,2,1,2,1,1,2,0,2,1,2,0,0,2,2,0,2,2,25
9264,1,1,1,2,2,2,1,0,0,2,0,1,0,0,2,0,1,1,1,1,1,20
9265,0,1,0,2,2,2,1,0,0,0,2,0,0,2,2,0,1,0,0,2,1,18
9266,0,1,2,2,2,0,0,2,1,1,1,2,2,0,1,0,1,1,0,0,0,19
9267,2,1,0,1,1,2,1,1,2,2,1,2,0,1,1,1,2,2,1,0,0,24
9268,0,1,2,2,2,1,0,2,2,0,0,0,2,1,2,2,2,0,1,1,2,25
9269,2,0,1,0,2,2,0,2,2,2,2,0,2,2,1,2,1,0,0,2,0,25
9270,0,0,2,2,0,1,2,1,2,1,1,1,1,1,2,0,1,0,0,2,0,20
9271,0,1,0,1,1,0,0,2,0,1,0,1,1,0,2,2,2,0,2,2,2,20
9272,0,1,1,0,2,2,1,0,0,0,2,2,2,2,0,2,2,1,1,0,2,23
9273,0,1,0,1,2,1,2,0,2,1,2,0,1,2,2,0,2,2,0,2,1,24
9274,0,2,1,1,1,0,2,0,2,2,1,1,0,1,2,1,0,1,0,0,1,19
9275,2,2,1,2,0,1,2,1,2,0,2,1,1,1,1,1,1,2,0,2,1,26
9276,2,2,0,2,0,2,0,1,0,2,1,2,1,2,1,2,2,2,0,0,0,24
9277,0,1,0,1,1,0,1,0,2,2,1,0,1,2,2,1,1,1,2,1,1,21
9278,2,1,0,2,0,1,2,0,1,0,2,2,0,2,1,0,1,2,2,0,1,22
9279,2,0,1,2,0,0,1,1,0,2,2,2,1,1,0,0,0,1,0,1,2,19
9280,0,2,1,2,0,0,0,0,2,2,2,2,0,2,2,2,2,0,0,2,1,24
9281,0,2,2,2,0,1,1,0,2,1,2,0,2,0,0,2,2,2,2,1,2,26
9282,1,1,2,1,2,1,0,1,2,1,1,1,2,1,2,2,2,0,1,2,0,26
9283,2,1,1,1,1,2,1,1,1,1,0,1,1,0,1,0,2,0,2,2,2,23
9284,1,1,2,0,0,0,0,2,0,2,0,2,0,0,2,2,2,0,0,0,0,16
9285,2,1,0,0,2,1,0,0,1,2,2,0,2,0,2,0,1,2,0,1,1,20
9286,2,0,1,2,0,0,0,2,2,2,0,1,2,1,1,1,0,1,1,0,1,20
9287,0,2,0,2,0,0,0,2,1,2,0,0,0,0,2,0,1,1,0,1,1,15
9288,2,2,1,0,2,2,0,1,0,1,2,0,0,1,2,0,1,1,0,0,2,20
9289,1,0,2,0,1,2,0,1,1,1,1,0,1,1,1,2,1,2,1,1,2,22
9290,2,1,0,2,0,2,1,1,0,0,1,0,2,2,2,2,2,2,0,2,2,26
9291,2,2,0,0,1,1,0,1,0,1,0,0,0,2,0,2,2,1,1,0,2,18
9292,2,2,2,0,1,0,1,1,2,0,0,2,1,1,1,0,0,2,0,1,2,21
9293,1,0,1,0,0,2,2,1,0,1,2,0,2,2,1,2,0,0,0,0,0,17
9294,1,0,2,1,1,0,1,1,0,1,0,1,0,0,1,2,1,1,1,1,0,16
9295,0,1,0,0,2,2,2,1,0,0,1,1,0,1,2,1,2,0,0,0,2,18
9296,1,2,2,0,2,0,2,1,0,1,0,1,0,1,2,0,2,2,1,1,1,22
9297,1,0,1,2,2,2,1,1,1,1,2,2,1,2,1,1,2,2,1,1,2,29
9298,0,2,1,0,0,2,2,0,2,1,0,1,2,1,2,0,0,2,2,2,0,22
9299,1,2,2,2,0,0,2,0,0,2,2,0,2,2,2,0,0,1,2,0,1,23
9300,0,0,2,1,1,2,2,0,0,2,1,1,0,2,0,0,1,0,1,1,1,18
9301,2,1,0,0,0,0,0,2,0,0,0,0,1,2,0,0,1,0,1,0,2,12
9302,0,0,2,0,0,2,1,0,2,2,0,2,2,2,0,2,0,1,0,0,1,19
9303,2,1,0,1,2,1,0,2,1,2,0,0,1,2,2,0,0,0,0,2,0,19
9304,2,2,1,1,1,0,0,0,2,2,0,0,2,2,0,1,1,2,0,1,2,22
9305,0,1,2,2,0,2,2,0,2,0,1,0,2,0,0,2,0,2,2,0,2,22
9306,1,2,1,1,1,2,2,0,0,0,1,2,2,2,0,0,2,2,1,1,2,25
9307,2,0,1,2,0,0,0,2,0,0,1,0,2,2,2,1,0,0,2,0,2,19
9308,2,0,2,0,0,2,1,2,0,2,0,1,1,1,2,0,1,2,0,1,2,22
9309,0,2,0,0,0,2,0,2,1,1,2,1,0,0,1,1,2,0,0,1,2,18
9310,2,2,1,2,1,2,0,0,0,2,0,1,2,0,0,1,0,0,0,0,0,16
9311,1,1,2,1,2,1,1,1,1,0,2,1,1,0,1,2,2,1,0,1,1,23
9312,1,2,2,2,1,0,0,0,1,2,1,1,1,0,1,1,1,2,0,1,1,21
9313,1,2,0,0,1,0,1,1,2,1,2,0,1,1,1,0,2,2,0,2,0,20
9314,1,2,1,1,2,1,0,2,2,1,1,2,0,1,0,0,2,1,2,0,0,22
9315,1,1,2,2,1,1,2,2,2,2,2,1,2,2,1,1,1,0,1,1,2,30
9316,1,2,1,0,2,0,2,2,1,1,2,2,0,0,1,0,0,0,0,2,2,21
9317,1,2,2,1,1,1,1,2,1,1,0,1,0,1,2,2,0,1,2,2,0,24
9318,2,0,0,0,0,0,0,1,1,2,2,1,0,0,2,2,1,1,1,2,1,19
9319,1,1,2,2,2,2,0,2,1,0,2,2,0,2,1,1,0,1,2,1,1,26
9320,1,0,2,0,1,2,0,2,0,1,0,1,1,1,2,2,0,0,1,1,2,20
9321,1,1,0,1,2,2,2,0,2,0,2,0,2,2,2,2,1,1,0,0,2,25
9322,0,1,1,2,0,2,1,2,1,1,0,1,0,2,0,1,1,0,2,1,2,21
9323,2,0,2,0,1,0,0,1,0,2,2,1,0,0,0,2,2,1,0,2,1,19
9324,1,1,2,2,0,2,2,0,2,0,2,0,1,0,2,0,1,2,2,1,0,23
9325,2,0,1,0,1,2,2,1,0,0,1,2,1,0,0,1,0,0,0,2,0,16
9326,1,0,1,1,1,0,1,2,1,2,0,1,2,2,1,0,1,2,1,2,2,24
9327,1,1,1,0,2,1,0,0,2,1,0,1,0,2,0,2,0,2,2,1,0,19
9328,0,0,0,1,2,2,2,2,0,0,1,1,0,1,0,0,0,0,1,1,2,16
9329,0,1,1,2,2,1,1,2,1,0,0,0,0,1,1,1,0,2,2,1,2,21
9330,2,1,0,2,2,1,1,0,1,0,2,0,0,1,0,1,1,1,1,1,1,19
9331,0,2,0,1,0,0,1,0,0,0,0,0,1,2,2,0,1,1,1,2,2,16
9332,2,1,2,2,0,2,1,0,0,1,0,0,0,2,2,0,2,2,2,0,1,22
9333,0,0,2,0,1,1,0,0,1,0,0,2,1,1,2,2,1,0,2,0,0,16
9334,2,1,2,1,0,0,2,0,0,2,1,0,2,1,0,0,2,2,0,2,2,22
9335,1,2,2,2,2,1,1,0,2,0,2,1,1,1,0,1,0,1,0,1,0,21
9336,1,0,2,1,2,2,1,1,1,2,0,2,0,1,2,2,2,0,1,2,2,27
9337,0,1,0,0,1,0,2,1,0,2,0,1,1,0,1,0,1,0,1,0,0,12
9338,1,2,2,1,0,2,0,1,2,1,1,0,0,2,0,2,1,0,2,2,0,22
9339,0,0,0,2,0,2,2,2,2,2,0,1,2,1,1,0,1,0,0,2,0,20
9340,2,0,0,0,1,2,2,1,1,0,2,1,1,2,2,1,0,0,0,2,0,20
9341,2,2,1,0,1,1,2,0,1,0,0,1,0,2,2,1,0,0,2,1,2,21
9342,2,1,1,2,0,0,0,0,1,1,0,1,2,0,0,0,2,1,0,1,0,15
9343,2,2,0,0,1,0,0,1,2,0,0,1,1,2,1,0,0,0,2,1,2,18
9344,2,1,0,2,2,1,2,0,2,2,0,1,0,2,0,0,0,1,0,2,1,21
9345,1,1,1,0,0,1,1,2,1,0,2,0,0,1,1,0,0,1,2,0,1,16
9346,0,0,2,2,2,1,0,0,2,1,1,0,0,0,1,0,1,0,1,0,0,14
9347,1,1,0,0,2,1,2,2,0,2,0,1,0,2,0,2,2,1,2,0,2,23
9348,0,2,1,1,2,1,0,1,2,2,0,0,1,2,1,2,1,2,0,1,2,24
9349,2,2,0,1,0,1,1,1,0,0,2,2,0,0,0,2,0,2,0,0,0,16
9350,2,1,1,1,0,2,0,1,2,2,2,1,0,0,0,2,2,2,1,1,2,25
9351,0,2,1,1,0,1,2,2,0,1,0,1,0,0,0,0,0,1,2,1,0,15
9352,1,2,1,0,0,2,2,0,2,1,2,1,2,1,2,2,2,2,0,0,1,26
9353,0,0,1,1,0,0,2,2,0,2,0,1,2,2,0,0,0,2,0,0,0,15
9354,2,0,2,2,1,0,0,2,0,0,1,2,1,1,2,1,1,1,0,1,0,20
9355,0,0,2,0,0,0,2,2,2,1,0,0,1,1,2,1,0,2,1,1,0,18
9356,2,1,2,0,0,2,2,2,1,0,1,2,0,2,0,2,2,2,1,0,1,25
9357,0,1,1,2,0,2,0,0,1,0,1,1,0,2,0,0,0,2,0,1,2,16
9358,2,0,1,2,1,2,0,1,2,1,0,0,2,0,2,0,0,1,0,1,0,18
9359,1,2,1,2,0,1,0,2,2,0,0,0,2,1,0,2,1,2,2,0,1,22
9360,2,1,2,1,0,0,2,0,0,0,2,0,1,2,0,0,0,1,1,0,1,16
9361,2,1,2,0,2,1,2,1,2,0,1,0,0,2,1,0,1,0,2,1,2,23
9362,1,1,1,2,1,0,1,1,1,1,0,2,2,1,2,1,0,2,1,2,2,25
9363,2,1,1,1,2,2,1,0,0,2,2,2,2,2,0,0,2,1,0,0,2,25
9364,1,2,0,1,1,0,2,2,0,0,0,2,2,1,2,2,0,1,0,0,2,21
9365,1,2,2,1,1,0,0,1,1,1,1,1,0,2,0,1,2,2,1,1,1,22
9366,0,2,2,0,2,0,0,2,0,1,2,1,0,2,0,2,0,0,2,0,0,18
9367,0,1,1,1,2,0,0,0,0,1,0,1,2,1,2,2,2,0,0,0,2,18
9368,2,2,2,0,2,1,0,1,0,1,1,2,2,1,2,1,1,1,2,2,1,27
9369,1,1,2,1,2,2,0,2,1,0,1,0,1,0,1,0,1,0,0,0,0,16
9370,2,1,2,2,2,2,2,2,1,0,1,2,1,1,0,2,0,2,0,0,2,27
9371,0,0,1,2,2,1,1,2,0,1,2,1,0,1,2,2,1,1,1,1,0,22
9372,2,0,1,0,0,2,0,2,2,2,2,1,1,2,0,2,2,0,0,2,1,24
9373,0,0,2,0,1,0,0,2,1,0,0,0,0,2,0,2,1,2,2,1,0,16
9374,2,1,1,2,2,0,0,0,2,2,1,1,0,1,1,0,0,0,2,2,0,20
9375,0,0,0,2,2,2,2,0,1,1,0,1,1,1,1,0,1,1,0,0,2,18
9376,2,1,1,0,0,1,2,0,1,2,0,0,2,1,2,2,1,1,1,0,2,22
9377,1,0,0,0,2,1,0,1,2,1,0,0,1,1,1,0,0,1,0,1,2,15
9378,1,2,2,1,1,1,0,1,0,0,2,1,2,1,1,0,0,1,1,1,0,19
9379,2,1,1,1,0,1,2,0,0,1,2,1,0,1,0,0,1,0,0,2,2,18
9380,1,0,1,1,0,0,0,0,0,0,2,0,2,1,1,0,0,1,0,0,1,11
9381,0,1,1,2,1,2,0,2,2,0,0,1,1,0,2,1,0,0,0,0,0,16
9382,1,1,1,1,1,1,1,0,1,2,1,1,0,2,1,2,1,0,1,0,1,20
9383,0,0,0,0,1,0,1,0,2,2,0,2,2,0,2,2,1,1,2,0,1,19
9384,2,0,0,0,2,1,0,1,0,2,1,2,0,1,2,0,1,2,2,0,1,20
9385,1,2,1,0,1,0,2,2,1,2,1,0,2,2,2,0,1,1,2,2,2,27
9386,1,2,2,2,2,1,2,0,0,2,0,1,1,2,0,1,0,1,1,1,2,24
9387,1,2,0,1,2,1,0,1,2,2,0,1,1,0,0,0,1,0,0,2,0,17
9388,0,2,1,2,2,0,1,1,0,1,2,2,2,0,0,0,1,2,1,0,0,20
9389,2,0,0,2,1,1,1,2,2,1,1,1,2,2,0,1,1,2,0,2,0,24
9390,2,1,1,2,2,1,2,1,2,0,2,1,2,2,1,2,2,1,1,0,2,30
9391,0,2,2,0,2,0,2,2,1,0,1,1,0,0,1,2,1,0,1,2,1,21
9392,2,1,2,2,0,2,0,2,0,0,2,2,1,2,2,0,1,2,0,0,2,25
9393,1,1,2,1,2,0,2,1,2,1,0,2,0,2,2,2,1,2,2,2,1,29
9394,2,0,2,2,2,0,2,0,1,2,1,0,2,1,2,2,1,2,2,0,0,26
9395,0,2,2,0,1,2,0,2,1,2,1,2,2,2,2,0,0,2,0,2,2,27
9396,1,0,1,0,0,1,2,1,2,0,1,0,1,0,1,1,1,1,1,1,1,17
9397,0,1,2,1,0,1,0,2,0,1,1,0,0,1,2,1,1,1,0,1,1,17
9398,1,1,0,0,0,1,1,2,2,1,1,0,1,0,0,0,0,2,0,1,1,15
9399,0,2,1,1,2,1,0,0,1,2,0,2,2,0,1,1,1,2,2,2,2,25
9400,0,0,2,2,1,0,0,1,0,0,1,1,1,0,0,0,1,0,0,1,2,13
9401,1,2,1,0,1,2,0,2,2,1,2,1,0,1,2,1,0,1,0,2,1,23
9402,2,2,1,1,2,0,0,2,1,0,0,1,2,2,1,0,2,1,2,1,1,24
9403,1,0,0,2,2,1,2,1,1,2,2,2,0,1,2,1,1,1,1,1,2,26
9404,1,2,1,1,2,2,1,2,0,1,0,1,2,0,1,0,2,2,0,2,2,25
9405,1,1,2,0,2,2,1,0,2,0,2,0,2,1,0,2,0,0,2,0,0,20
9406,0,2,2,1,1,2,0,2,2,0,2,0,2,1,1,2,2,1,0,1,1,25
9407,2,2,1,1,0,2,0,0,2,0,1,2,0,0,2,1,0,2,1,2,0,21
9408,1,2,0,1,1,0,0,2,2,0,1,0,1,1,2,1,2,1,1,0,1,20
9409,2,0,0,1,2,1,0,0,0,1,2,1,0,0,0,1,1,2,1,1,1,17
9410,0,1,2,2,0,1,2,2,0,1,0,2,1,2,1,0,1,2,1,0,0,21
9411,2,0,1,1,0,2,2,1,0,1,1,0,1,0,2,0,0,1,0,2,1,18
9412,2,1,2,0,2,1,1,1,2,1,1,2,2,0,2,0,1,0,1,2,1,25
9413,1,1,2,1,1,1,2,1,0,1,2,1,1,0,0,1,1,1,0,0,1,19
9414,1,1,2,1,1,2,0,2,1,1,2,1,2,1,2,2,2,1,0,1,1,27
9415,1,1,0,0,0,0,2,0,1,1,1,2,1,2,0,0,2,1,1,1,0,17
9416,1,0,2,2,2,0,0,1,1,1,1,1,2,2,1,1,2,0,1,1,2,24
9417,2,2,2,2,0,1,0,2,1,0,2,1,1,0,2,0,2,0,2,1,0,23
9418,2,2,0,0,0,2,2,1,1,0,1,2,2,2,1,0,2,1,0,0,0,21
9419,1,2,2,0,2,2,2,0,1,0,0,1,2,0,1,2,0,2,2,1,2,25
9420,1,2,0,1,1,2,2,0,1,2,2,2,1,0,2,2,0,2,0,1,2,26
9421,1,0,0,2,2,0,0,1,0,1,2,2,2,0,0,0,2,0,0,2,1,18
9422,1,0,1,1,1,2,1,0,1,0,1,0,0,1,2,0,1,2,2,1,0,18
9423,1,0,1,1,0,1,1,2,1,0,2,1,1,2,1,1,0,0,0,0,0,16
9424,1,2,2,2,2,2,1,0,0,0,1,0,2,1,0,1,1,2,1,2,1,24
9425,1,2,1,0,1,1,1,1,2,2,0,0,2,2,1,1,1,1,2,2,0,24
9426,1,2,2,2,2,0,2,1,0,2,2,0,1,2,2,0,1,1,2,0,0,25
9427,1,0,2,0,1,0,0,1,1,2,0,0,0,2,1,1,1,0,0,1,2,16
9428,1,2,2,1,1,1,0,0,0,1,2,0,2,1,2,0,2,0,1,0,0,19
9429,2,2,2,2,0,0,1,1,1,2,1,0,0,1,2,1,2,1,2,0,1,24
9430,2,1,0,1,0,2,1,1,1,1,2,1,0,1,1,1,0,1,2,0,1,20
9431,0,2,1,2,2,2,0,2,2,1,0,0,1,1,0,1,2,1,2,0,2,24
9432,0,1,1,2,1,2,1,1,2,2,2,2,0,2,0,2,2,0,0,0,2,25
9433,1,0,0,1,0,2,2,1,2,2,2,1,1,2,1,2,0,1,0,2,2,25
9434,1,1,0,2,1,2,1,1,2,1,1,1,1,0,2,2,1,2,0,0,0,22
9435,1,1,0,0,0,0,1,0,2,1,0,1,1,2,0,0,1,1,2,1,2,17
9436,0,0,1,1,1,1,2,0,0,0,0,2,2,1,2,0,0,2,1,0,1,17
9437,0,2,0,2,0,1,1,2,1,2,1,1,0,0,2,0,1,2,0,1,0,19
9438,1,1,0,2,0,1,1,2,0,0,0,0,0,1,1,2,2,1,1,1,1,18
9439,0,0,1,1,1,2,2,2,1,0,0,0,2,0,0,2,2,2,1,1,2,22
9440,1,2,0,2,2,1,1,1,2,2,0,0,0,2,2,2,1,0,2,1,2,26
9441,0,2,2,0,1,0,2,2,0,0,2,1,1,0,2,2,1,1,0,0,2,21
9442,0,0,1,2,1,0,1,1,2,1,0,0,0,2,2,2,0,0,1,1,2,19
9443,0,1,2,0,2,0,2,0,2,2,0,0,1,2,1,1,0,1,2,2,0,21
9444,1,1,1,2,0,0,1,0,0,0,2,0,2,2,1,0,0,0,2,1,2,18
9445,2,0,0,0,0,2,1,2,1,2,2,1,1,2,0,2,1,1,1,1,2,24
9446,0,1,1,2,2,2,0,0,1,0,1,1,2,1,1,0,2,1,2,2,1,23
9447,1,1,2,1,2,2,1,1,1,2,0,0,0,0,1,2,1,2,2,1,0,23
9448,0,0,2,0,1,2,2,0,1,1,0,1,1,1,2,0,1,0,2,1,0,18
9449,0,0,2,0,1,0,0,1,0,0,0,1,2,0,2,1,1,0,2,2,0,15
9450,0,2,0,1,2,1,0,0,2,0,2,0,0,1,0,2,2,1,1,0,0,17
9451,1,2,2,2,2,1,1,1,0,0,1,0,1,1,0,2,2,1,2,1,2,25
9452,2,1,1,1,1,2,2,2,1,2,1,2,0,1,1,2,2,2,0,1,2,29
9453,1,2,2,1,2,0,1,2,2,2,1,1,1,0,2,2,0,0,1,1,2,26
9454,0,0,2,1,2,2,2,2,0,1,0,1,0,2,2,1,1,0,2,0,1,22
9455,2,2,0,1,1,1,0,0,1,2,2,0,2,1,0,0,2,1,1,1,1,21
9456,2,0,0,0,2,2,0,2,0,2,2,1,2,0,2,0,0,1,1,2,0,21
9457,2,0,1,0,2,2,2,1,2,2,2,2,1,2,2,1,0,1,2,2,2,31
9458,0,1,0,2,0,1,0,0,1,1,0,1,1,0,1,2,2,1,2,1,2,19
9459,2,1,2,2,2,1,1,2,2,0,0,2,1,0,1,2,2,0,2,2,2,29
9460,1,2,0,2,0,0,1,0,0,2,2,0,2,2,1,1,2,0,2,1,0,21
9461,1,0,1,1,0,2,0,0,0,2,2,0,0,1,2,2,0,1,1,1,1,18
9462,0,0,2,1,1,1,0,0,1,2,0,0,2,2,0,2,2,2,1,2,2,23
9463,2,1,0,0,0,2,1,1,1,1,0,0,2,2,1,2,1,1,1,2,2,23
9464,2,0,0,0,0,0,1,2,1,0,0,0,2,1,0,0,2,2,0,2,2,17
9465,2,1,1,1,2,2,0,2,2,0,0,2,0,0,2,1,0,1,0,0,1,20
9466,0,0,0,2,1,1,1,2,0,0,2,2,0,1,0,2,2,1,0,1,2,20
9467,2,0,2,0,2,1,2,2,1,2,0,0,0,0,1,0,2,1,1,0,2,21
9468,2,2,0,1,2,1,2,2,0,1,1,2,2,2,1,1,1,1,1,1,2,28
9469,1,0,1,0,1,1,0,0,1,0,2,1,2,1,1,2,0,1,0,0,2,17
9470,2,2,1,0,0,0,2,2,1,0,0,2,0,0,1,2,1,0,1,0,1,18
9471,2,2,2,0,2,1,1,1,1,0,1,2,0,2,2,1,1,2,2,0,2,27
9472,2,1,2,0,0,2,0,1,2,2,2,0,1,2,2,1,1,2,0,1,1,25
9473,2,2,2,1,1,1,1,2,2,1,2,1,0,2,0,1,1,1,0,1,2,26
9474,2,1,0,2,0,0,2,0,2,0,1,2,2,1,0,1,1,1,1,2,0,21
9475,1,1,1,2,2,0,2,0,1,2,2,1,0,0,2,2,2,1,2,1,2,27
9476,2,0,2,0,0,0,1,0,2,2,2,1,0,0,1,1,2,1,2,0,0,19
9477,2,0,0,1,1,0,1,0,0,2,2,1,1,1,0,2,1,0,2,0,2,19
9478,1,1,0,1,2,1,1,0,1,0,2,0,2,1,2,0,0,1,1,0,2,19
9479,0,2,1,1,2,0,1,0,2,2,2,1,0,2,1,1,2,2,0,2,2,26
9480,0,1,0,0,0,2,1,1,0,2,0,2,2,2,0,2,0,1,1,0,0,17
9481,1,0,2,2,0,0,1,0,2,0,0,1,2,2,0,1,0,1,2,2,0,19
9482,0,2,0,1,0,1,2,2,0,1,0,1,2,2,0,2,0,0,1,0,1,18
9483,0,2,1,0,1,1,1,1,1,2,2,2,0,0,0,0,0,2,1,0,0,17
9484,2,1,2,0,1,1,2,2,0,1,2,0,2,0,0,1,0,2,1,2,1,23
9485,0,1,2,0,2,2,0,1,0,2,0,0,2,2,1,1,1,1,2,1,2,23
9486,1,2,2,0,2,2,0,0,2,1,2,1,0,2,1,0,2,1,0,0,2,23
9487,0,1,1,1,0,1,0,0,1,2,1,1,1,2,0,0,1,1,0,2,0,16
9488,1,1,2,2,0,0,2,1,1,1,2,0,0,2,2,1,1,0,1,1,0,21
9489,2,0,2,0,0,1,0,2,1,2,2,0,1,2,2,1,0,2,2,1,2,25
9490,2,0,1,2,0,1,2,1,2,1,2,2,2,2,2,1,2,1,1,2,1,30
9491,1,2,0,2,0,0,2,2,2,2,2,2,2,2,2,0,0,2,0,0,1,26
9492,0,1,2,0,2,2,0,0,2,1,2,0,1,0,1,0,0,1,0,2,1,18
9493,0,2,0,2,1,1,1,0,0,1,0,2,2,1,2,1,2,1,1,1,1,22
9494,2,0,2,0,1,2,1,0,1,1,1,1,1,0,0,0,0,2,1,1,0,17
9495,1,0,2,2,1,2,1,1,1,1,2,1,2,2,0,0,0,2,0,0,0,21
9496,0,1,0,2,0,2,1,0,2,1,2,1,0,0,1,2,0,0,2,0,2,19
9497,2,1,2,0,2,0,0,1,2,1,0,2,2,2,1,1,0,1,1,2,1,24
9498,0,0,0,1,2,1,1,1,2,2,2,2,1,0,0,1,1,2,2,1,2,24
9499,2,0,1,0,0,1,0,0,1,2,2,0,0,2,1,2,2,0,2,2,2,22
9500,2,0,2,0,2,2,2,1,1,2,2,0,1,2,0,1,2,2,1,1,2,28
9501,0,1,2,0,0,1,2,2,1,1,2,1,1,1,2,1,2,2,2,2,1,27
9502,0,0,1,2,2,1,2,0,2,1,1,1,2,2,0,2,1,2,2,1,1,26
9503,0,2,0,0,1,0,1,2,0,0,0,1,0,0,0,0,0,0,0,2,1,10
9504,0,1,1,0,0,1,2,2,1,0,2,2,0,0,0,0,2,0,1,2,2,19
9505,1,2,0,0,0,1,0,0,2,1,1,1,1,1,2,1,2,1,1,2,2,22
9506,1,0,1,2,2,1,0,1,0,0,2,1,1,1,2,2,0,2,0,2,2,23
9507,1,2,0,0,2,2,1,0,2,1,1,0,1,2,2,1,1,2,0,2,2,25
9508,1,1,1,2,0,0,0,0,1,0,2,1,1,0,2,2,2,1,2,2,0,21
9509,0,0,1,0,1,0,1,1,2,1,2,1,2,1,1,1,1,1,0,1,1,19
9510,1,1,1,2,1,0,0,0,2,1,2,0,1,2,1,2,0,2,1,1,2,23
9511,1,1,2,0,1,2,2,1,1,2,1,2,1,0,0,0,2,0,2,2,0,23
9512,1,0,0,0,2,0,0,2,1,0,0,0,1,2,2,1,2,1,1,2,1,19
9513,0,2,1,2,0,2,2,2,2,0,1,2,1,1,0,0,2,0,2,0,0,22
9514,2,1,0,0,1,1,1,0,1,2,0,1,2,2,1,1,0,1,2,1,2,22
9515,1,1,0,0,2,2,1,2,1,2,0,1,1,2,1,1,2,2,2,1,2,27
9516,1,1,0,0,1,0,1,0,1,1,1,2,2,1,2,1,0,0,2,1,1,19
9517,2,0,1,0,2,0,2,1,0,0,0,0,0,0,2,0,0,1,1,2,2,16
9518,1,2,2,2,0,0,2,0,0,1,0,0,2,0,2,1,0,2,0,0,2,19
9519,0,1,0,0,1,2,0,1,1,2,1,2,1,2,1,2,1,1,2,1,2,24
9520,2,1,0,2,0,0,0,2,1,1,1,1,2,2,2,1,1,1,0,2,2,24
9521,0,0,0,0,1,2,0,1,2,0,0,2,1,2,2,1,0,1,1,1,1,18
9522,0,2,1,0,0,2,2,2,1,0,2,2,1,1,0,2,1,2,2,1,0,24
9523,2,1,0,1,2,0,1,0,1,2,2,1,2,2,1,1,2,1,0,2,2,26
9524,1,2,1,0,2,0,2,2,0,1,0,1,0,0,0,1,0,2,2,0,2,19
9525,1,1,2,1,2,1,2,2,1,1,0,0,0,0,1,2,2,0,0,0,1,20
9526,0,0,1,1,0,1,0,0,1,2,1,0,0,2,0,1,0,2,1,1,2,16
9527,0,2,1,2,1,0,1,2,1,1,0,1,0,0,1,0,2,1,0,0,2,18
9528,0,0,1,2,0,1,2,1,0,2,1,2,1,1,1,2,1,2,1,2,1,24
9529,2,2,1,1,1,0,0,1,2,1,1,0,2,2,0,2,2,0,0,2,2,24
9530,0,2,0,0,2,2,2,0,2,0,1,1,1,0,2,1,0,0,1,2,0,19
9531,1,1,0,0,1,1,0,0,2,1,0,0,2,0,0,0,1,1,2,1,0,14
9532,2,1,1,2,1,2,1,1,2,2,2,0,1,0,1,2,1,0,0,2,2,26
9533,2,2,1,2,1,1,1,0,2,0,2,2,1,0,1,2,2,1,0,1,2,26
9534,1,2,1,0,0,1,2,1,1,2,0,0,0,1,0,1,0,0,0,0,1,14
9535,2,1,2,0,1,1,0,2,0,2,0,2,0,1,0,2,2,2,1,0,1,22
9536,0,0,0,0,2,1,2,1,1,1,1,0,1,0,1,0,2,0,0,1,2,16
9537,2,2,1,1,0,0,2,2,2,0,2,1,2,1,1,1,2,1,2,2,0,27
9538,2,0,1,1,2,1,1,1,0,1,1,0,0,1,2,0,0,0,0,0,1,15
9539,1,1,1,2,0,2,1,1,2,1,0,0,2,2,1,0,2,1,1,2,0,23
9540,2,0,1,1,1,0,0,1,1,0,0,0,2,0,2,0,0,0,1,2,1,15
9541,1,2,0,2,1,2,2,0,2,2,2,0,2,0,1,2,1,1,0,0,1,24
9542,2,0,2,2,0,2,0,0,0,1,1,2,0,0,0,0,2,0,1,1,0,16
9543,0,2,2,0,0,1,0,0,1,1,1,0,2,1,2,1,1,1,2,1,0,19
9544,1,0,2,1,2,0,0,2,1,1,0,0,0,0,0,1,1,0,2,2,1,17
9545,1,0,2,2,1,0,1,2,1,0,0,0,0,0,2,2,1,0,0,2,1,18
9546,2,1,2,0,0,1,2,2,1,2,1,2,1,1,2,2,0,1,2,2,0,27
9547,0,1,2,1,1,0,2,1,2,0,2,2,1,2,2,0,2,2,2,1,0,26
9548,1,2,1,0,2,2,2,2,0,0,2,0,1,0,1,0,1,2,0,0,0,19
9549,1,1,0,0,0,1,1,1,1,1,2,2,1,2,0,0,1,0,2,1,2,20
9550,0,1,0,0,0,0,0,2,0,1,0,1,2,2,0,1,1,2,2,0,1,16
9551,1,0,1,0,0,2,1,1,2,0,2,2,2,2,1,1,1,1,2,1,2,25
9552,0,1,1,2,1,2,2,2,2,1,0,1,2,1,2,1,1,2,2,2,0,28
9553,1,2,0,1,1,0,2,2,0,1,1,1,1,1,0,2,0,0,0,0,0,16
9554,0,1,2,2,0,2,1,1,2,1,0,0,0,2,2,1,0,1,2,1,2,23
9555,2,1,1,1,1,0,2,0,2,1,1,2,2,2,0,0,0,0,1,0,2,21
9556,2,2,2,0,0,2,2,0,2,0,0,1,0,2,2,1,0,0,1,1,1,21
9557,1,1,2,2,2,2,0,1,1,0,2,2,1,0,2,0,1,0,1,2,0,23
9558,2,1,2,1,1,0,1,0,1,0,2,1,1,1,1,0,2,2,1,0,2,22
9559,0,0,1,1,2,2,1,0,2,0,2,2,2,2,2,1,2,1,1,0,1,25
9560,0,2,1,2,1,2,0,0,1,1,2,0,0,0,0,2,2,0,0,2,2,20
9561,0,1,1,2,0,2,0,0,1,1,2,0,1,0,2,1,0,1,2,0,1,18
9562,2,0,0,0,2,1,2,2,2,1,0,0,2,2,0,0,2,0,0,1,0,19
9563,1,1,1,0,2,2,0,2,2,1,1,0,1,0,2,2,1,0,0,1,0,20
9564,2,2,2,1,2,0,2,0,2,1,0,2,1,2,1,2,0,0,1,1,1,25
9565,1,2,2,1,1,0,2,0,1,1,1,0,0,0,1,2,2,2,2,0,0,21
9566,2,1,0,2,1,2,2,1,1,0,2,2,0,2,2,0,1,1,2,0,1,25
9567,2,0,0,2,1,0,0,1,1,1,0,1,0,2,1,2,1,0,0,0,1,16
9568,1,2,2,2,0,0,2,0,0,0,1,2,1,0,0,2,2,0,2,2,1,22
9569,2,0,1,0,2,1,1,1,1,1,1,1,2,1,2,0,1,2,2,0,1,23
9570,0,2,2,0,0,1,2,2,1,1,2,0,1,1,2,0,0,1,1,1,2,22
9571,2,0,2,2,0,1,0,2,2,2,0,1,1,2,2,0,0,1,2,0,0,22
9572,0,0,1,0,2,1,2,2,0,1,0,1,2,0,2,1,0,1,2,1,2,21
9573,2,1,0,1,2,0,0,0,2,2,0,2,0,2,1,0,0,1,0,0,2,18
9574,0,2,2,0,0,1,0,0,0,0,2,2,1,2,0,0,0,0,1,1,1,15
9575,1,2,2,2,1,0,2,2,1,2,1,2,1,1,1,1,2,1,1,1,2,29
9576,0,1,0,0,1,2,0,0,2,0,2,1,0,2,1,0,2,0,2,0,1,17
9577,1,0,2,0,0,1,2,0,2,1,2,1,2,1,0,0,0,2,2,2,0,21
9578,1,0,2,2,2,2,0,0,0,0,2,0,0,1,0,0,2,2,0,0,1,17
9579,1,0,1,0,2,2,1,1,1,2,2,0,0,1,1,1,0,1,0,0,1,18
9580,2,2,2,2,1,0,1,2,1,2,2,1,2,1,0,0,1,0,0,1,0,23
9581,0,0,2,1,2,1,1,2,1,1,2,2,0,0,0,1,2,2,1,0,2,23
9582,2,0,0,2,2,1,0,1,1,1,2,2,2,0,1,2,0,0,0,2,2,23
9583,0,0,2,1,2,0,0,1,2,2,2,1,2,2,1,0,0,1,2,0,2,23
9584,1,1,0,0,0,0,1,0,2,2,0,2,2,0,0,1,1,0,0,2,0,15
9585,1,1,1,1,0,1,0,0,1,1,0,2,2,0,1,0,1,1,0,2,2,18
9586,0,0,1,1,2,0,2,1,0,0,1,1,1,2,0,0,0,1,2,1,0,16
9587,1,1,1,0,2,2,0,2,0,0,2,2,2,2,2,1,2,2,0,1,1,26
9588,0,2,2,0,0,0,1,1,1,1,0,0,2,1,1,0,1,2,0,2,0,17
9589,0,2,0,1,2,1,1,1,1,0,1,0,1,2,0,1,0,0,0,1,2,17
9590,1,1,2,1,2,2,0,0,1,2,2,0,2,2,0,1,0,1,0,1,1,22
9591,0,2,2,2,2,0,0,1,0,1,2,2,1,2,0,0,1,1,2,1,2,24
9592,0,1,0,2,1,0,0,1,1,2,0,1,0,0,1,1,0,2,0,1,2,16
9593,2,2,2,2,0,2,0,1,2,2,2,0,2,1,1,1,0,2,1,1,0,26
9594,0,1,0,1,2,0,0,2,0,2,1,2,2,2,1,1,1,2,0,1,0,21
9595,0,1,1,2,1,1,2,1,0,1,2,1,1,2,1,0,1,1,2,1,0,22
9596,1,2,1,2,2,2,2,2,1,1,2,1,1,0,0,0,1,1,0,1,1,24
9597,2,2,2,0,1,0,2,1,2,2,2,0,0,0,1,2,1,1,1,1,2,25
9598,1,1,2,1,0,1,0,1,2,0,2,2,0,0,0,2,0,1,2,1,0,19
9599,2,2,0,1,2,1,2,0,0,2,0,0,0,0,0,1,2,0,0,0,2,17
9600,0,2,0,2,2,1,1,0,2,0,1,2,1,1,2,2,0,1,0,0,0,20
9601,0,1,1,1,2,0,1,1,1,1,0,0,0,0,1,1,1,0,1,1,1,15
9602,0,1,1,1,2,0,0,2,2,0,1,2,0,2,0,0,2,0,1,1,0,18
9603,0,0,2,2,1,0,2,0,2,1,0,0,0,0,2,2,2,1,2,2,1,22
9604,2,1,2,0,1,2,1,0,0,0,1,1,1,1,1,2,0,1,2,0,0,19
9605,2,1,1,2,2,0,1,2,0,2,2,1,1,1,1,0,1,1,1,1,2,25
9606,2,2,1,1,1,1,0,1,0,1,2,1,0,0,1,1,2,1,2,0,2,22
9607,0,2,1,0,1,0,0,2,2,2,1,0,1,0,1,0,2,2,0,0,1,18
9608,2,2,0,0,2,2,1,1,0,2,2,2,2,1,1,1,0,1,2,2,1,27
9609,0,2,2,2,1,1,0,1,2,0,0,0,1,1,1,2,2,1,2,0,2,23
9610,1,0,1,2,0,1,1,2,1,2,1,2,0,1,1,0,1,1,0,0,2,20
9611,0,0,0,0,0,1,1,2,0,2,0,2,0,0,1,2,0,2,1,0,1,15
9612,2,2,2,1,0,1,0,2,1,0,2,1,0,0,1,0,0,0,2,2,2,21
9613,1,1,2,0,0,1,0,2,0,2,0,2,0,0,1,2,2,1,0,1,1,19
9614,0,0,0,2,2,0,1,1,2,1,2,1,2,1,1,1,2,0,2,2,2,25
9615,2,0,1,0,2,2,0,2,0,0,2,0,0,0,2,1,0,1,0,0,0,15
9616,2,2,2,2,2,0,1,2,0,2,2,0,0,0,0,1,0,2,2,0,0,22
9617,1,1,2,2,2,0,0,0,2,1,1,1,1,2,2,2,0,1,1,2,2,26
9618,1,1,0,2,1,1,1,1,2,0,2,1,1,0,0,2,2,0,0,1,0,19
9619,2,1,1,1,2,2,2,0,1,2,2,2,2,2,2,0,1,0,2,1,0,28
9620,2,2,0,2,1,2,1,0,2,2,1,2,1,2,2,1,2,2,2,0,1,30
9621,2,0,0,0,0,2,2,1,1,0,2,1,0,1,0,0,0,2,2,0,1,17
9622,0,0,1,0,2,0,0,2,1,1,1,1,1,1,1,1,0,0,1,0,0,14
9623,1,1,2,1,2,1,0,1,1,1,0,2,0,2,2,1,0,2,2,0,2,24
9624,1,1,2,2,1,2,2,2,1,1,1,0,2,2,2,1,1,1,1,2,2,30
9625,1,0,0,2,0,2,2,0,0,2,0,0,1,0,0,2,0,2,2,0,2,18
9626,1,2,1,0,2,0,0,1,1,0,0,1,0,1,2,1,2,0,0,1,0,16
9627,2,0,0,1,2,0,1,0,0,2,2,2,1,1,1,1,1,0,0,0,2,19
9628,2,1,2,0,0,1,1,1,0,1,2,1,0,2,2,1,0,1,1,1,2,22
9629,2,1,0,0,1,0,1,1,1,0,1,2,2,0,1,2,1,1,2,1,0,20
9630,2,1,2,1,2,2,1,0,2,0,1,1,1,0,1,2,0,1,0,0,0,20
9631,0,2,2,0,2,0,2,0,2,0,1,2,0,2,2,2,1,0,2,0,0,22
9632,1,2,2,1,1,0,0,0,1,1,1,1,2,2,0,1,1,1,2,2,1,23
9633,2,2,1,1,1,2,2,1,0,1,0,1,2,0,1,0,2,0,0,2,0,21
9634,1,1,1,0,0,0,2,1,2,1,2,0,0,1,0,2,1,1,2,1,2,21
9635,0,0,0,2,0,1,0,0,2,0,1,0,0,2,0,2,2,1,2,1,0,16
9636,1,0,0,2,2,1,2,2,2,2,0,2,2,1,2,0,1,1,0,0,2,25
9637,2,1,2,1,2,2,2,1,0,1,2,1,0,2,0,0,2,2,2,1,1,27
9638,1,0,0,1,1,1,1,1,1,2,0,2,1,2,2,1,2,2,0,0,2,23
9639,2,1,2,0,0,2,2,2,1,0,0,0,2,2,2,0,2,1,1,2,0,24
9640,1,0,1,1,0,2,2,1,0,2,0,1,0,1,2,1,2,1,2,2,2,24
9641,2,1,1,2,0,0,2,2,2,1,0,2,2,2,1,2,1,2,0,2,2,29
9642,2,0,2,2,0,1,1,2,0,1,2,0,0,2,2,2,0,0,2,2,2,25
9643,1,1,0,1,1,2,0,1,0,1,0,0,2,1,1,0,0,1,0,1,2,16
9644,0,0,1,0,1,0,2,1,2,0,0,1,2,1,1,0,1,0,2,2,0,17
9645,0,1,1,2,0,2,0,0,1,0,1,2,0,1,1,0,0,1,1,1,0,15
9646,2,1,1,2,0,1,0,2,1,0,2,0,2,2,0,0,1,0,2,1,0,20
9647,1,1,1,0,0,1,0,0,1,1,0,1,0,1,2,0,1,1,0,1,1,14
9648,0,0,1,2,1,2,1,1,1,1,1,0,0,0,0,2,0,1,0,0,2,16
9649,1,1,0,1,0,2,0,1,0,1,0,1,1,1,1,1,1,1,0,2,0,16
9650,1,2,1,2,0,1,2,1,1,0,2,1,0,1,2,0,2,1,0,2,1,23
9651,2,0,0,1,2,0,2,1,1,1,0,1,0,2,1,1,0,0,0,1,1,17
9652,0,2,0,2,2,2,0,2,2,0,1,1,1,2,1,1,1,2,0,1,2,25
9653,2,2,1,2,0,2,1,2,0,0,1,2,1,0,0,1,0,1,1,2,1,22
9654,2,2,1,0,2,0,1,1,1,2,0,0,0,1,0,2,1,2,1,2,1,22
9655,1,2,2,2,1,0,1,0,0,1,1,1,1,2,0,0,2,1,2,0,2,22
9656,2,1,2,0,1,0,0,1,2,1,1,1,0,1,2,0,1,2,1,0,2,21
9657,2,2,1,0,1,2,0,0,0,1,1,0,2,0,0,2,1,1,2,0,2,20
9658,1,0,0,1,1,2,2,0,1,1,2,1,1,2,2,1,2,1,1,0,0,22
9659,1,1,0,0,2,2,0,2,2,2,0,1,0,2,1,0,2,2,0,0,0,20
9660,2,0,0,2,0,1,0,1,1,1,0,2,1,0,0,2,2,1,0,2,2,20
9661,1,0,2,0,2,2,1,1,0,1,0,1,2,1,0,2,1,2,0,1,1,21
9662,2,0,0,2,2,1,0,2,1,2,2,2,0,1,2,1,0,0,0,1,2,23
9663,2,1,1,1,1,1,0,0,2,2,2,2,2,2,1,0,0,2,1,1,1,25
9664,1,2,0,0,0,2,2,0,1,0,2,1,2,1,2,2,1,1,0,2,2,24
9665,2,2,1,0,1,1,0,1,1,0,0,1,1,0,2,0,2,1,2,1,1,20
9666,0,0,0,2,0,1,0,1,0,2,0,1,1,0,2,0,0,0,1,2,2,15
9667,2,0,1,0,2,0,0,1,0,0,0,0,2,1,0,1,0,0,0,1,0,11
9668,2,2,2,2,0,0,1,2,2,1,1,0,0,1,0,0,2,0,2,2,1,23
9669,2,1,2,2,1,1,1,2,1,0,1,1,2,2,0,0,2,0,1,0,1,23
9670,0,0,0,1,2,2,1,2,1,2,0,2,1,0,1,2,1,2,2,2,2,26
9671,1,0,1,2,2,0,1,0,2,0,0,1,1,1,2,2,2,1,2,0,2,23
9672,0,1,0,1,1,1,1,2,0,2,2,1,2,1,1,0,0,1,1,1,2,21
9673,1,2,2,1,0,1,0,0,0,2,0,0,0,1,2,2,2,2,0,1,0,19
9674,2,1,2,2,2,0,0,1,1,2,2,0,0,1,2,2,0,2,2,0,2,26
9675,0,1,0,0,1,1,1,0,1,2,2,1,0,2,1,1,0,1,0,1,0,16
9676,2,2,2,0,0,2,0,1,1,2,0,0,1,0,0,0,2,0,1,2,1,19
9677,2,1,2,0,2,0,0,1,1,2,0,2,2,1,1,2,1,2,1,2,1,26
9678,1,1,1,1,1,1,0,2,1,1,2,1,1,1,2,1,0,2,0,0,1,21
9679,0,2,0,0,0,1,0,2,2,1,1,0,2,1,1,2,1,1,1,1,1,20
9680,2,2,1,2,1,2,0,1,2,0,0,1,1,0,2,2,2,2,2,1,1,27
9681,0,1,2,2,1,2,2,0,2,0,0,2,2,0,0,0,0,0,2,1,2,21
9682,1,2,2,2,2,0,0,2,0,0,1,2,2,0,0,1,0,0,0,2,2,21
9683,1,0,2,1,1,1,2,0,2,2,2,2,0,0,2,0,1,1,2,2,2,26
9684,2,2,2,1,1,1,0,0,1,1,1,1,2,0,1,2,2,2,2,1,1,26
9685,1,1,1,2,2,2,2,1,0,2,2,1,1,0,2,0,2,2,1,2,1,28
9686,1,0,2,1,1,2,2,0,0,0,2,0,0,2,0,1,1,0,1,1,1,18
9687,0,2,1,1,0,2,1,0,1,0,1,0,2,0,2,0,2,1,2,1,0,19
9688,1,1,0,2,1,1,1,2,2,2,2,2,0,2,1,1,2,0,0,0,1,24
9689,2,0,2,0,1,0,0,0,2,0,1,2,1,1,2,0,0,1,1,1,0,17
9690,0,2,0,1,0,2,1,0,0,1,0,0,1,2,2,2,1,0,0,2,0,17
9691,2,1,2,2,2,0,0,1,1,2,0,1,0,1,2,2,0,2,0,0,2,23
9692,1,0,1,0,2,0,0,1,2,1,2,0,1,1,2,1,1,2,2,2,1,23
9693,0,2,2,2,2,0,2,0,0,0,1,1,1,1,1,1,1,0,0,0,0,17
9694,2,1,2,0,2,0,1,2,1,0,1,1,2,2,0,1,0,1,1,1,1,22
9695,0,2,2,0,1,1,0,2,0,2,2,0,2,0,2,0,1,2,0,0,2,21
9696,2,0,0,1,2,2,2,1,0,1,1,0,0,1,1,2,0,1,0,2,0,19
9697,2,0,0,0,0,0,0,1,2,0,1,0,2,2,0,0,1,2,2,0,0,15
9698,2,2,0,1,1,1,1,1,1,2,2,0,2,2,1,0,2,1,0,0,1,23
9699,0,1,2,2,1,2,0,1,1,0,1,1,1,1,0,0,0,2,2,0,1,19
9700,2,0,1,0,2,0,1,0,1,2,1,0,0,0,1,0,1,2,2,2,1,19
9701,2,2,2,1,0,1,2,1,2,0,0,1,2,1,1,1,0,2,0,2,2,25
9702,2,1,2,1,0,0,0,2,2,1,1,2,2,2,1,2,0,1,1,0,0,23
9703,2,1,2,2,0,0,1,2,1,2,0,2,1,1,0,0,0,0,0,0,1,18
9704,1,2,1,2,0,0,0,1,2,2,2,0,1,1,2,2,0,0,0,0,2,21
9705,1,2,2,2,0,2,2,1,1,1,2,2,1,0,0,0,0,2,1,2,2,26
9706,1,0,1,0,1,0,0,0,1,2,0,0,0,0,0,0,2,0,0,0,2,10
9707,1,2,2,1,2,2,2,0,2,1,0,0,1,2,2,1,2,1,1,1,0,26
9708,1,0,0,1,1,2,1,1,0,1,2,2,0,0,0,2,1,0,1,1,2,19
9709,0,0,1,2,1,0,1,0,0,0,1,0,1,1,1,2,0,0,0,0,2,13
9710,0,1,2,2,1,0,1,2,0,2,0,2,0,1,0,1,2,1,0,2,1,21
9711,2,0,0,0,2,0,2,2,1,1,2,1,2,2,0,1,2,2,2,0,0,24
9712,1,0,0,2,1,1,0,2,1,0,1,2,0,0,1,0,1,2,1,1,1,18
9713,1,2,1,2,1,0,2,2,1,2,0,0,1,2,0,1,1,2,1,1,1,24
9714,1,2,0,0,2,0,0,1,1,0,2,2,2,2,2,0,1,2,1,2,1,24
9715,1,1,0,0,0,0,1,0,0,2,0,0,1,0,1,0,1,1,0,1,1,11
9716,0,1,1,0,0,2,0,1,0,2,0,1,0,1,0,2,2,2,2,1,2,20
9717,0,0,2,2,0,0,0,1,2,1,0,2,0,0,2,1,2,0,2,2,1,20
9718,1,2,2,1,2,1,2,0,2,0,2,0,1,0,0,2,1,0,0,2,2,23
9719,2,0,0,2,1,2,1,1,0,1,1,2,0,1,2,0,0,2,1,0,1,20
9720,0,0,1,2,0,2,0,2,2,0,2,0,2,2,2,0,0,0,0,2,0,19
9721,2,0,2,1,0,2,0,0,1,2,1,2,1,2,1,1,2,2,1,1,2,26
9722,1,0,2,1,0,1,0,2,2,0,1,0,2,1,0,0,2,2,0,1,0,18
9723,2,2,1,2,2,1,0,2,2,1,2,1,1,2,2,1,0,0,1,2,2,29
9724,2,2,1,0,2,0,1,1,1,2,2,1,0,2,0,2,0,0,0,2,2,23
9725,2,1,0,2,2,1,2,1,1,0,1,1,0,1,1,1,0,0,2,1,0,20
9726,2,1,0,1,2,2,0,2,1,1,1,0,0,0,0,1,2,0,2,0,1,19
9727,0,2,0,0,0,2,0,0,1,2,0,2,2,0,0,2,1,2,0,2,2,20
9728,2,0,1,2,0,1,1,2,0,1,0,1,2,1,1,2,2,1,0,0,0,20
9729,0,2,1,1,1,2,2,0,2,1,0,1,2,1,1,2,1,2,2,2,1,27
9730,2,0,1,2,2,2,2,0,2,1,1,1,1,2,0,2,2,2,1,0,2,28
9731,1,1,0,2,0,0,2,2,0,2,0,0,2,2,1,0,0,1,0,0,1,17
9732,2,0,1,2,0,0,1,0,0,1,1,1,0,0,1,2,1,0,0,0,2,15
9733,0,2,0,2,1,0,1,1,0,0,1,0,0,2,2,1,1,1,1,0,1,17
9734,2,0,0,1,1,2,1,1,2,1,1,0,1,0,1,2,0,0,2,1,0,19
9735,0,2,2,1,2,2,1,2,2,2,2,1,0,1,0,2,1,0,2,0,1,26
9736,0,2,0,2,2,2,1,1,1,0,1,1,1,2,0,0,2,1,1,0,0,20
9737,1,2,2,0,2,2,1,1,1,1,0,0,1,0,0,0,1,1,0,0,2,18
9738,0,2,1,1,1,2,2,1,0,1,1,0,1,2,0,1,0,1,1,2,1,21
9739,1,0,0,0,1,0,0,0,2,2,2,2,0,0,1,2,2,2,1,0,2,20
9740,2,1,0,0,2,0,0,2,1,1,2,2,1,2,1,2,0,1,0,0,0,20
9741,1,0,1,2,1,0,1,1,0,2,2,2,0,1,0,1,0,0,1,2,2,20
9742,1,1,2,2,2,1,2,0,0,2,2,1,1,0,1,1,1,2,0,1,1,24
9743,1,1,0,2,1,2,2,1,2,2,1,2,1,1,1,1,2,1,2,1,1,28
9744,2,1,0,0,2,2,1,0,0,1,0,2,1,0,2,0,2,1,0,0,0,17
9745,0,1,2,2,1,1,0,1,0,1,0,0,1,2,0,0,1,0,0,2,2,17
9746,1,2,2,0,2,1,1,1,0,2,2,2,2,2,2,1,1,1,1,0,0,26
9747,1,0,2,2,1,0,1,2,1,1,0,1,2,2,0,2,0,1,1,2,2,24
9748,0,0,0,0,2,1,2,0,0,2,2,1,2,0,0,0,0,0,0,1,2,15
9749,0,0,1,1,1,0,1,0,2,1,0,1,2,2,0,0,2,2,0,1,0,17
9750,2,2,0,1,2,1,2,0,2,0,1,1,1,2,2,0,2,0,2,1,1,25
9751,2,0,1,1,2,0,0,1,2,0,2,2,1,0,2,0,0,0,1,2,2,21
9752,1,1,2,1,1,0,1,1,2,1,0,2,2,0,2,2,1,1,0,0,1,22
9753,2,0,0,0,2,0,1,1,2,1,0,0,2,2,0,2,0,0,0,0,2,17
9754,1,2,0,1,2,1,0,0,1,1,1,1,1,0,0,2,0,1,0,0,2,17
9755,2,0,0,1,0,2,0,0,1,1,2,1,2,2,2,2,2,0,0,0,1,21
9756,1,1,1,0,0,0,2,0,1,0,2,0,0,1,2,0,1,1,1,2,1,17
9757,0,0,1,1,2,0,2,2,0,2,0,0,2,2,1,2,2,0,2,0,1,22
9758,0,2,1,0,0,2,2,0,1,2,1,2,2,0,2,0,2,2,0,1,2,24
9759,2,1,0,2,2,0,2,1,1,2,1,0,2,1,2,2,0,2,1,1,0,25
9760,1,1,2,2,2,2,1,0,2,1,1,1,0,2,1,1,1,2,2,0,2,27
9761,2,0,0,0,2,1,1,0,1,1,2,0,0,2,1,0,2,0,2,1,0,18
9762,1,0,2,1,2,2,2,0,1,2,1,1,1,1,2,1,1,0,0,2,1,24
9763,2,1,1,1,0,1,2,2,2,1,0,1,0,2,0,0,0,2,1,1,2,22
9764,0,1,0,0,1,2,2,1,0,0,0,1,1,2,2,1,2,1,1,2,2,22
9765,1,2,0,1,0,2,2,0,0,0,1,0,1,2,1,1,2,1,0,2,1,20
9766,0,2,1,2,2,0,2,1,0,0,2,2,2,2,1,1,0,2,2,0,1,25
9767,1,0,2,2,2,0,0,0,0,2,1,2,2,0,0,1,1,0,2,0,1,19
9768,2,1,2,2,2,2,0,0,2,1,1,2,2,2,1,0,0,1,2,1,0,26
9769,0,0,2,1,0,0,0,2,1,0,2,0,1,2,2,2,2,2,2,0,1,22
9770,1,0,0,0,2,2,0,2,0,0,1,0,2,2,2,0,1,2,2,2,0,21
9771,1,1,1,1,2,0,0,0,0,0,1,1,1,0,1,2,2,2,2,2,1,21
9772,1,2,1,1,0,1,0,0,1,1,0,0,0,0,2,0,2,0,2,2,2,18
9773,0,1,2,2,2,1,0,1,0,1,2,1,0,0,0,2,1,0,0,0,1,17
9774,0,0,1,1,0,0,2,1,0,1,1,2,0,2,1,0,0,1,2,1,2,18
9775,2,0,2,2,1,2,1,2,0,2,1,0,0,2,1,1,0,2,0,2,1,24
9776,2,2,1,1,0,2,2,0,0,0,2,1,2,1,0,0,1,0,0,2,0,19
9777,1,2,0,0,1,2,0,1,2,1,1,0,1,1,2,0,2,1,0,1,0,19
9778,2,0,0,0,0,0,0,1,2,0,0,0,1,0,1,0,1,2,1,1,2,14
9779,2,2,2,2,1,1,1,0,2,2,2,1,2,0,1,2,1,1,0,0,2,27
9780,1,2,1,0,1,0,0,0,0,2,0,0,0,2,0,1,0,2,2,0,0,14
9781,0,0,0,2,1,2,1,2,2,0,0,2,1,1,0,2,1,1,2,2,2,24
9782,0,1,1,1,1,1,0,2,2,2,1,0,2,1,0,2,1,1,2,1,0,22
9783,0,0,1,1,1,1,0,2,1,2,1,2,2,1,1,2,1,2,0,2,2,25
9784,0,0,1,0,2,0,2,0,2,1,0,2,2,2,2,0,0,1,2,1,0,20
9785,2,0,1,0,2,1,1,1,0,1,1,1,1,0,0,2,2,0,2,2,1,21
9786,2,0,2,2,2,0,1,2,0,1,0,0,0,2,0,1,2,2,2,2,0,23
9787,0,0,1,0,1,0,0,0,0,1,2,1,1,1,1,0,2,1,2,0,0,14
9788,2,2,1,0,0,2,2,1,1,2,2,0,2,1,0,1,1,1,1,1,0,23
9789,2,0,1,1,1,1,2,0,2,2,2,2,0,2,1,1,0,1,1,0,1,23
9790,0,2,0,2,0,2,2,1,2,0,2,1,0,0,1,1,2,2,2,0,2,24
9791,1,0,2,1,1,1,2,2,2,2,2,0,2,0,0,0,2,0,1,0,1,22
9792,1,0,0,1,1,2,0,1,1,2,1,1,0,2,1,1,0,1,1,0,2,19
9793,1,2,1,1,0,0,1,0,1,1,2,0,0,1,1,2,2,0,0,2,1,19
9794,2,2,0,0,1,1,1,0,2,0,0,1,0,1,2,1,1,0,1,1,0,17
9795,1,0,1,1,2,2,1,2,1,2,2,0,0,2,0,1,0,1,1,1,1,22
9796,0,1,2,0,0,0,2,1,2,0,0,2,2,2,1,0,1,1,0,2,0,19
9797,1,2,2,2,2,2,1,0,0,0,0,2,2,0,1,0,1,2,1,0,0,21
9798,0,2,0,0,1,1,0,0,2,2,0,2,0,2,2,1,1,1,0,0,1,18
9799,2,1,2,1,0,1,2,1,0,2,1,2,0,1,2,1,1,0,0,2,1,23
9800,0,0,0,1,0,1,0,0,0,1,0,2,2,1,0,1,0,2,1,1,0,13
9801,0,1,0,1,1,0,0,0,1,2,0,1,2,1,2,2,1,2,0,0,2,19
9802,0,2,0,1,2,0,0,2,2,0,1,2,1,2,2,2,1,1,2,1,1,25
9803,1,1,2,1,2,2,2,1,1,2,2,2,0,0,0,0,0,1,0,1,0,21
9804,1,2,2,2,2,1,0,2,0,1,0,2,2,1,2,0,0,0,1,1,0,22
9805,0,1,0,2,0,1,1,1,1,2,0,0,1,1,2,1,0,0,0,1,2,17
9806,1,2,0,2,1,0,1,2,2,1,0,1,0,2,2,0,1,0,2,2,1,23
9807,1,1,2,2,1,0,0,1,1,0,1,2,0,0,1,0,1,2,0,1,1,18
9808,0,1,1,2,1,2,0,0,2,1,2,2,0,0,1,2,2,2,1,0,0,22
9809,1,0,0,0,2,2,0,0,0,0,2,1,0,1,2,2,2,0,0,0,0,15
9810,0,0,0,0,0,0,0,0,0,2,0,0,0,1,1,2,1,0,2,1,0,10
9811,2,1,0,2,0,2,1,1,0,0,2,0,2,2,2,1,2,1,0,0,1,22
9812,1,1,1,0,1,1,0,1,0,0,0,2,0,0,2,1,2,0,2,0,0,15
9813,0,2,0,0,2,2,2,1,0,1,2,1,0,2,1,0,1,1,2,0,2,22
9814,1,1,0,0,0,1,2,1,2,1,1,0,2,1,2,2,1,1,2,1,1,23
9815,0,1,2,2,2,1,0,1,1,0,0,0,0,2,2,2,2,2,1,2,1,24
9816,1,2,2,1,2,2,2,1,2,2,1,2,0,0,1,2,1,2,0,1,1,28
9817,0,2,0,0,0,1,0,0,0,2,1,2,0,1,0,0,2,2,2,1,1,17
9818,2,2,0,2,0,1,2,1,0,2,2,1,0,0,2,0,1,1,1,2,0,22
9819,2,2,2,1,2,2,0,0,0,1,1,1,2,1,1,1,1,0,0,2,2,24
9820,1,1,2,1,0,2,1,2,0,0,1,1,1,0,0,2,1,1,2,2,2,23
9821,0,2,2,1,2,1,0,2,0,0,0,0,1,1,1,2,0,0,2,0,2,19
9822,2,0,0,0,2,1,1,2,0,1,0,2,1,2,0,2,1,1,1,1,0,20
9823,1,2,0,0,2,1,0,0,2,1,2,1,2,2,0,0,0,1,0,1,1,19
9824,1,0,1,0,0,1,1,2,0,2,1,1,2,0,2,2,0,0,1,0,2,19
9825,0,2,0,1,1,0,2,0,0,0,2,2,1,1,1,1,0,2,0,1,2,19
9826,0,2,0,1,2,0,1,0,0,1,0,0,0,2,2,1,2,1,2,2,2,21
9827,0,0,2,0,1,2,2,0,1,1,0,2,0,2,0,0,1,0,1,2,1,18
9828,2,0,2,2,2,2,1,2,0,0,2,2,2,0,1,1,0,1,2,1,2,27
9829,0,2,1,0,0,1,0,2,1,0,2,0,2,1,0,2,2,1,0,1,2,20
9830,2,2,1,2,0,2,0,1,1,2,0,2,0,0,1,1,2,0,0,0,2,21
9831,0,1,0,2,0,0,0,1,0,1,1,1,2,2,1,2,0,1,0,0,0,15
9832,0,2,2,2,0,0,2,1,2,0,1,0,2,1,2,1,1,2,0,2,0,23
9833,1,2,0,1,0,1,0,1,0,0,1,0,0,0,0,2,1,2,2,1,0,15
9834,1,1,1,1,1,2,1,0,0,2,0,2,1,0,1,0,0,0,1,0,2,17
9835,0,2,0,2,2,0,2,1,0,0,1,1,1,2,0,1,1,0,2,0,2,20
9836,0,2,2,0,0,0,0,1,2,2,2,0,2,2,0,0,1,0,1,2,0,19
9837,1,0,1,1,2,0,0,1,1,2,0,0,2,2,2,0,1,0,1,2,1,20
9838,1,1,0,0,0,2,0,2,0,1,2,2,0,1,1,0,0,2,2,0,1,18
9839,2,0,1,1,1,1,2,2,1,1,0,0,0,2,1,1,1,2,0,1,1,21
9840,1,2,2,2,0,1,1,1,0,2,1,0,1,0,1,0,2,1,2,2,0,22
9841,0,0,2,1,2,2,1,1,1,2,0,2,1,0,2,2,2,2,2,1,1,27
9842,1,1,0,0,0,2,0,1,0,0,2,2,1,2,1,0,1,0,0,1,2,17
9843,0,0,2,1,2,1,1,2,1,1,1,0,1,1,2,2,0,1,0,0,2,21
9844,2,1,0,1,0,2,0,1,2,0,1,2,2,0,0,0,0,2,2,2,1,21
9845,0,0,1,0,0,0,0,0,0,0,0,0,2,0,2,0,0,1,1,2,1,10
9846,1,1,2,0,1,1,1,2,0,1,0,0,1,2,0,1,0,2,2,0,0,18
9847,0,0,0,1,0,2,0,0,0,0,1,1,2,0,0,1,0,0,2,1,1,12
9848,2,0,1,2,2,1,2,2,2,1,1,2,1,2,0,0,0,1,0,1,0,23
9849,1,0,1,2,1,1,2,1,0,1,2,0,2,0,1,0,2,1,1,2,2,23
9850,1,0,1,2,0,1,2,1,1,1,0,2,0,2,0,0,1,1,1,1,1,19
9851,2,2,1,2,1,1,2,1,1,2,0,1,0,2,2,2,0,0,0,1,0,23
9852,0,1,1,1,0,1,1,2,0,2,0,1,1,1,0,2,2,1,0,2,0,19
9853,1,0,1,1,1,1,1,0,1,2,2,1,0,1,2,1,1,1,2,1,1,22
9854,2,1,1,0,2,0,1,2,1,2,0,2,1,0,0,0,0,1,0,0,1,17
9855,1,1,0,0,1,1,1,0,2,1,0,2,2,2,0,1,1,0,0,0,2,18
9856,1,0,0,1,2,1,1,1,1,0,0,0,1,1,0,2,2,1,0,1,0,16
9857,0,2,1,0,1,0,1,2,1,1,2,0,0,1,1,0,0,0,2,0,2,17
9858,1,0,0,0,2,0,1,0,1,2,1,1,0,0,0,1,2,2,1,1,0,16
9859,0,0,2,2,2,2,0,1,2,2,2,2,0,2,1,0,0,1,1,2,2,26
9860,2,1,0,0,1,1,2,0,1,2,1,2,0,2,0,0,2,0,1,0,2,20
9861,1,1,2,1,1,1,1,2,0,0,2,2,1,0,0,1,2,0,2,1,2,23
9862,1,1,1,0,1,2,2,0,1,2,2,2,2,0,1,1,1,1,1,2,0,24
9863,0,0,1,2,1,2,3,2,2,2,2,3,3,2,2,2,2,1,0,0,0,32
9864,0,0,0,1,2,0,1,2,0,0,1,2,3,1,2,1,1,2,0,1,3,23
9865,3,1,3,3,3,2,2,3,2,3,2,2,1,3,1,1,1,2,0,0,2,40
9866,3,3,1,0,3,0,2,2,0,1,0,2,3,1,2,1,2,1,2,0,1,30
9867,1,2,0,3,1,2,1,1,3,1,1,2,3,0,1,0,0,2,0,0,0,24
9868,3,3,3,3,2,3,2,0,2,3,2,3,1,1,1,3,1,0,0,2,3,41
9869,2,1,3,2,1,2,1,3,3,3,1,1,2,2,2,2,2,3,3,0,3,42
9870,0,2,1,1,0,0,0,3,3,3,1,3,3,3,0,0,3,1,3,1,3,34
9871,1,2,3,2,0,2,0,0,3,0,1,1,3,1,2,3,0,0,0,2,1,27
9872,0,1,0,3,1,3,0,0,0,0,0,0,1,1,2,2,3,0,0,2,1,20
9873,3,1,0,0,1,3,3,2,0,3,1,2,1,3,1,3,0,2,0,2,3,34
9874,2,1,1,1,2,0,0,2,2,1,1,2,2,3,1,0,2,3,1,3,1,31
9875,1,2,0,1,1,0,2,0,3,2,0,0,3,0,2,0,1,3,0,3,0,24
9876,1,2,2,3,1,3,3,2,0,1,3,1,1,3,3,2,1,0,2,2,1,37
9877,1,1,1,3,1,3,1,3,1,3,2,0,1,3,2,0,3,1,1,3,3,37
9878,2,0,3,0,1,2,0,0,3,1,1,2,1,1,1,2,2,2,0,1,3,28
9879,1,2,0,1,1,0,3,2,2,0,3,0,3,2,0,0,2,2,1,0,3,28
9880,1,0,0,2,2,3,2,3,2,2,1,0,3,2,1,2,0,3,0,3,3,35
9881,1,0,2,3,3,0,2,2,1,1,2,1,2,3,1,1,3,3,3,0,0,34
9882,1,2,1,2,3,1,0,0,1,2,2,2,2,3,3,0,2,3,1,3,0,34
9883,2,2,1,3,3,3,2,1,1,0,2,1,1,2,0,2,0,3,0,0,0,29
9884,2,2,1,1,3,1,2,3,0,2,2,0,1,3,0,3,1,1,3,3,1,35
9885,1,3,2,1,1,1,2,0,3,2,0,1,2,2,3,3,2,3,2,2,1,37
9886,1,3,1,0,2,3,0,0,3,3,2,1,3,2,2,1,3,1,3,1,3,38
9887,1,1,2,2,2,2,2,2,1,0,1,3,0,3,1,2,1,1,2,0,0,29
9888,3,3,3,1,3,2,0,0,1,3,3,2,0,2,2,3,3,1,1,2,0,38
9889,3,1,0,2,1,1,1,0,3,1,2,0,0,0,1,2,1,0,1,3,3,26
9890,0,2,0,0,1,0,1,3,1,0,3,1,1,0,3,2,2,3,0,2,0,25
9891,3,1,0,2,2,0,1,2,0,0,0,1,0,3,1,3,2,0,0,3,1,25
9892,2,1,3,2,3,1,0,1,0,0,2,3,2,2,3,3,0,2,2,3,2,37
9893,2,1,2,2,1,3,3,3,1,3,2,0,2,1,0,0,3,2,0,1,2,34
9894,0,0,0,0,0,2,2,1,1,0,0,1,0,3,2,0,2,1,3,2,0,20
9895,0,0,2,1,0,1,1,1,2,3,1,0,2,3,1,0,2,1,3,3,1,28
9896,0,2,1,2,1,2,2,3,1,3,3,3,1,2,1,2,2,3,2,0,0,36
9897,0,0,2,3,2,0,3,3,1,3,1,0,3,0,3,3,1,1,0,1,3,33
9898,1,1,1,3,2,1,3,3,2,0,3,2,1,1,1,0,0,2,3,2,0,32
9899,0,3,0,1,0,2,1,0,3,3,3,1,0,1,3,1,0,3,3,1,3,32
9900,2,2,2,3,0,1,0,2,1,2,0,0,0,0,0,2,1,2,2,3,3,28
9901,2,3,2,3,2,3,0,3,1,1,1,0,3,0,0,1,0,2,1,0,1,29
9902,2,3,0,3,3,0,3,1,3,3,2,2,1,3,3,2,2,0,0,1,0,37
9903,3,3,1,0,3,2,0,3,3,3,1,0,2,2,1,1,3,2,3,2,1,39
9904,1,1,0,2,2,0,3,1,2,0,2,3,3,1,0,2,1,2,2,1,1,30
9905,3,2,3,1,1,0,0,1,3,1,2,2,3,3,0,0,0,2,2,0,3,32
9906,3,3,2,0,3,1,3,0,3,0,3,2,2,3,1,1,1,3,1,1,1,37
9907,2,0,3,3,0,2,3,2,0,3,2,3,1,1,1,0,2,3,2,0,2,35
9908,3,0,2,3,2,1,2,1,3,2,1,0,0,1,1,3,0,1,1,1,0,28
9909,0,1,2,0,2,3,0,1,2,1,2,3,0,2,0,2,3,0,2,1,2,29
9910,0,0,0,2,3,1,1,0,1,3,0,0,2,0,1,3,2,3,2,2,0,26
9911,3,3,1,1,2,0,3,2,2,0,1,3,0,3,1,2,1,2,3,0,0,33
9912,2,3,1,1,1,2,1,1,2,3,0,2,0,1,2,3,1,1,2,2,3,34
9913,0,3,0,1,3,0,3,3,0,0,1,2,2,0,3,1,3,0,1,3,1,30
9914,3,3,3,1,3,1,0,2,3,3,1,0,1,2,3,0,3,0,3,0,0,35
9915,1,1,1,1,0,2,1,2,2,0,3,1,3,1,3,2,0,0,0,3,1,28
9916,1,0,1,1,3,3,3,0,2,2,1,0,0,1,0,0,0,0,2,2,1,23
9917,2,3,0,0,3,2,3,2,2,1,2,1,0,3,3,1,2,1,3,2,0,36
9918,0,3,3,3,2,0,2,2,0,0,0,3,0,2,2,3,3,2,2,2,3,37
9919,3,1,2,0,3,3,3,1,2,1,3,1,1,3,3,0,2,2,2,0,3,39
9920,2,2,2,2,2,0,0,2,1,3,3,2,2,3,0,2,3,1,3,0,3,38
9921,0,2,0,1,0,0,1,3,2,0,2,1,2,2,0,2,3,2,1,2,1,27
9922,2,1,3,1,0,1,3,1,1,1,2,2,1,2,2,1,1,2,3,0,2,32
9923,2,3,2,1,0,1,2,2,0,1,2,1,1,0,3,0,0,3,3,0,3,30
9924,3,0,2,3,2,2,1,0,3,0,1,0,0,0,3,3,3,3,1,2,2,34
9925,0,2,1,2,2,1,2,3,1,3,0,1,0,0,3,2,2,2,0,1,1,29
9926,1,1,3,1,2,3,2,2,3,2,1,0,1,1,1,0,0,3,2,3,2,34
9927,1,0,2,3,1,1,1,2,0,1,0,0,3,0,2,1,0,2,2,1,3,26
9928,0,0,3,0,3,0,1,3,1,1,3,1,3,1,2,1,0,0,3,1,0,27
9929,3,0,0,3,3,1,1,3,3,1,0,1,0,0,1,1,3,2,1,2,1,30
9930,1,0,0,0,3,3,1,0,3,3,0,0,3,0,2,0,3,2,3,0,1,28
9931,0,3,0,1,1,2,2,2,0,2,1,1,3,0,2,1,2,1,3,1,2,30
9932,1,0,0,1,0,1,0,2,2,1,1,1,3,1,2,2,1,0,0,0,2,21
9933,2,1,0,2,1,0,0,0,2,1,1,1,2,3,0,3,0,1,3,2,0,25
9934,1,2,1,0,3,0,0,3,2,1,3,3,1,1,1,3,1,2,1,0,3,32
9935,3,3,1,3,3,0,2,3,0,0,0,2,3,1,0,1,2,3,0,0,2,32
9936,2,0,2,1,0,2,0,0,0,1,3,1,3,2,2,2,0,3,3,2,1,30
9937,3,3,0,3,3,1,3,0,0,3,3,3,2,3,0,1,0,1,1,2,3,38
9938,1,2,2,2,0,2,3,2,0,0,1,3,1,1,3,2,0,2,1,0,0,28
9939,2,2,0,1,1,2,1,0,3,2,1,1,0,2,3,1,2,0,1,2,3,30
9940,3,1,0,0,1,3,0,2,0,1,2,1,3,0,1,0,3,1,2,0,2,26
9941,0,3,0,1,3,2,2,0,3,1,1,3,0,0,2,0,2,1,0,3,3,30
9942,2,2,2,3,3,2,0,0,2,0,2,2,2,3,3,1,0,3,2,1,1,36
9943,0,2,2,2,1,0,3,3,0,3,3,2,3,0,3,1,0,1,0,0,3,32
9944,3,3,2,2,2,3,0,0,2,0,1,1,3,3,1,0,0,1,2,2,0,31
9945,0,0,0,2,2,2,3,0,2,2,2,3,0,2,3,2,2,0,2,0,0,29
9946,2,1,0,2,0,3,3,3,2,0,1,0,3,3,0,3,1,2,3,2,0,34
9947,3,3,2,2,0,1,3,2,3,3,1,2,0,1,2,0,3,3,1,3,1,39
9948,2,2,0,2,3,1,1,1,0,0,0,3,3,1,0,3,0,1,0,3,3,29
9949,1,2,1,0,3,0,2,0,1,2,0,3,3,0,1,0,0,2,3,2,0,26
9950,2,0,2,0,0,0,0,3,0,3,1,2,1,1,2,1,2,1,3,2,3,29
9951,1,3,1,0,2,2,1,1,3,2,0,0,2,0,0,3,1,1,0,1,2,26
9952,0,2,2,0,2,0,2,0,2,1,0,1,1,1,3,2,2,1,0,0,3,25
9953,2,3,3,3,3,0,2,2,2,2,3,2,2,1,2,3,3,0,0,3,0,41
9954,2,3,0,0,0,1,2,2,2,2,0,0,3,1,2,2,0,1,1,1,2,27
9955,2,3,0,1,0,3,2,2,0,0,1,1,2,0,1,3,0,2,3,2,0,28
9956,0,3,1,2,1,2,2,1,2,3,1,1,2,1,0,3,2,2,1,3,1,34
9957,1,1,2,0,0,3,1,0,3,0,0,3,2,3,2,2,2,1,3,3,3,35
9958,0,2,0,2,2,2,0,2,1,1,3,0,2,2,0,2,1,2,0,1,1,26
9959,0,0,1,3,3,1,3,2,1,0,1,2,3,1,1,0,2,1,0,1,0,26
9960,1,2,0,3,1,2,3,2,1,3,1,0,1,1,0,1,0,2,3,1,3,31
9961,1,1,1,0,1,3,0,2,1,3,2,1,1,0,0,1,3,2,0,0,3,26
9962,2,2,2,0,3,1,1,2,2,0,1,1,1,1,1,2,0,1,0,1,3,27
9963,0,3,0,3,3,2,0,2,0,3,3,0,1,3,0,3,3,0,2,1,0,32
9964,0,1,0,3,3,2,0,1,3,3,0,3,0,0,1,0,2,1,1,2,1,27
9965,1,2,1,0,0,0,1,3,2,2,2,2,0,3,0,3,0,0,1,3,1,27
9966,3,0,0,0,0,3,0,0,3,0,3,3,1,3,1,2,2,2,0,3,1,30
9967,2,3,2,1,0,1,2,1,1,3,0,3,2,0,0,0,0,3,2,3,3,32
9968,2,1,2,2,1,2,3,0,3,3,0,1,0,2,3,1,0,2,1,2,0,31
9969,1,0,1,3,1,1,0,3,2,3,3,0,3,1,1,1,2,0,3,0,0,29
9970,3,1,3,1,0,0,2,3,3,0,1,0,3,2,0,2,3,3,2,3,2,37
9971,3,2,2,1,1,0,2,3,2,3,1,3,0,2,1,3,1,3,3,3,3,42
9972,2,3,2,3,0,1,3,0,1,2,3,1,3,1,0,0,1,1,3,0,0,30
9973,1,2,2,3,1,0,3,1,3,1,2,3,2,2,2,1,0,0,3,1,3,36
9974,1,0,1,2,2,2,1,3,0,3,2,1,0,2,0,0,2,2,1,2,3,30
9975,1,2,3,1,1,1,3,1,2,3,0,3,0,2,2,1,1,3,1,0,1,32
9976,3,0,3,1,0,0,3,0,0,1,2,3,1,1,3,2,2,0,2,0,1,28
9977,2,3,0,2,3,0,0,0,1,3,1,2,1,1,0,3,3,1,1,2,2,31
9978,3,1,2,2,1,0,0,0,2,2,0,1,1,0,2,0,0,3,0,0,3,23
9979,3,2,3,1,1,1,0,2,0,1,3,1,2,0,2,3,1,0,2,0,1,29
9980,3,2,3,2,0,1,1,1,3,0,1,0,3,1,0,2,0,1,3,0,0,27
9981,3,0,0,2,2,0,1,0,3,0,0,3,2,1,0,2,1,2,2,1,0,25
9982,1,0,2,1,1,0,1,2,0,3,1,3,1,1,2,1,2,2,1,1,2,28
9983,0,2,2,1,1,2,0,0,2,3,0,3,2,3,0,1,2,0,2,3,0,29
9984,2,1,3,0,3,0,3,1,3,3,0,3,2,1,2,2,3,2,2,2,1,39
9985,1,2,3,2,3,2,0,2,2,0,0,2,3,1,0,2,3,0,1,3,1,33
9986,2,3,0,2,1,3,0,2,0,3,0,1,1,2,3,1,3,1,1,2,2,33
9987,3,1,2,0,2,3,0,0,3,3,0,1,2,2,1,2,1,0,0,1,0,27
9988,2,3,3,3,0,3,0,3,0,1,1,1,3,0,3,2,3,1,2,0,0,34
9989,0,1,2,3,3,1,0,3,2,0,3,1,0,0,3,1,2,3,2,0,1,31
9990,2,0,2,1,0,3,1,0,2,0,3,1,0,1,3,2,3,2,1,0,3,30
9991,0,0,1,0,1,2,2,0,0,3,1,2,3,0,2,3,1,2,2,0,2,27
9992,2,2,1,1,0,0,0,2,2,0,0,1,3,3,0,0,0,1,0,0,3,21
9993,1,1,3,0,3,2,3,3,0,0,1,1,1,3,3,1,3,2,0,2,2,35
9994,3,0,3,2,3,3,1,2,2,2,3,1,2,3,0,2,1,0,2,3,0,38
9995,1,1,1,3,2,0,3,0,0,3,1,3,3,0,1,1,2,1,0,1,0,27
9996,1,3,2,3,2,3,2,1,2,3,2,3,1,1,3,2,2,2,0,0,2,40
9997,0,1,2,2,0,0,2,2,0,2,3,1,3,3,3,2,1,0,2,2,2,33
9998,3,0,2,0,3,3,0,3,1,1,0,2,3,1,3,3,0,0,2,0,3,33
9999,3,0,0,3,0,2,3,2,1,3,1,1,0,3,1,3,0,1,0,2,0,29
10000,2,0,0,0,0,2,1,3,1,0,2,3,2,1,2,1,0,2,1,1,2,26
